run_id,attempt_id,campaign_id,purpose,record_kind,model_id,system,topology_id,tp_mode,tp,pp,tp_layout,dataset,rate_scale,offered_rps,seed,duration_s,slo_ttft_s,slo_tpot_s,trace_sha256,profile_sha256,source_sha256,image_digest,model_hash,tokenizer_hash,energy_protocol,measurement_source_sha256,runtime_source_sha256,status,formal_eligible,single_seed,evidence_status,failure_reason,offered_requests,successful_requests,output_tokens,good_output_tokens,success_rate,joint_slo_rate,ttft_p50_s,ttft_p90_s,ttft_p95_s,ttft_p99_s,tpot_p50_s,tpot_p90_s,tpot_p95_s,tpot_p99_s,energy_service_j,energy_cold_start_j,energy_wake_j,energy_park_j,energy_off_j,energy_drain_j,energy_weight_transfer_j,energy_kv_transfer_j,energy_rollback_j,energy_tail_j,energy_total_j,energy_recorded_j,energy_scope,j_per_token,j_per_good_token,instance_count,reconfigurations,artifact_path,artifact_sha256,manifest_path,retention_manifest
410f551b47d2ea61c16d3681,measurement,adaptive-calibrated,historical,experiment_attempt,Qwen2.5-7B-Instruct,pdblend,,,1,,,sharegpt,0.5,8.167853976636192,701,315.97919249534607,5.0,0.15,,,,,,,,,,recorded,False,True,raw_pruned,,2450,2450,783564,782768,1.0,0.9979591836734694,0.28267455101013184,1.0143013000488281,1.595602035522461,2.7072904109954834,0.039288141956068064,0.07282633781433105,0.08210525512695313,0.12862904197782454,273137.87322686816,,,,,,,,,,,287839.04086846684,recorded_interval_not_proven_full_lifecycle,0.3673459230751628,0.3677194786558301,,,/home/pdblend4/results/2026-09-21/pdblend-optimization/adaptive-calibrated/measurement/summary.json,59ecde23327b5fb766bb27d80512001733a68e30b1a921d203912a2a2a405681,,/home/pdblend4/results/maintenance/2026-09-23-history-pruning-v6/plan.json
1ba1c5ce3429d1d4b3384b0f,measurement,adaptive-profile-v2-round6-seed-1701,historical,experiment_attempt,Qwen2.5-7B-Instruct,pdblend,,,1,,,sharegpt,0.5,8.423528405875258,1701,312.1261591911316,5.0,0.15,,,,,,,,,,recorded,False,False,raw_pruned,,2526,2526,788868,788848,1.0,0.998812351543943,0.1755232810974121,0.4233980178833008,0.5280120372772217,0.7786478996276855,0.035058124521945386,0.0552067985077818,0.06359859134839929,0.08171456058820088,354454.8138163226,,,,,,,,,,,367591.288825577,recorded_interval_not_proven_full_lifecycle,0.4659731270955052,0.4659849411110594,,,/home/pdblend4/results/2026-09-21/pdblend-optimization/adaptive-profile-v2-round6-seed-1701/measurement/summary.json,8a602bb1160d9bacb112bb83073bf1200b339410091cd45a6942acf1d6aa0d3c,,/home/pdblend4/results/maintenance/2026-09-23-history-pruning-v6/plan.json
286069bcbe694307da07e522,measurement,adaptive-profile-v2-round6-seed-2701,historical,experiment_attempt,Qwen2.5-7B-Instruct,pdblend,,,1,,,sharegpt,0.5,7.963657575874711,2701,314.8914420604706,5.0,0.15,,,,,,,,,,recorded,False,False,raw_pruned,,2388,2388,750828,750822,1.0,0.9995812395309883,0.17582249641418457,0.44793128967285156,0.623457670211792,0.9176201820373535,0.03514645156070326,0.0718277118366617,0.07600755094315441,0.08688093068306907,343417.41398699314,,,,,,,,,,,356547.0321948388,recorded_interval_not_proven_full_lifecycle,0.4748717844763898,0.4748755792915482,,,/home/pdblend4/results/2026-09-21/pdblend-optimization/adaptive-profile-v2-round6-seed-2701/measurement/summary.json,fb1812ea77dd1146cf717190cfdbc234790c7fc62b9c18806285eef03571f935,,/home/pdblend4/results/maintenance/2026-09-23-history-pruning-v6/plan.json
a65b8ac1228915ee95c4ba13,measurement,adaptive-profile-v2-round6-seed-701,historical,experiment_attempt,Qwen2.5-7B-Instruct,pdblend,,,1,,,sharegpt,0.5,8.167853976636192,701,313.98002529144287,5.0,0.15,,,,,,,,,,recorded,False,True,raw_pruned,,2450,2450,783564,783532,1.0,0.9987755102040816,0.17866778373718262,0.41753125190734863,0.5483198165893555,0.7675137519836426,0.035775298902974324,0.055495154367734306,0.06049538983239068,0.07794102967954149,347530.3312227147,,,,,,,,,,,361109.2529272134,recorded_interval_not_proven_full_lifecycle,0.4608548286128681,0.46087365024940063,,,/home/pdblend4/results/2026-09-21/pdblend-optimization/adaptive-profile-v2-round6-seed-701/measurement/summary.json,3aa182a29f1b8d292352568135cd0389edc956a4d4550b99e86344602904b97f,,/home/pdblend4/results/maintenance/2026-09-23-history-pruning-v6/plan.json
44547a748b532741c63399a2,alpaca-x0.1-distserve_static,eval-7b-v2,historical,experiment_attempt,Qwen2.5-7B-Instruct,distserve_static,,,1,,,alpaca,0.1,18.134624648640383,701,309.5744876861572,1.0,0.1,,,,,,,,,,recorded,False,True,raw_pruned,,5440,5440,758605,758605,1.0,1.0,0.08916234970092773,0.11509275436401367,0.12203669548034668,0.13857674598693848,0.02225229006547194,0.02237720476031977,0.022423455209443062,0.022573126686943903,582682.8382377744,,,,,,,,,,,597360.4864138622,recorded_interval_not_proven_full_lifecycle,0.7874460179063705,0.7874460179063705,,,/home/pdblend4/results/v2/eval-7b-v2/alpaca-x0.1-distserve_static/summary.json,64e95817bd22774f0b7accbef8996beaeeb6882af663174984ad96a201581dec,,/home/pdblend4/results/maintenance/2026-09-23-history-pruning-v6/plan.json
6448b4f7601451a820861c39,alpaca-x0.1-dynamollm,eval-7b-v2,historical,experiment_attempt,Qwen2.5-7B-Instruct,dynamollm,,,1,,,alpaca,0.1,18.134624648640383,701,362.22756028175354,1.0,0.1,,,,,,,,,,recorded,False,True,raw_pruned,,5440,5440,758605,47411,1.0,0.06801470588235294,30.78684902191162,34.62722039222717,35.24325346946716,38.23384642601013,0.10057954788208008,0.1588816670810475,0.17630123984706295,0.19088432595536514,179318.34521584059,,,,,,,,,,,206704.3784464104,recorded_interval_not_proven_full_lifecycle,0.2724795887799453,4.359840088722246,,,/home/pdblend4/results/v2/eval-7b-v2/alpaca-x0.1-dynamollm/summary.json,f62b314bc837560d78e109c96b33026f56a98fe90950c7377c46ab8a017c49c2,,/home/pdblend4/results/maintenance/2026-09-23-history-pruning-v6/plan.json
61c7fe811bc4d19807c79a7f,alpaca-x0.1-ecoserve,eval-7b-v2,historical,experiment_attempt,Qwen2.5-7B-Instruct,ecoserve,,,1,,,alpaca,0.1,18.134624648640383,701,309.59272956848145,1.0,0.1,,,,,,,,,,recorded,False,True,raw_pruned,,5440,5440,758605,758605,1.0,1.0,0.045711517333984375,0.055624961853027344,0.05717039108276367,0.05947256088256836,0.025373068093264253,0.02575075108072032,0.02586981301666588,0.02619827361333938,357783.4199283014,,,,,,,,,,,368717.59271222114,recorded_interval_not_proven_full_lifecycle,0.48604687909019995,0.48604687909019995,,,/home/pdblend4/results/v2/eval-7b-v2/alpaca-x0.1-ecoserve/summary.json,d0287c5825736de1cd6e6ab26fcb090a536e6fca6315f3f0274106c59355a6b9,,/home/pdblend4/results/maintenance/2026-09-23-history-pruning-v6/plan.json
d6a8940a85ac6f23a657613f,alpaca-x0.1-mixed,eval-7b-v2,historical,experiment_attempt,Qwen2.5-7B-Instruct,mixed,,,1,,,alpaca,0.1,18.134624648640383,701,309.2478380203247,1.0,0.1,,,,,,,,,,recorded,False,True,raw_pruned,,5440,5440,758605,,1.0,1.0,0.041602134704589844,0.05026555061340332,,0.053208112716674805,0.022196610768636067,0.022370052475460693,,0.02265950043996175,611200.7125697043,,,,,,,,,,,627695.5784910172,recorded_interval_not_proven_full_lifecycle,0.8274340117597659,,,,/home/pdblend4/results/v2/eval-7b-v2/alpaca-x0.1-mixed/summary.json,d7b110e5e58cf36195e68e46764ed9549a9d813a609dc188106eb142ff17bf5b,,/home/pdblend4/results/maintenance/2026-09-23-history-pruning-v6/plan.json
a325bd332142f17c8e29a0d2,alpaca-x0.2-distserve_static,eval-7b-v2,historical,experiment_attempt,Qwen2.5-7B-Instruct,distserve_static,,,1,,,alpaca,0.2,35.70107824762078,701,309.9496877193451,1.0,0.1,,,,,,,,,,recorded,False,True,raw_pruned,,10710,10710,1499147,1499147,1.0,1.0,0.10799431800842285,0.13879013061523438,0.1487116813659668,0.1994791030883789,0.024867505020236377,0.025241932389456465,0.02531856756943923,0.025840342044830322,607140.6833054568,,,,,,,,,,,624564.8888463702,recorded_interval_not_proven_full_lifecycle,0.4166135067784348,0.4166135067784348,,,/home/pdblend4/results/v2/eval-7b-v2/alpaca-x0.2-distserve_static/summary.json,b8a046cbf737b1a4fa62d5d27e23e64310eff779a299f18c77476c923bfdde0f,,/home/pdblend4/results/maintenance/2026-09-23-history-pruning-v6/plan.json
a6be252a9244fe2b503390fc,alpaca-x0.2-dynamollm,eval-7b-v2,historical,experiment_attempt,Qwen2.5-7B-Instruct,dynamollm,,,1,,,alpaca,0.2,35.70107824762078,701,358.2919924259186,1.0,0.1,,,,,,,,,,recorded,False,True,raw_pruned,,10710,10710,1499147,86214,1.0,0.06816059757236227,30.71318531036377,34.62735557556152,35.55165696144104,36.36960244178772,0.10099755671986363,0.16056618445589463,0.17601040680043017,0.18902465275355748,230112.502831399,,,,,,,,,,,265374.99511307053,recorded_interval_not_proven_full_lifecycle,0.1770173272621501,3.0780963081758244,,,/home/pdblend4/results/v2/eval-7b-v2/alpaca-x0.2-dynamollm/summary.json,0941f366bb4934905d24bebd0a5377964b771723a431b1877674cc0c9d1aa806,,/home/pdblend4/results/maintenance/2026-09-23-history-pruning-v6/plan.json
40dcee9708451251ebacf9ed,alpaca-x0.2-ecoserve,eval-7b-v2,historical,experiment_attempt,Qwen2.5-7B-Instruct,ecoserve,,,1,,,alpaca,0.2,35.70107824762078,701,310.66524600982666,1.0,0.1,,,,,,,,,,recorded,False,True,raw_pruned,,10710,10710,1499147,1499147,1.0,1.0,0.051404476165771484,0.0617215633392334,0.06400036811828613,0.06919074058532715,0.027388927548430687,0.02798364379189231,0.02824422421346184,0.029051814760480608,381731.8569920676,,,,,,,,,,,393923.61418435996,recorded_interval_not_proven_full_lifecycle,0.262765168582107,0.262765168582107,,,/home/pdblend4/results/v2/eval-7b-v2/alpaca-x0.2-ecoserve/summary.json,4ece316391de2625b375519cbef43d7d4a977da5024d3444b02e2ccf4b99b6cf,,/home/pdblend4/results/maintenance/2026-09-23-history-pruning-v6/plan.json
60eb99e1ac4d653f8d5f8708,alpaca-x0.2-mixed,eval-7b-v2,historical,experiment_attempt,Qwen2.5-7B-Instruct,mixed,,,1,,,alpaca,0.2,35.70107824762078,701,310.03286695480347,1.0,0.1,,,,,,,,,,recorded,False,True,raw_pruned,,10710,10710,1499147,,1.0,1.0,0.04340720176696777,0.052069664001464844,,0.056474924087524414,0.022830553752620046,0.023765600045993703,,0.02510636193411691,639529.4873025519,,,,,,,,,,,657614.0742649108,recorded_interval_not_proven_full_lifecycle,0.43865883349992413,,,,/home/pdblend4/results/v2/eval-7b-v2/alpaca-x0.2-mixed/summary.json,011c940e53db1679e333cdb7dccce34fa6b63f88fa55f6090cacad3fc172994d,,/home/pdblend4/results/maintenance/2026-09-23-history-pruning-v6/plan.json
98492b0b562e7dd288df68db,alpaca-x0.3-distserve_static,eval-7b-v2,historical,experiment_attempt,Qwen2.5-7B-Instruct,distserve_static,,,1,,,alpaca,0.3,53.94669885716806,701,311.1279969215393,1.0,0.1,,,,,,,,,,recorded,False,True,raw_pruned,,16184,16184,2263412,2263412,1.0,1.0,0.12645840644836426,0.1650545597076416,0.17921757698059082,0.2116250991821289,0.02587526284375237,0.026070451736450194,0.026170926935532513,0.026882016206089453,624919.8524936927,,,,,,,,,,,644295.6877800168,recorded_interval_not_proven_full_lifecycle,0.28465683127067315,0.28465683127067315,,,/home/pdblend4/results/v2/eval-7b-v2/alpaca-x0.3-distserve_static/summary.json,59470f3d09c4cc71ecdc2362d8e7c192393a78df0846b3204876a35fdcea2ca0,,/home/pdblend4/results/maintenance/2026-09-23-history-pruning-v6/plan.json
71622f02f7c72cecd4e52069,alpaca-x0.3-dynamollm,eval-7b-v2,historical,experiment_attempt,Qwen2.5-7B-Instruct,dynamollm,,,1,,,alpaca,0.3,53.94669885716806,701,380.2328703403473,1.0,0.1,,,,,,,,,,recorded,False,True,raw_pruned,,16184,16184,2263412,131470,1.0,0.06592931290163125,28.375624418258667,41.42940640449524,43.76919412612915,51.788532972335815,0.07604005601671007,0.10456443092097407,0.11751839019156791,0.14312238693237306,290973.7794581873,,,,,,,,,,,347156.0050349192,recorded_interval_not_proven_full_lifecycle,0.15337729279288048,2.6405720319078054,,,/home/pdblend4/results/v2/eval-7b-v2/alpaca-x0.3-dynamollm/summary.json,f999c1bf993995881ae0d2e1e30b154d50b5c4e50f7f16fca263015096429888,,/home/pdblend4/results/maintenance/2026-09-23-history-pruning-v6/plan.json
12c19df287c2880bc10a5382,alpaca-x0.3-ecoserve,eval-7b-v2,historical,experiment_attempt,Qwen2.5-7B-Instruct,ecoserve,,,1,,,alpaca,0.3,53.94669885716806,701,312.0712351799011,1.0,0.1,,,,,,,,,,recorded,False,True,raw_pruned,,16184,16184,2263412,2263412,1.0,1.0,0.06363034248352051,0.07821369171142578,0.082794189453125,0.09598064422607422,0.03251145196997601,0.034253236859343776,0.034917048045567105,0.03647035360336304,422732.2361936482,,,,,,,,,,,436775.38829810935,recorded_interval_not_proven_full_lifecycle,0.19297210949580074,0.19297210949580074,,,/home/pdblend4/results/v2/eval-7b-v2/alpaca-x0.3-ecoserve/summary.json,5514bd0fb29ad68815be1c3627fb59680249b6c402be27f2c52e16157f86989d,,/home/pdblend4/results/maintenance/2026-09-23-history-pruning-v6/plan.json
f734b70a6e9092a5b2d7e7cb,alpaca-x0.3-mixed,eval-7b-v2,historical,experiment_attempt,Qwen2.5-7B-Instruct,mixed,,,1,,,alpaca,0.3,53.94669885716806,701,311.2315926551819,1.0,0.1,,,,,,,,,,recorded,False,True,raw_pruned,,16184,16184,2263412,,1.0,1.0,0.04731130599975586,0.0561373233795166,,0.06156492233276367,0.02563259282062963,0.025954416819981167,,0.026404341061909992,661611.0615850633,,,,,,,,,,,681723.4339059535,recorded_interval_not_proven_full_lifecycle,0.3011928159371575,,,,/home/pdblend4/results/v2/eval-7b-v2/alpaca-x0.3-mixed/summary.json,d78cf4da52f3982a8a0a1dde0c6f1f913f2e8a54f154e8da318ace70ae71644e,,/home/pdblend4/results/maintenance/2026-09-23-history-pruning-v6/plan.json
00676298651d5d7d90dfa227,alpaca-x0.4-distserve_static,eval-7b-v2,historical,experiment_attempt,Qwen2.5-7B-Instruct,distserve_static,,,1,,,alpaca,0.4,71.98049833728547,701,310.4503982067108,1.0,0.1,,,,,,,,,,recorded,False,True,raw_pruned,,21594,21594,3017469,3017305,1.0,0.9998610725201444,0.15395355224609375,0.219390869140625,0.24985170364379883,0.49254536628723145,0.026364589307088494,0.026661157608032227,0.02680659294128418,0.027969933207124573,638125.0388068117,,,,,,,,,,,657494.927958405,recorded_interval_not_proven_full_lifecycle,0.21789616660797675,0.21790800994874732,,,/home/pdblend4/results/v2/eval-7b-v2/alpaca-x0.4-distserve_static/summary.json,1d9f3aadd1776a215bf966b32f67b2761f13617cf5a94aa79d54376339e06994,,/home/pdblend4/results/maintenance/2026-09-23-history-pruning-v6/plan.json
c64eace3d98473b27d8147a2,alpaca-x0.4-dynamollm,eval-7b-v2,historical,experiment_attempt,Qwen2.5-7B-Instruct,dynamollm,,,1,,,alpaca,0.4,71.98049833728547,701,357.11747193336487,1.0,0.1,,,,,,,,,,recorded,False,True,raw_pruned,,21594,21594,3017469,163432,1.0,0.06020190793739002,37.97882318496704,40.00265717506409,40.3893039226532,40.857787132263184,0.07773172855377197,0.11048031936992299,0.12702214265171485,0.16077999394349377,334728.0795183667,,,,,,,,,,,395503.69893539464,recorded_interval_not_proven_full_lifecycle,0.13107133791114164,2.419989346856152,,,/home/pdblend4/results/v2/eval-7b-v2/alpaca-x0.4-dynamollm/summary.json,ad6aded80577912cc869071bc42d98a6b50db9d7bb35a82f9015a0e476524761,,/home/pdblend4/results/maintenance/2026-09-23-history-pruning-v6/plan.json
a35268f0b0297d01aca94c30,alpaca-x0.4-ecoserve,eval-7b-v2,historical,experiment_attempt,Qwen2.5-7B-Instruct,ecoserve,,,1,,,alpaca,0.4,71.98049833728547,701,313.6503851413727,1.0,0.1,,,,,,,,,,recorded,False,True,raw_pruned,,21594,21594,3017469,3017344,1.0,0.9994442900805779,0.13250517845153809,0.17256641387939453,0.18778204917907715,0.24724602699279785,0.06692538942609515,0.07331401109695435,0.07484773794809978,0.07951879501342773,422154.4024934251,,,,,,,,,,,440113.6023815758,recorded_interval_not_proven_full_lifecycle,0.1458552191858726,0.1458612615537293,,,/home/pdblend4/results/v2/eval-7b-v2/alpaca-x0.4-ecoserve/summary.json,9ca5306d5b4d67e913fe92d7210b2a7dbc0353b47d53a648b655a57cf73bcbc2,,/home/pdblend4/results/maintenance/2026-09-23-history-pruning-v6/plan.json
16b467ee30293ffb50f1a2bf,alpaca-x0.4-mixed,eval-7b-v2,historical,experiment_attempt,Qwen2.5-7B-Instruct,mixed,,,1,,,alpaca,0.4,71.98049833728547,701,310.2743921279907,1.0,0.1,,,,,,,,,,recorded,False,True,raw_pruned,,21594,21594,3017469,,1.0,1.0,0.04992866516113281,0.05894207954406738,,0.07479071617126465,0.026392589915882458,0.02669222135070368,,0.02743670145670573,692274.4667304377,,,,,,,,,,,712944.6618678243,recorded_interval_not_proven_full_lifecycle,0.23627240640014008,,,,/home/pdblend4/results/v2/eval-7b-v2/alpaca-x0.4-mixed/summary.json,9bf894dc77ca4d4521f968bebfb742dee0bed710379c9fb486085250dbda522f,,/home/pdblend4/results/maintenance/2026-09-23-history-pruning-v6/plan.json
f6b22121739fec96e1b538ef,alpaca-x0.5-distserve_static,eval-7b-v2,historical,experiment_attempt,Qwen2.5-7B-Instruct,distserve_static,,,1,,,alpaca,0.5,89.93820241668405,701,310.3577308654785,1.0,0.1,,,,,,,,,,recorded,False,True,raw_pruned,,26981,26981,3763932,3736784,1.0,0.9928838812497683,0.2062530517578125,0.30822038650512695,0.3525054454803467,0.8794174194335938,0.027082722837274725,0.027489968708583286,0.027631647446576285,0.028576724473820175,648526.6299475685,,,,,,,,,,,667472.1235719674,recorded_interval_not_proven_full_lifecycle,0.17733373598990826,0.17862207812171305,,,/home/pdblend4/results/v2/eval-7b-v2/alpaca-x0.5-distserve_static/summary.json,6591c8fa69b65ec45c5df2270b9302385f24a53db4a1ca36b0f50a4bc8eb4882,,/home/pdblend4/results/maintenance/2026-09-23-history-pruning-v6/plan.json
fd075f60f66d003ef0640ba8,alpaca-x0.5-dynamollm,eval-7b-v2,historical,experiment_attempt,Qwen2.5-7B-Instruct,dynamollm,,,1,,,alpaca,0.5,89.93820241668405,701,390.389084815979,1.0,0.1,,,,,,,,,,recorded,False,True,raw_pruned,,26981,26981,3763932,279269,1.0,0.07101293502835329,37.560157775878906,65.35016798973083,69.79619598388672,72.52026915550232,0.07557504354085465,0.08328429135409268,0.09282403227723675,0.12852705849541557,378511.2508647472,,,,,,,,,,,480524.1988098901,recorded_interval_not_proven_full_lifecycle,0.12766548354483823,1.7206499783717135,,,/home/pdblend4/results/v2/eval-7b-v2/alpaca-x0.5-dynamollm/summary.json,03d62fce2ec3b57fe7a47e25f7ea9d49662faf9569dc4efd3b1e58d2690106f3,,/home/pdblend4/results/maintenance/2026-09-23-history-pruning-v6/plan.json
6b799b9843b9f952f8739ab1,alpaca-x0.5-ecoserve,eval-7b-v2,historical,experiment_attempt,Qwen2.5-7B-Instruct,ecoserve,,,1,,,alpaca,0.5,89.93820241668405,701,312.1127243041992,1.0,0.1,,,,,,,,,,recorded,False,True,raw_pruned,,26981,26981,3763932,3207206,1.0,0.8560839109002631,0.1320326328277588,1.433525800704956,1.7853384017944336,2.294159412384033,0.05825581214797329,0.07446985244750977,0.07610492794602006,0.08008674780527751,515718.40000882035,,,,,,,,,,,535100.6461533117,recorded_interval_not_proven_full_lifecycle,0.14216533299573736,0.1668432417977865,,,/home/pdblend4/results/v2/eval-7b-v2/alpaca-x0.5-ecoserve/summary.json,9c5adeb11f3f3bb6d9c46fdc751431c18e60ac327a1e19328084e38b7e4e4f44,,/home/pdblend4/results/maintenance/2026-09-23-history-pruning-v6/plan.json
d1393772b6fd0c12e71187ae,alpaca-x0.5-mixed,eval-7b-v2,historical,experiment_attempt,Qwen2.5-7B-Instruct,mixed,,,1,,,alpaca,0.5,89.93820241668405,701,310.24635672569275,1.0,0.1,,,,,,,,,,recorded,False,True,raw_pruned,,26981,26981,3763932,,1.0,1.0,0.05263400077819824,0.06194901466369629,,0.09083271026611328,0.0271355060108921,0.027558194266425237,,0.028601566950480144,715067.603070217,,,,,,,,,,,735370.2263642896,recorded_interval_not_proven_full_lifecycle,0.19537287771518977,,,,/home/pdblend4/results/v2/eval-7b-v2/alpaca-x0.5-mixed/summary.json,2ff8411adc4d428b705be79af03f5cee17d2fc282acb082b83a5531e16a78295,,/home/pdblend4/results/maintenance/2026-09-23-history-pruning-v6/plan.json
b0ecd8cfcb27af857719bc6f,alpaca-x0.5-mixed_dvfs,eval-7b-v2,historical,experiment_attempt,Qwen2.5-7B-Instruct,mixed_dvfs,,,1,,,alpaca,0.5,89.93820241668405,701,312.543349981308,1.0,0.1,,,,,,,,,,recorded,False,True,raw_pruned,,26981,26981,3763932,3763873,1.0,0.9995181794596197,0.06108593940734863,0.14589929580688477,0.17399263381958008,0.24824833869934082,0.027929578508649553,0.05880681814345638,0.06723652945624457,0.07959481386037973,647832.039073454,,,,,,,,,,,666715.0994969909,recorded_interval_not_proven_full_lifecycle,0.17713261012605724,0.1771353867404641,,,/home/pdblend4/results/v2/eval-7b-v2/alpaca-x0.5-mixed_dvfs/summary.json,c7be0062f096da1436a50566cdf46f9ff8cccabeb52026c9a88c998c45527210,,/home/pdblend4/results/maintenance/2026-09-23-history-pruning-v6/plan.json
ecfb876e3d07c6a0e5e526bc,alpaca-x0.5-mixed_dvfs_park,eval-7b-v2,historical,experiment_attempt,Qwen2.5-7B-Instruct,mixed_dvfs_park,,,1,,,alpaca,0.5,89.93820241668405,701,311.7185728549957,1.0,0.1,,,,,,,,,,recorded,False,True,raw_pruned,,26981,26981,3763932,3761261,1.0,0.995589488899596,0.06261134147644043,0.1196141242980957,0.14875531196594238,0.23620223999023438,0.029900894684045495,0.04806147302900042,0.05311643543528087,0.08933625221252442,566143.7921710965,,,,,,,,,,,581214.5882663707,recorded_interval_not_proven_full_lifecycle,0.15441686732554433,0.1545265240211649,,,/home/pdblend4/results/v2/eval-7b-v2/alpaca-x0.5-mixed_dvfs_park/summary.json,d4bf987fe501a2d8a8075dd9639331f0377b1520d95c6e16be89571644ed28c0,,/home/pdblend4/results/maintenance/2026-09-23-history-pruning-v6/plan.json
8d852168a62b3340635d66c6,alpaca-x0.5-static_best,eval-7b-v2,historical,experiment_attempt,Qwen2.5-7B-Instruct,static_best,,,1,,,alpaca,0.5,89.93820241668405,701,313.2543156147003,1.0,0.1,,,,,,,,,,recorded,False,True,raw_pruned,,26981,26981,3763932,3761537,1.0,0.9987027908528223,0.1308612823486328,0.1718430519104004,0.1933434009552002,0.2647213935852051,0.06501666430769296,0.06942358564157955,0.0711211074482311,0.07666233607700892,407618.8342808093,,,,,,,,,,,424721.55646492983,recorded_interval_not_proven_full_lifecycle,0.11283985907952902,0.11291170509951912,,,/home/pdblend4/results/v2/eval-7b-v2/alpaca-x0.5-static_best/summary.json,ab3c770b80828857a858876df9d0a6c094b8df6a8da833149c350e410c4a14be,,/home/pdblend4/results/maintenance/2026-09-23-history-pruning-v6/plan.json
6719233aed68828571d2f5e7,alpaca-x0.6-distserve_static,eval-7b-v2,historical,experiment_attempt,Qwen2.5-7B-Instruct,distserve_static,,,1,,,alpaca,0.6,108.04376237978332,701,312.3876495361328,1.0,0.1,,,,,,,,,,recorded,False,True,raw_pruned,,32413,32413,4525305,4464022,1.0,0.9866720143152439,0.3433072566986084,0.5366842746734619,0.65059494972229,1.1130731105804443,0.028016070524851482,0.028746951710094105,0.029066264629364014,0.03040599822998047,685479.4615184527,,,,,,,,,,,707608.5831302939,recorded_interval_not_proven_full_lifecycle,0.15636704777474533,0.1585136863416654,,,/home/pdblend4/results/v2/eval-7b-v2/alpaca-x0.6-distserve_static/summary.json,67d7e4bdb0c8163a3bf5d5cbe138c667ae50955881f307ff15436ec1430c49bb,,/home/pdblend4/results/maintenance/2026-09-23-history-pruning-v6/plan.json
efdf316c43ab09d9eae55216,alpaca-x0.6-dynamollm,eval-7b-v2,historical,experiment_attempt,Qwen2.5-7B-Instruct,dynamollm,,,1,,,alpaca,0.6,108.04376237978332,701,382.775461435318,1.0,0.1,,,,,,,,,,recorded,False,True,raw_pruned,,32413,32413,4525305,261908,1.0,0.06414093110788881,50.185768842697144,64.71984720230103,66.26944875717163,68.08149099349976,0.07734950545693742,0.10017905452034691,0.10745633732188832,0.12984765659679065,408433.40624341456,,,,,,,,,,,528766.2418241814,recorded_interval_not_proven_full_lifecycle,0.11684654223840855,2.0189006896474386,,,/home/pdblend4/results/v2/eval-7b-v2/alpaca-x0.6-dynamollm/summary.json,c7daa60e2a9bdbc64cdee4ba7857c4923dcac62f07add864ac0aa220819570dc,,/home/pdblend4/results/maintenance/2026-09-23-history-pruning-v6/plan.json
20f7a022d03416638950ddf0,alpaca-x0.6-ecoserve,eval-7b-v2,historical,experiment_attempt,Qwen2.5-7B-Instruct,ecoserve,,,1,,,alpaca,0.6,108.04376237978332,701,312.74810242652893,1.0,0.1,,,,,,,,,,recorded,False,True,raw_pruned,,32413,32413,4525305,3987252,1.0,0.880264091568198,0.1453554630279541,1.2239739894866943,1.7437019348144531,2.3209352493286133,0.05535564663704862,0.07342892017179323,0.0757119809427569,0.08122668947492327,591785.1185772705,,,,,,,,,,,615259.2740856492,recorded_interval_not_proven_full_lifecycle,0.13595973621350366,0.1543065936353281,,,/home/pdblend4/results/v2/eval-7b-v2/alpaca-x0.6-ecoserve/summary.json,1fe48a56c114b4b570f41893faaf7562721b5f0137cac1557bedeb8839ed5783,,/home/pdblend4/results/maintenance/2026-09-23-history-pruning-v6/plan.json
722c1f8abf90840882db9ee4,alpaca-x0.6-mixed,eval-7b-v2,historical,experiment_attempt,Qwen2.5-7B-Instruct,mixed,,,1,,,alpaca,0.6,108.04376237978332,701,311.6874146461487,1.0,0.1,,,,,,,,,,recorded,False,True,raw_pruned,,32413,32413,4525305,,1.0,0.9999691481812852,0.0577700138092041,0.07026386260986328,,0.13345932960510254,0.028268664088470258,0.02888519474954316,,0.030688822269439697,735727.594505571,,,,,,,,,,,758826.6200393942,recorded_interval_not_proven_full_lifecycle,0.1676851880789017,,,,/home/pdblend4/results/v2/eval-7b-v2/alpaca-x0.6-mixed/summary.json,e9164a32e2f056ccaf565496af86f6e41149b690c266d4540c0da47d96fa2a8b,,/home/pdblend4/results/maintenance/2026-09-23-history-pruning-v6/plan.json
4fb7b51a8fa6ebca386a07c5,alpaca-x0.7-distserve_static,eval-7b-v2,historical,experiment_attempt,Qwen2.5-7B-Instruct,distserve_static,,,1,,,alpaca,0.7,126.27077910794624,701,313.3655495643616,1.0,0.1,,,,,,,,,,recorded,False,True,raw_pruned,,37881,37881,5284494,377663,1.0,0.07230537736596183,1.6085493564605713,2.258690118789673,2.4472267627716064,2.767455816268921,0.029758136404499022,0.030832604358070774,0.031580177942911784,0.03699435293674469,778939.259908503,,,,,,,,,,,805597.3689897987,recorded_interval_not_proven_full_lifecycle,0.15244550736358084,2.1331117133258983,,,/home/pdblend4/results/v2/eval-7b-v2/alpaca-x0.7-distserve_static/summary.json,3c22b2980aa3917acc6da23bceb589d3115d38f943148b466d097181f3e6481d,,/home/pdblend4/results/maintenance/2026-09-23-history-pruning-v6/plan.json
551a7da42e8a8c78c121eb78,alpaca-x0.7-dynamollm,eval-7b-v2,historical,experiment_attempt,Qwen2.5-7B-Instruct,dynamollm,,,1,,,alpaca,0.7,126.27077910794624,701,583.6547291278839,1.0,0.1,,,,,,,,,,recorded,False,True,raw_pruned,,37881,37881,5284494,269822,1.0,0.0555159578680605,116.5128526687622,230.19026589393616,243.3098258972168,254.09321689605713,0.14059222828258167,0.14745303841887927,0.15302356806668369,0.18336224555969238,354970.81280914275,,,,,,,,,,,662226.7160108465,recorded_interval_not_proven_full_lifecycle,0.12531506630736008,2.4543095670881048,,,/home/pdblend4/results/v2/eval-7b-v2/alpaca-x0.7-dynamollm/summary.json,556d8db5cba9967faabafef0701a5cc9e19c166335e18c13b8dafcd2ccba5da9,,/home/pdblend4/results/maintenance/2026-09-23-history-pruning-v6/plan.json
19fb989283ee5ffb6ce62bfe,alpaca-x0.7-ecoserve,eval-7b-v2,historical,experiment_attempt,Qwen2.5-7B-Instruct,ecoserve,,,1,,,alpaca,0.7,126.27077910794624,701,313.85571789741516,1.0,0.1,,,,,,,,,,recorded,False,True,raw_pruned,,37881,37881,5284494,4683180,1.0,0.883503603389562,0.1875932216644287,1.174938440322876,1.7556860446929932,2.4432120323181152,0.05421137248768526,0.0728465055490469,0.07605930250518177,0.08505556318495008,652969.5020729405,,,,,,,,,,,677216.3794042608,recorded_interval_not_proven_full_lifecycle,0.128151603427738,0.1446060965848549,,,/home/pdblend4/results/v2/eval-7b-v2/alpaca-x0.7-ecoserve/summary.json,7c5f519c42133b74ce260b6948635e492adbab97ea4965ba76bc795ac88640fa,,/home/pdblend4/results/maintenance/2026-09-23-history-pruning-v6/plan.json
6d65a4d9a2e865c99a734a1f,alpaca-x0.7-mixed,eval-7b-v2,historical,experiment_attempt,Qwen2.5-7B-Instruct,mixed,,,1,,,alpaca,0.7,126.27077910794624,701,311.8019988536835,1.0,0.1,,,,,,,,,,recorded,False,True,raw_pruned,,37881,37881,5284494,,1.0,0.9998944061666799,0.0648801326751709,0.08650016784667969,,0.16742610931396484,0.03048867601336855,0.031357689907676296,,0.034057581424713136,805449.9078897618,,,,,,,,,,,830686.7859452608,recorded_interval_not_proven_full_lifecycle,0.15719324990155364,,,,/home/pdblend4/results/v2/eval-7b-v2/alpaca-x0.7-mixed/summary.json,915c58c30bc4f3504588ef19a98e61d50d8c104674871ee017b85f7b4d7b6ba8,,/home/pdblend4/results/maintenance/2026-09-23-history-pruning-v6/plan.json
18b8bdf23d362775c87c9cb6,alpaca-x0.8-distserve_static,eval-7b-v2,historical,experiment_attempt,Qwen2.5-7B-Instruct,distserve_static,,,1,,,alpaca,0.8,144.53340853035454,701,351.94527220726013,1.0,0.1,,,,,,,,,,recorded,False,True,raw_pruned,,43360,43360,6064199,59381,1.0,0.00934040590405904,21.254578828811646,35.76226615905762,38.243956327438354,39.90956449508667,0.03013686819390936,0.032652815183003746,0.03578863143920898,0.05821694027293812,772988.2142688492,,,,,,,,,,,900853.9157947497,recorded_interval_not_proven_full_lifecycle,0.14855282878987805,15.17074343299624,,,/home/pdblend4/results/v2/eval-7b-v2/alpaca-x0.8-distserve_static/summary.json,dad7e70677bafd1a522e86e3c8581f9c3f6944abdccd7f608836ae02aa6b2833,,/home/pdblend4/results/maintenance/2026-09-23-history-pruning-v6/plan.json
94983d2be4bdff8beeb318ef,alpaca-x0.8-dynamollm,eval-7b-v2,historical,experiment_attempt,Qwen2.5-7B-Instruct,dynamollm,,,1,,,alpaca,0.8,144.53340853035454,701,546.6187624931335,1.0,0.1,,,,,,,,,,recorded,False,True,raw_pruned,,43360,43360,6064199,332273,1.0,0.05929428044280443,101.29875493049622,199.0202054977417,211.8900589942932,222.02602815628052,0.11452516913414001,0.12013131380081177,0.12453083558516069,0.14313936233520508,393195.49778254464,,,,,,,,,,,690483.5866975778,recorded_interval_not_proven_full_lifecycle,0.11386229025425747,2.0780610723639232,,,/home/pdblend4/results/v2/eval-7b-v2/alpaca-x0.8-dynamollm/summary.json,634df98b11e33570daad08cacc88a1868f2d0d585597dc16be9cf3b6e8053068,,/home/pdblend4/results/maintenance/2026-09-23-history-pruning-v6/plan.json
fb46cb7361002f9e039cb55e,alpaca-x0.8-ecoserve,eval-7b-v2,historical,experiment_attempt,Qwen2.5-7B-Instruct,ecoserve,,,1,,,alpaca,0.8,144.53340853035454,701,316.93885827064514,1.0,0.1,,,,,,,,,,recorded,False,True,raw_pruned,,43360,43360,6064199,5363468,1.0,0.8788976014760148,0.2654571533203125,1.193873643875122,1.7779631614685059,2.398491621017456,0.055078188084667516,0.07377261320749919,0.07798714152837204,0.09107288718223572,709906.5470913302,,,,,,,,,,,739484.7669369822,recorded_interval_not_proven_full_lifecycle,0.12194269464722088,0.13787436914641463,,,/home/pdblend4/results/v2/eval-7b-v2/alpaca-x0.8-ecoserve/summary.json,98da540aaff5e0088cb0ce3637d7293454275d2594de67ac7e6094e4e92320b4,,/home/pdblend4/results/maintenance/2026-09-23-history-pruning-v6/plan.json
7982a9410401f723478cdf8c,alpaca-x0.8-mixed,eval-7b-v2,historical,experiment_attempt,Qwen2.5-7B-Instruct,mixed,,,1,,,alpaca,0.8,144.53340853035454,701,312.4398169517517,1.0,0.1,,,,,,,,,,recorded,False,True,raw_pruned,,43360,43360,6064199,,1.0,0.9996771217712177,0.164473295211792,0.287306547164917,,0.49976658821105957,0.03523943010641604,0.038038164377212524,,0.04810126622517904,803263.0123961873,,,,,,,,,,,830753.8707304745,recorded_interval_not_proven_full_lifecycle,0.1369931743220291,,,,/home/pdblend4/results/v2/eval-7b-v2/alpaca-x0.8-mixed/summary.json,c5e38479ce623d1aad5ffb442d1176bff72ac4e37a203438b6e4ccceb807c335,,/home/pdblend4/results/maintenance/2026-09-23-history-pruning-v6/plan.json
576c086f3853f3a530796d2f,alpaca-x0.9-distserve_static,eval-7b-v2,historical,experiment_attempt,Qwen2.5-7B-Instruct,distserve_static,,,1,,,alpaca,0.9,162.6600990057469,701,393.19048738479614,1.0,0.1,,,,,,,,,,recorded,False,True,raw_pruned,,48796,48796,6822987,56808,1.0,0.008340847610459874,39.898268699645996,73.73617243766785,77.15883421897888,80.68615126609802,0.0302330686159783,0.03298098186276994,0.03624288241068522,0.055892842156546454,773114.083601689,,,,,,,,,,,1009710.5906696416,recorded_interval_not_proven_full_lifecycle,0.14798659160125055,17.77409151298482,,,/home/pdblend4/results/v2/eval-7b-v2/alpaca-x0.9-distserve_static/summary.json,d1241b122ced646b811e127617348d277abf56cd027392cbd3f47eef491cffca,,/home/pdblend4/results/maintenance/2026-09-23-history-pruning-v6/plan.json
2d0c1871618819b17920c458,alpaca-x0.9-dynamollm,eval-7b-v2,historical,experiment_attempt,Qwen2.5-7B-Instruct,dynamollm,,,1,,,alpaca,0.9,162.6600990057469,701,608.3526215553284,1.0,0.1,,,,,,,,,,recorded,False,True,raw_pruned,,48796,48796,6822987,370212,1.0,0.057443233051889496,130.65314102172852,255.35424709320068,270.744460105896,283.27651619911194,0.11402199632030423,0.11961087687262173,0.124321663154746,0.14596850531441824,396825.91983381106,,,,,,,,,,,769979.2131573521,recorded_interval_not_proven_full_lifecycle,0.11285075190050224,2.07983321220639,,,/home/pdblend4/results/v2/eval-7b-v2/alpaca-x0.9-dynamollm/summary.json,249efbdaf754209edf66948d0e464ca9b1e316037df6723dabf96dcc0f35f42d,,/home/pdblend4/results/maintenance/2026-09-23-history-pruning-v6/plan.json
9419d1f01e025a703683d874,alpaca-x0.9-ecoserve,eval-7b-v2,historical,experiment_attempt,Qwen2.5-7B-Instruct,ecoserve,,,1,,,alpaca,0.9,162.6600990057469,701,316.6854736804962,1.0,0.1,,,,,,,,,,recorded,False,True,raw_pruned,,48796,48796,6822987,5978592,1.0,0.8699483564226576,0.40415072441101074,1.2124791145324707,1.7447657585144043,2.389557361602783,0.056066146263709433,0.07640605502658421,0.08167296648025513,0.09858986309596471,765265.966481337,,,,,,,,,,,798080.2973828508,recorded_interval_not_proven_full_lifecycle,0.1169693416362732,0.13348967405416706,,,/home/pdblend4/results/v2/eval-7b-v2/alpaca-x0.9-ecoserve/summary.json,6cb7bc2aca9960e67cf1a7ba274c96208e0399a519d29a131376af67a4e6aacd,,/home/pdblend4/results/maintenance/2026-09-23-history-pruning-v6/plan.json
702ee42b60ce29d6494b18ab,alpaca-x0.9-mixed,eval-7b-v2,historical,experiment_attempt,Qwen2.5-7B-Instruct,mixed,,,1,,,alpaca,0.9,162.6600990057469,701,313.2139036655426,1.0,0.1,,,,,,,,,,recorded,False,True,raw_pruned,,48796,48796,6822987,,1.0,0.9993237150586114,0.25630807876586914,0.39995288848876953,,0.5925352573394775,0.04026028343609401,0.04274528026580811,,0.05527486801147461,803565.8536982425,,,,,,,,,,,832593.5164687727,recorded_interval_not_proven_full_lifecycle,0.12202771549598038,,,,/home/pdblend4/results/v2/eval-7b-v2/alpaca-x0.9-mixed/summary.json,68cf0fca8f7b0d917388f3b1855c17c1ce6cc7e8c06a2d8e108db861446f6d64,,/home/pdblend4/results/maintenance/2026-09-23-history-pruning-v6/plan.json
102f4a1f87bb4f02853996bf,longbench-x0.1-distserve_static,eval-7b-v2,historical,experiment_attempt,Qwen2.5-7B-Instruct,distserve_static,,,1,,,longbench,0.1,1.1869538563076434,701,310.06272149086,15.0,0.2,,,,,,,,,,recorded,False,True,raw_pruned,,355,355,20563,20563,1.0,1.0,0.440781831741333,0.46197032928466797,0.46744227409362793,0.4911952018737793,0.021246538162231446,0.022549951398694836,0.022739887237548828,0.02318271001180013,293805.2565683897,,,,,,,,,,,304323.409025119,recorded_interval_not_proven_full_lifecycle,14.799562759573943,14.799562759573943,,,/home/pdblend4/results/v2/eval-7b-v2/longbench-x0.1-distserve_static/summary.json,29091bdc2fbc398dcfb3748e420d1551f25a590a233b3a86be5aeb0894e04abe,,/home/pdblend4/results/maintenance/2026-09-23-history-pruning-v6/plan.json
327c651dc9fd0092b30b030d,longbench-x0.1-dynamollm,eval-7b-v2,historical,experiment_attempt,Qwen2.5-7B-Instruct,dynamollm,,,1,,,longbench,0.1,1.1869538563076434,701,311.3070936203003,15.0,0.2,,,,,,,,,,recorded,False,True,raw_pruned,,355,355,20563,19884,1.0,0.7154929577464789,0.7406711578369141,1.8867416381835938,2.3068795204162598,3.354257822036743,0.06301822388066655,0.6542059580485026,0.9789495468139648,1.3004238605499268,157794.92764316252,,,,,,,,,,,163676.70776031536,recorded_interval_not_proven_full_lifecycle,7.959767921038533,8.231578543568466,,,/home/pdblend4/results/v2/eval-7b-v2/longbench-x0.1-dynamollm/summary.json,3e2e2aea2ba80394599bd8ee054b8b09dde8f6820b8b2904eec1eec994e57fea,,/home/pdblend4/results/maintenance/2026-09-23-history-pruning-v6/plan.json
2820c140a9f9b37bf8d6c410,longbench-x0.1-ecoserve,eval-7b-v2,historical,experiment_attempt,Qwen2.5-7B-Instruct,ecoserve,,,1,,,longbench,0.1,1.1869538563076434,701,310.0545334815979,15.0,0.2,,,,,,,,,,recorded,False,True,raw_pruned,,355,355,20563,20563,1.0,1.0,0.40058422088623047,0.4307398796081543,0.4392824172973633,0.7687735557556152,0.021030426025390625,0.024770720137490168,0.049833331789289205,0.11932504177093506,291870.1329516125,,,,,,,,,,,302196.61817620014,recorded_interval_not_proven_full_lifecycle,14.696134716539422,14.696134716539422,,,/home/pdblend4/results/v2/eval-7b-v2/longbench-x0.1-ecoserve/summary.json,2d35b64728439165b6a02dd3e6d5ab7e791ec48ea7d7cc13f653cffaea9ac73e,,/home/pdblend4/results/maintenance/2026-09-23-history-pruning-v6/plan.json
e55b69cb7a074190c7575d19,longbench-x0.1-mixed,eval-7b-v2,historical,experiment_attempt,Qwen2.5-7B-Instruct,mixed,,,1,,,longbench,0.1,1.1869538563076434,701,309.99929881095886,15.0,0.2,,,,,,,,,,recorded,False,True,raw_pruned,,355,355,20563,20563,1.0,1.0,0.40236759185791016,0.4080538749694824,0.40958237648010254,0.4160752296447754,0.02090461552143097,0.021304726600646973,0.021530866622924805,0.021886825561523438,302587.92290507664,,,,,,,,,,,313172.2657951613,recorded_interval_not_proven_full_lifecycle,15.22989183461369,15.22989183461369,,,/home/pdblend4/results/v2/eval-7b-v2/longbench-x0.1-mixed/summary.json,d5a2f1e58e2bd29d6b0e6513b85e605a1007cdfdd790ae3e82e4c87bff3cc714,,/home/pdblend4/results/maintenance/2026-09-23-history-pruning-v6/plan.json
91323d558a6480740408e2c2,longbench-x0.2-distserve_static,eval-7b-v2,historical,experiment_attempt,Qwen2.5-7B-Instruct,distserve_static,,,1,,,longbench,0.2,2.4155084508432387,701,305.21884989738464,15.0,0.2,,,,,,,,,,recorded,False,True,raw_pruned,,724,724,42190,42190,1.0,1.0,0.45154261589050293,0.4776148796081543,0.49301838874816895,0.5143916606903076,0.022548580169677736,0.023058176040649414,0.023334693908691407,0.02373826503753662,361563.55736038927,,,,,,,,,,,367265.79851544736,recorded_interval_not_proven_full_lifecycle,8.705043814066066,8.705043814066066,,,/home/pdblend4/results/v2/eval-7b-v2/longbench-x0.2-distserve_static/summary.json,02f3acece8157d965f91c70e11d5f6688d557bf7156b201dc374b0fa4caf26c4,,/home/pdblend4/results/maintenance/2026-09-23-history-pruning-v6/plan.json
909db0f39611ed0d39ccd064,longbench-x0.2-dynamollm,eval-7b-v2,historical,experiment_attempt,Qwen2.5-7B-Instruct,dynamollm,,,1,,,longbench,0.2,2.4155084508432387,701,308.1275444030762,15.0,0.2,,,,,,,,,,recorded,False,True,raw_pruned,,724,724,42190,41425,1.0,0.8204419889502762,0.6033451557159424,1.5140166282653809,1.854945421218872,2.4959564208984375,0.052060648798942566,0.4007406234741211,0.6515529155731201,1.0856793986426458,219659.29818717134,,,,,,,,,,,225086.34627406092,recorded_interval_not_proven_full_lifecycle,5.33506390789431,5.433587115849389,,,/home/pdblend4/results/v2/eval-7b-v2/longbench-x0.2-dynamollm/summary.json,68243380f7ffbb715289e8bf3c26d816c9db95e251ddbb18e2a70db6be582fbb,,/home/pdblend4/results/maintenance/2026-09-23-history-pruning-v6/plan.json
082368d93bdd7a0410fe833a,longbench-x0.2-ecoserve,eval-7b-v2,historical,experiment_attempt,Qwen2.5-7B-Instruct,ecoserve,,,1,,,longbench,0.2,2.4155084508432387,701,306.4748258590698,15.0,0.2,,,,,,,,,,recorded,False,True,raw_pruned,,724,724,42190,42124,1.0,0.9709944751381215,0.4263570308685303,0.5714213848114014,0.7164738178253174,0.9257998466491699,0.022641777992248535,0.06623196601867676,0.15195226669311523,0.4163646697998047,355649.6968753867,,,,,,,,,,,362529.5640252299,recorded_interval_not_proven_full_lifecycle,8.592784167462192,8.606247365521552,,,/home/pdblend4/results/v2/eval-7b-v2/longbench-x0.2-ecoserve/summary.json,0cf3b908fb04f3a5307eb8f5afb75f1dfd82beef250b5497deae5b907d757573,,/home/pdblend4/results/maintenance/2026-09-23-history-pruning-v6/plan.json
5c3bf40e38a2bb33367c3c57,longbench-x0.2-mixed,eval-7b-v2,historical,experiment_attempt,Qwen2.5-7B-Instruct,mixed,,,1,,,longbench,0.2,2.4155084508432387,701,304.7460124492645,15.0,0.2,,,,,,,,,,recorded,False,True,raw_pruned,,724,724,42190,42190,1.0,1.0,0.4034881591796875,0.40954113006591797,0.41226959228515625,0.4389612674713135,0.02091325413097035,0.021483659744262695,0.022158104345339154,0.024343310175715265,424925.56182664033,,,,,,,,,,,430293.4345974152,recorded_interval_not_proven_full_lifecycle,10.198943697497398,10.198943697497398,,,/home/pdblend4/results/v2/eval-7b-v2/longbench-x0.2-mixed/summary.json,6a9a4d6f16938354cd28e525ddfd067bd74a1af2f4e07829f45102a6339881a0,,/home/pdblend4/results/maintenance/2026-09-23-history-pruning-v6/plan.json
98173cad05ef6ad47258aa70,longbench-x0.3-distserve_static,eval-7b-v2,historical,experiment_attempt,Qwen2.5-7B-Instruct,distserve_static,,,1,,,longbench,0.3,3.798408764437614,701,307.96678042411804,15.0,0.2,,,,,,,,,,recorded,False,True,raw_pruned,,1139,1139,64233,64233,1.0,1.0,0.4569242000579834,0.49321794509887695,0.5051982402801514,0.547910213470459,0.0228732426961263,0.023753550423094003,0.024011611938476562,0.024335384368896484,414310.9203045756,,,,,,,,,,,422761.55707661493,recorded_interval_not_proven_full_lifecycle,6.581687871913424,6.581687871913424,,,/home/pdblend4/results/v2/eval-7b-v2/longbench-x0.3-distserve_static/summary.json,1ddef9783ca91b46f1eea8a188f5fb720ddce2fadd5ce7344117ae821c63b8b9,,/home/pdblend4/results/maintenance/2026-09-23-history-pruning-v6/plan.json
8f64a9950189cde2055ea67e,longbench-x0.3-dynamollm,eval-7b-v2,historical,experiment_attempt,Qwen2.5-7B-Instruct,dynamollm,,,1,,,longbench,0.3,3.798408764437614,701,310.3743963241577,15.0,0.2,,,,,,,,,,recorded,False,True,raw_pruned,,1139,1139,64233,62953,1.0,0.8094820017559262,0.5831408500671387,1.339444637298584,1.7127642631530762,2.6293036937713623,0.05391163646050219,0.4187631607055664,0.5272092602469705,0.9677964846293131,288497.44824459567,,,,,,,,,,,297160.0974443209,recorded_interval_not_proven_full_lifecycle,4.626283957534615,4.720348473374119,,,/home/pdblend4/results/v2/eval-7b-v2/longbench-x0.3-dynamollm/summary.json,3088337008f9b5a16d9a2a53c22d314861172a2fa70711bc43cb7787abbfc811,,/home/pdblend4/results/maintenance/2026-09-23-history-pruning-v6/plan.json
e2496cd0193b15bb317ba660,longbench-x0.3-ecoserve,eval-7b-v2,historical,experiment_attempt,Qwen2.5-7B-Instruct,ecoserve,,,1,,,longbench,0.3,3.798408764437614,701,309.2027704715729,15.0,0.2,,,,,,,,,,recorded,False,True,raw_pruned,,1139,1139,64233,63869,1.0,0.9122036874451273,0.4385502338409424,0.827439546585083,1.0211892127990723,1.3150172233581543,0.035480570864749025,0.17525683916532075,0.2910768191019694,0.42714929580688477,382839.1361256299,,,,,,,,,,,393033.1602829881,recorded_interval_not_proven_full_lifecycle,6.11886663059468,6.153739064068454,,,/home/pdblend4/results/v2/eval-7b-v2/longbench-x0.3-ecoserve/summary.json,e769e824a216cd2a4b020744597de9e001dc4e7259583fd2f4f487123d2c82ae,,/home/pdblend4/results/maintenance/2026-09-23-history-pruning-v6/plan.json
0431b4aa85d61bb367d5d8ac,longbench-x0.3-mixed,eval-7b-v2,historical,experiment_attempt,Qwen2.5-7B-Instruct,mixed,,,1,,,longbench,0.3,3.798408764437614,701,307.4437446594238,15.0,0.2,,,,,,,,,,recorded,False,True,raw_pruned,,1139,1139,64233,64233,1.0,1.0,0.40517544746398926,0.4309868812561035,0.4374558925628662,0.44365429878234863,0.021040479342142742,0.02257359027862549,0.024450757924248192,0.04304308361477322,528735.685336803,,,,,,,,,,,539103.4023128013,recorded_interval_not_proven_full_lifecycle,8.392935131673772,8.392935131673772,,,/home/pdblend4/results/v2/eval-7b-v2/longbench-x0.3-mixed/summary.json,8884fd695f8814593e2a0447572280dcdb02506d66f6aa0671730b4a6d242073,,/home/pdblend4/results/maintenance/2026-09-23-history-pruning-v6/plan.json
8b8539474bfc61efd4b64bed,longbench-x0.4-distserve_static,eval-7b-v2,historical,experiment_attempt,Qwen2.5-7B-Instruct,distserve_static,,,1,,,longbench,0.4,5.183267922822266,701,308.0159041881561,15.0,0.2,,,,,,,,,,recorded,False,True,raw_pruned,,1551,1551,86910,86910,1.0,1.0,0.462430477142334,0.5059454441070557,0.52742600440979,0.7249305248260498,0.02326701718533809,0.024206161499023438,0.024457693099975586,0.02507805824279785,458602.3347172144,,,,,,,,,,,467683.3078189928,recorded_interval_not_proven_full_lifecycle,5.381237001714335,5.381237001714335,,,/home/pdblend4/results/v2/eval-7b-v2/longbench-x0.4-distserve_static/summary.json,cb7fc16378d40d053e13eab691cdd22e5be68b577dcff93c4cc55cc8a57babfe,,/home/pdblend4/results/maintenance/2026-09-23-history-pruning-v6/plan.json
003a72757d5b59013e2a9bda,longbench-x0.4-dynamollm,eval-7b-v2,historical,experiment_attempt,Qwen2.5-7B-Instruct,dynamollm,,,1,,,longbench,0.4,5.183267922822266,701,310.99272656440735,15.0,0.2,,,,,,,,,,recorded,False,True,raw_pruned,,1551,1551,86910,84540,1.0,0.8091553836234687,0.5513348579406738,1.5003409385681152,2.1734941005706787,3.6132662296295166,0.05301230137164776,0.42571401596069336,0.6763945519924164,1.5751368999481201,360975.71556791785,,,,,,,,,,,371956.20154755464,recorded_interval_not_proven_full_lifecycle,4.279786003308648,4.399765809646968,,,/home/pdblend4/results/v2/eval-7b-v2/longbench-x0.4-dynamollm/summary.json,ab2089b5402185474c3c0cf069b6b65e7761cbe0f70e9ba6a2e8f9ac3338cf4b,,/home/pdblend4/results/maintenance/2026-09-23-history-pruning-v6/plan.json
ddd1ea8064884427d39b9881,longbench-x0.4-ecoserve,eval-7b-v2,historical,experiment_attempt,Qwen2.5-7B-Instruct,ecoserve,,,1,,,longbench,0.4,5.183267922822266,701,311.758003950119,15.0,0.2,,,,,,,,,,recorded,False,True,raw_pruned,,1551,1551,86910,84920,1.0,0.7820760799484203,0.5599477291107178,1.2535946369171143,1.4697260856628418,1.9994416236877441,0.07682025661835304,0.4203348159790039,0.5058349541255406,0.8470718860626221,401523.5706311967,,,,,,,,,,,415085.10358036094,recorded_interval_not_proven_full_lifecycle,4.776033869294223,4.887954587616121,,,/home/pdblend4/results/v2/eval-7b-v2/longbench-x0.4-ecoserve/summary.json,19faf95cb705bbb9a0d3fb2764d0950a8fa69468b604d3682b1b6e87ff9f5c5b,,/home/pdblend4/results/maintenance/2026-09-23-history-pruning-v6/plan.json
1239d0344d50dfaf56c44512,longbench-x0.4-mixed,eval-7b-v2,historical,experiment_attempt,Qwen2.5-7B-Instruct,mixed,,,1,,,longbench,0.4,5.183267922822266,701,308.65240573883057,15.0,0.2,,,,,,,,,,recorded,False,True,raw_pruned,,1551,1551,86910,86900,1.0,0.9974210186976145,0.40814852714538574,0.438190221786499,0.44265079498291016,0.4485609531402588,0.021707534790039062,0.026396127123581737,0.032600190904405385,0.0705198347568512,606146.4764344011,,,,,,,,,,,618095.2873149371,recorded_interval_not_proven_full_lifecycle,7.111900670980751,7.1127190715182635,,,/home/pdblend4/results/v2/eval-7b-v2/longbench-x0.4-mixed/summary.json,caab313eb78f266b99c5958915750d82f85cb961aefd54662f6ec4635aaf83fc,,/home/pdblend4/results/maintenance/2026-09-23-history-pruning-v6/plan.json
64596a1bae59462f61929716,longbench-x0.5-distserve_static,eval-7b-v2,historical,experiment_attempt,Qwen2.5-7B-Instruct,distserve_static,,,1,,,longbench,0.5,6.390760994924843,701,310.3580183982849,15.0,0.2,,,,,,,,,,recorded,False,True,raw_pruned,,1916,1916,109062,109059,1.0,0.9994780793319415,0.4725937843322754,0.5290522575378418,0.6012985706329346,0.8161499500274658,0.023643883791836826,0.02456986904144287,0.024897992610931396,0.025758743286132812,500286.0235526201,,,,,,,,,,,511019.3707555628,recorded_interval_not_proven_full_lifecycle,4.685585912192724,4.685714803506018,,,/home/pdblend4/results/v2/eval-7b-v2/longbench-x0.5-distserve_static/summary.json,4514f519542f8cd6955bbde3c6c2483250cc87611a626f20b4f81a3d20a7a212,,/home/pdblend4/results/maintenance/2026-09-23-history-pruning-v6/plan.json
85fd57d219f9b6955fd2d56e,longbench-x0.5-dynamollm,eval-7b-v2,historical,experiment_attempt,Qwen2.5-7B-Instruct,dynamollm,,,1,,,longbench,0.5,6.390760994924843,701,310.4196345806122,15.0,0.2,,,,,,,,,,recorded,False,True,raw_pruned,,1916,1916,109062,105548,1.0,0.7813152400835073,0.5155439376831055,1.287621259689331,1.8265013694763184,3.01015305519104,0.06924197408888075,0.4225611686706543,0.6141879111528397,1.1025090217590332,412252.7114495839,,,,,,,,,,,422652.4618516164,recorded_interval_not_proven_full_lifecycle,3.875341199057567,4.004362582442267,,,/home/pdblend4/results/v2/eval-7b-v2/longbench-x0.5-dynamollm/summary.json,17bcc4ce7c6649805b0705590635abff49afab2f838291b99045e16f14629193,,/home/pdblend4/results/maintenance/2026-09-23-history-pruning-v6/plan.json
9cc5eca86ad6d23c467988df,longbench-x0.5-ecoserve,eval-7b-v2,historical,experiment_attempt,Qwen2.5-7B-Instruct,ecoserve,,,1,,,longbench,0.5,6.390760994924843,701,312.35026597976685,15.0,0.2,,,,,,,,,,recorded,False,True,raw_pruned,,1916,1916,109062,63259,1.0,0.42588726513569936,1.157942295074463,2.7264721393585205,3.17889142036438,3.963387966156006,0.24243009090423584,1.046309198651995,1.1039903163909912,1.1209373474121094,417759.61784053885,,,,,,,,,,,431167.33605649276,recorded_interval_not_proven_full_lifecycle,3.9534149021335825,6.815905026264923,,,/home/pdblend4/results/v2/eval-7b-v2/longbench-x0.5-ecoserve/summary.json,8a1a7e70eff70a13db94dc5d439cdca33d30aefae92bfdf0a9cbdef32f09c4aa,,/home/pdblend4/results/maintenance/2026-09-23-history-pruning-v6/plan.json
3cbb1001f4536c0f6b5f58d7,longbench-x0.5-mixed,eval-7b-v2,historical,experiment_attempt,Qwen2.5-7B-Instruct,mixed,,,1,,,longbench,0.5,6.390760994924843,701,309.97662591934204,15.0,0.2,,,,,,,,,,recorded,False,True,raw_pruned,,1916,1916,109062,109033,1.0,0.994258872651357,0.42714977264404297,0.4428095817565918,0.4466991424560547,0.6825594902038574,0.02242414156595866,0.03407126543473224,0.052151735012347884,0.15305868784586588,656011.9119297434,,,,,,,,,,,669573.5038453124,recorded_interval_not_proven_full_lifecycle,6.1393840553567,6.141016975092976,,,/home/pdblend4/results/v2/eval-7b-v2/longbench-x0.5-mixed/summary.json,0d4b9ccd69edc28e582494bdf64a7e37fd6150feb213f9c0564a1359274a86e1,,/home/pdblend4/results/maintenance/2026-09-23-history-pruning-v6/plan.json
7b675ec5ff04302b4721e4ea,longbench-x0.5-mixed_dvfs,eval-7b-v2,historical,experiment_attempt,Qwen2.5-7B-Instruct,mixed_dvfs,,,1,,,longbench,0.5,6.390760994924843,701,311.4791204929352,15.0,0.2,,,,,,,,,,recorded,False,True,raw_pruned,,1916,1916,109062,108967,1.0,0.9853862212943633,0.4286785125732422,0.6133701801300049,0.8205640316009521,1.161705493927002,0.022504836320877075,0.041050279140472413,0.0655515193939209,0.22231531143188477,637696.0037534221,,,,,,,,,,,649228.964440781,recorded_interval_not_proven_full_lifecycle,5.952843010771681,5.958032839674223,,,/home/pdblend4/results/v2/eval-7b-v2/longbench-x0.5-mixed_dvfs/summary.json,d0a0effa5046aa8be42746edc37eed1efe60bfb5adcc33ac90e34fdf312d0f10,,/home/pdblend4/results/maintenance/2026-09-23-history-pruning-v6/plan.json
08c4e5b5f4d9824c51f0b153,longbench-x0.5-mixed_dvfs_park,eval-7b-v2,historical,experiment_attempt,Qwen2.5-7B-Instruct,mixed_dvfs_park,,,1,,,longbench,0.5,6.390760994924843,701,310.15357995033264,15.0,0.2,,,,,,,,,,recorded,False,True,raw_pruned,,1916,1916,109062,108856,1.0,0.9739039665970772,0.4318056106567383,0.5716290473937988,0.6890838146209717,1.174405813217163,0.022758960723876953,0.05882068113847212,0.11743158102035522,0.42097997665405273,586367.9071730775,,,,,,,,,,,598191.6967717514,recorded_interval_not_proven_full_lifecycle,5.484877379579976,5.495257007163146,,,/home/pdblend4/results/v2/eval-7b-v2/longbench-x0.5-mixed_dvfs_park/summary.json,84d8c24bd3f9741571f682806d6b38b80119dba76e4d894e8cd3a7c8824a4304,,/home/pdblend4/results/maintenance/2026-09-23-history-pruning-v6/plan.json
c177de74abeaf095f7b2d537,longbench-x0.5-static_best,eval-7b-v2,historical,experiment_attempt,Qwen2.5-7B-Instruct,static_best,,,1,,,longbench,0.5,6.390760994924843,701,311.18769454956055,15.0,0.2,,,,,,,,,,recorded,False,True,raw_pruned,,1916,1916,109062,109062,1.0,1.0,0.636899471282959,1.3697309494018555,1.5270471572875977,1.8877182006835938,0.024489670991897583,0.02533902062310113,0.0256117582321167,0.026375532150268555,402585.373318494,,,,,,,,,,,410831.61995340075,recorded_interval_not_proven_full_lifecycle,3.766954759250708,3.766954759250708,,,/home/pdblend4/results/v2/eval-7b-v2/longbench-x0.5-static_best/summary.json,3fff4e8b383882f91d77fae2e0485387a63fd5ca1aa8132bf5b1f90aea5d35ce,,/home/pdblend4/results/maintenance/2026-09-23-history-pruning-v6/plan.json
79a877d44e382b6443636380,longbench-x0.6-distserve_static,eval-7b-v2,historical,experiment_attempt,Qwen2.5-7B-Instruct,distserve_static,,,1,,,longbench,0.6,7.683633164098095,701,307.6060392856598,15.0,0.2,,,,,,,,,,recorded,False,True,raw_pruned,,2305,2305,131628,131628,1.0,1.0,0.48326802253723145,0.6135468482971191,0.7568247318267822,0.8700180053710938,0.024024228060548786,0.024981021881103516,0.025251173973083497,0.02604532241821289,542413.1224300028,,,,,,,,,,,550718.4863961616,recorded_interval_not_proven_full_lifecycle,4.183900738415547,4.183900738415547,,,/home/pdblend4/results/v2/eval-7b-v2/longbench-x0.6-distserve_static/summary.json,410c86e8e476444f1319d241647293e2cc48d8c2a8316ab7105995b4103c1e02,,/home/pdblend4/results/maintenance/2026-09-23-history-pruning-v6/plan.json
37bab826a75d84d545caa70d,longbench-x0.6-dynamollm,eval-7b-v2,historical,experiment_attempt,Qwen2.5-7B-Instruct,dynamollm,,,1,,,longbench,0.6,7.683633164098095,701,309.7726004123688,15.0,0.2,,,,,,,,,,recorded,False,True,raw_pruned,,2305,2305,131628,126920,1.0,0.7991323210412148,0.49739909172058105,1.3558423519134521,1.893056869506836,3.5283472537994385,0.06163347363471985,0.4255741039911906,0.65437912940979,1.360348105430603,478784.2752385989,,,,,,,,,,,491237.4529404857,recorded_interval_not_proven_full_lifecycle,3.732013347771642,3.870449518913376,,,/home/pdblend4/results/v2/eval-7b-v2/longbench-x0.6-dynamollm/summary.json,a3bf9a8a4af7446eb25abb931fcfe73a497e59e1a0f9b642e1ac7b1f4000c2d0,,/home/pdblend4/results/maintenance/2026-09-23-history-pruning-v6/plan.json
8fe80413655fb8610b0255c8,longbench-x0.6-ecoserve,eval-7b-v2,historical,experiment_attempt,Qwen2.5-7B-Instruct,ecoserve,,,1,,,longbench,0.6,7.683633164098095,701,321.8416328430176,15.0,0.2,,,,,,,,,,recorded,False,True,raw_pruned,,2305,2305,131628,42702,1.0,0.1336225596529284,3.5439019203186035,12.127753019332886,13.295406818389893,14.627639055252075,1.035757886038886,1.16621994972229,1.1871537208557128,1.2092374052320207,450074.4955022721,,,,,,,,,,,478895.7872298587,recorded_interval_not_proven_full_lifecycle,3.6382516427345144,11.21483272984541,,,/home/pdblend4/results/v2/eval-7b-v2/longbench-x0.6-ecoserve/summary.json,bd974b071fda2f15c2c0dfbc16da8ba54cd786779956ba3b80f050c3c6fe05c0,,/home/pdblend4/results/maintenance/2026-09-23-history-pruning-v6/plan.json
9d5d3651e9cd78151155c18c,longbench-x0.6-mixed,eval-7b-v2,historical,experiment_attempt,Qwen2.5-7B-Instruct,mixed,,,1,,,longbench,0.6,7.683633164098095,701,309.3601176738739,15.0,0.2,,,,,,,,,,recorded,False,True,raw_pruned,,2305,2305,131628,131524,1.0,0.9835140997830802,0.4314272403717041,0.446197509765625,0.47927379608154297,0.767963171005249,0.022672295570373535,0.052524108153123125,0.0840308666229248,0.22338175773620605,686578.0329631821,,,,,,,,,,,701182.2248965271,recorded_interval_not_proven_full_lifecycle,5.326999003984921,5.33121122302034,,,/home/pdblend4/results/v2/eval-7b-v2/longbench-x0.6-mixed/summary.json,a8bc943ff2c2af63cd74342f0f920a6cc12cd4dbb0c629eecec5f9d20f78c7cd,,/home/pdblend4/results/maintenance/2026-09-23-history-pruning-v6/plan.json
2ab2f0c2b1d54e47191244a1,longbench-x0.7-distserve_static,eval-7b-v2,historical,experiment_attempt,Qwen2.5-7B-Instruct,distserve_static,,,1,,,longbench,0.7,9.051375709181102,701,307.52602338790894,15.0,0.2,,,,,,,,,,recorded,False,True,raw_pruned,,2714,2714,152538,152538,1.0,1.0,0.4988248348236084,0.7601823806762695,0.850567102432251,0.9658827781677246,0.02436376280254788,0.02531286080678304,0.025658528010050457,0.026462435722351074,583908.3449718913,,,,,,,,,,,592988.2674298919,recorded_interval_not_proven_full_lifecycle,3.887478971993155,3.887478971993155,,,/home/pdblend4/results/v2/eval-7b-v2/longbench-x0.7-distserve_static/summary.json,85ed814fa683e46b7db040fd2bdc928bf009803cba55461850fed12ac72bbba4,,/home/pdblend4/results/maintenance/2026-09-23-history-pruning-v6/plan.json
0bab83c06a85ec6887a65c2e,longbench-x0.7-dynamollm,eval-7b-v2,historical,experiment_attempt,Qwen2.5-7B-Instruct,dynamollm,,,1,,,longbench,0.7,9.051375709181102,701,309.7689895629883,15.0,0.2,,,,,,,,,,recorded,False,True,raw_pruned,,2714,2714,152538,147936,1.0,0.8168754605747973,0.45638418197631836,1.32963228225708,2.7068381309509277,4.030171155929565,0.05629740820990668,0.4195556640625,0.7150747776031494,1.6989755630493164,552208.4179984522,,,,,,,,,,,565369.1504515086,recorded_interval_not_proven_full_lifecycle,3.70641512574905,3.8217144606553415,,,/home/pdblend4/results/v2/eval-7b-v2/longbench-x0.7-dynamollm/summary.json,848ea0f96b4ac32fa22c1203d06a42650426b03c9567cee730ab6710141b1e1f,,/home/pdblend4/results/maintenance/2026-09-23-history-pruning-v6/plan.json
21174d83c35d69fd7bbce8ce,longbench-x0.7-ecoserve,eval-7b-v2,historical,experiment_attempt,Qwen2.5-7B-Instruct,ecoserve,,,1,,,longbench,0.7,9.051375709181102,701,319.8066952228546,15.0,0.2,,,,,,,,,,recorded,False,True,raw_pruned,,2714,2714,152538,75235,1.0,0.14333087693441415,4.829289197921753,12.24873161315918,13.518778562545776,14.830949783325195,1.0517535774331344,1.147435188293457,1.1575489282608031,1.1720966498057048,508740.7099655072,,,,,,,,,,,536958.3622638324,recorded_interval_not_proven_full_lifecycle,3.520161286130881,7.1370819733346496,,,/home/pdblend4/results/v2/eval-7b-v2/longbench-x0.7-ecoserve/summary.json,15780c53794c3c14e00ef220031d520698309975d9d82a01519161c05ef3cbc6,,/home/pdblend4/results/maintenance/2026-09-23-history-pruning-v6/plan.json
3b272695706b6089f49510ac,longbench-x0.7-mixed,eval-7b-v2,historical,experiment_attempt,Qwen2.5-7B-Instruct,mixed,,,1,,,longbench,0.7,9.051375709181102,701,308.7673714160919,15.0,0.2,,,,,,,,,,recorded,False,True,raw_pruned,,2714,2714,152538,152354,1.0,0.975313190862196,0.4344751834869385,0.47883057594299316,0.6524455547332764,0.8434698581695557,0.022970080375671387,0.07166751225789388,0.1222301721572876,0.4141502380371094,707404.4512582103,,,,,,,,,,,722425.9431049011,recorded_interval_not_proven_full_lifecycle,4.7360391712550385,4.7417589502402375,,,/home/pdblend4/results/v2/eval-7b-v2/longbench-x0.7-mixed/summary.json,47f30cc0ab2bc26748cd79089b3f450bdcfc145f023f7bc8ba0a197be44ca132,,/home/pdblend4/results/maintenance/2026-09-23-history-pruning-v6/plan.json
287c5712b60e2d265c599387,longbench-x0.8-distserve_static,eval-7b-v2,historical,experiment_attempt,Qwen2.5-7B-Instruct,distserve_static,,,1,,,longbench,0.8,10.281209679647192,701,311.880535364151,15.0,0.2,,,,,,,,,,recorded,False,True,raw_pruned,,3084,3084,175984,175984,1.0,1.0,0.5247094631195068,0.895632266998291,1.0157208442687988,1.3319435119628906,0.024707317352294922,0.025698471069335937,0.026076380087404837,0.026897907257080078,626302.1544448186,,,,,,,,,,,638781.3971661566,recorded_interval_not_proven_full_lifecycle,3.6297697356927707,3.6297697356927707,,,/home/pdblend4/results/v2/eval-7b-v2/longbench-x0.8-distserve_static/summary.json,87abb8ff99dc8a7fb028ad349e191c290be5e864c31642559ae58bb0cbe4e7a3,,/home/pdblend4/results/maintenance/2026-09-23-history-pruning-v6/plan.json
da070c7d81c7c18875572e0e,longbench-x0.8-dynamollm,eval-7b-v2,historical,experiment_attempt,Qwen2.5-7B-Instruct,dynamollm,,,1,,,longbench,0.8,10.281209679647192,701,312.1527500152588,15.0,0.2,,,,,,,,,,recorded,False,True,raw_pruned,,3084,3084,175984,169028,1.0,0.7691309987029832,0.5115876197814941,1.372464895248413,2.4671850204467773,4.267533540725708,0.07902401440764127,0.43111759424209595,0.7641270160675049,1.4524537324905396,577961.9443335873,,,,,,,,,,,594009.2270441846,recorded_interval_not_proven_full_lifecycle,3.375359277230797,3.51426525217233,,,/home/pdblend4/results/v2/eval-7b-v2/longbench-x0.8-dynamollm/summary.json,946158e4610653aeb580f10b79cf2678b813e0d5c32f1e96db02c8635f658936,,/home/pdblend4/results/maintenance/2026-09-23-history-pruning-v6/plan.json
47ef0ee42629c32a222c785c,longbench-x0.8-ecoserve,eval-7b-v2,historical,experiment_attempt,Qwen2.5-7B-Instruct,ecoserve,,,1,,,longbench,0.8,10.281209679647192,701,326.5852882862091,15.0,0.2,,,,,,,,,,recorded,False,True,raw_pruned,,3084,3084,175984,103594,1.0,0.16407263294422827,6.417672395706177,13.47484016418457,14.302745342254639,15.03244400024414,1.0710996985435486,1.1279478073120117,1.1412355607869673,1.1656836536195543,561203.4299400501,,,,,,,,,,,595762.2720744928,recorded_interval_not_proven_full_lifecycle,3.3853206659383397,5.75093414748434,,,/home/pdblend4/results/v2/eval-7b-v2/longbench-x0.8-ecoserve/summary.json,dec62a71cef9c55400e07fb765157a258a5f5f372b711404a2e2f6c465a00116,,/home/pdblend4/results/maintenance/2026-09-23-history-pruning-v6/plan.json
e5e91ebe6781accca96c4d61,longbench-x0.8-mixed,eval-7b-v2,historical,experiment_attempt,Qwen2.5-7B-Instruct,mixed,,,1,,,longbench,0.8,10.281209679647192,701,311.8608419895172,15.0,0.2,,,,,,,,,,recorded,False,True,raw_pruned,,3084,3084,175984,175638,1.0,0.9627107652399481,0.43688344955444336,0.6003339290618896,0.7509989738464355,0.882049560546875,0.023676633834838867,0.10217771530151368,0.1568883260091146,0.4196803569793701,726042.5877710768,,,,,,,,,,,743716.6014587107,recorded_interval_not_proven_full_lifecycle,4.226046694351252,4.234371841279852,,,/home/pdblend4/results/v2/eval-7b-v2/longbench-x0.8-mixed/summary.json,20ed49bb3453be2ba62ed53a413992889e60650fa085051b93c58ed1a20459e6,,/home/pdblend4/results/maintenance/2026-09-23-history-pruning-v6/plan.json
a256627cee5c514875544b9b,longbench-x0.9-distserve_static,eval-7b-v2,historical,experiment_attempt,Qwen2.5-7B-Instruct,distserve_static,,,1,,,longbench,0.9,11.6177924651059,701,310.395733833313,15.0,0.2,,,,,,,,,,recorded,False,True,raw_pruned,,3482,3482,197519,197519,1.0,1.0,0.6905088424682617,1.3483967781066895,1.5941476821899414,2.045046091079712,0.025046531704888828,0.026127958297729494,0.026627516746520995,0.028538635798863003,667976.8887771933,,,,,,,,,,,680059.6122251456,recorded_interval_not_proven_full_lifecycle,3.4430085825927916,3.4430085825927916,,,/home/pdblend4/results/v2/eval-7b-v2/longbench-x0.9-distserve_static/summary.json,e80b66cf974d0af8ef7c1ec4ad5eb271532316bf8d3abecdabaf331215c7585e,,/home/pdblend4/results/maintenance/2026-09-23-history-pruning-v6/plan.json
d80ff6dd5362fe237f05ec11,longbench-x0.9-dynamollm,eval-7b-v2,historical,experiment_attempt,Qwen2.5-7B-Instruct,dynamollm,,,1,,,longbench,0.9,11.6177924651059,701,310.8773446083069,15.0,0.2,,,,,,,,,,recorded,False,True,raw_pruned,,3482,3482,197519,188069,1.0,0.7880528431935669,0.4778635501861572,1.4306001663208008,3.140099287033081,4.753455400466919,0.06674692505284359,0.4268605709075928,0.7274961471557617,1.7371326855250768,647939.8849812554,,,,,,,,,,,665200.8578760186,recorded_interval_not_proven_full_lifecycle,3.3677816203809186,3.537004279684683,,,/home/pdblend4/results/v2/eval-7b-v2/longbench-x0.9-dynamollm/summary.json,47da36bd80b139dc486d752bcb8cbb58ff124219a9ef0a8c9dfcb51f99049d89,,/home/pdblend4/results/maintenance/2026-09-23-history-pruning-v6/plan.json
865425811390fc8ac6eeacee,longbench-x0.9-ecoserve,eval-7b-v2,historical,experiment_attempt,Qwen2.5-7B-Instruct,ecoserve,,,1,,,longbench,0.9,11.6177924651059,701,320.8080372810364,15.0,0.2,,,,,,,,,,recorded,False,True,raw_pruned,,3482,3482,197519,149262,1.0,0.1990235496840896,6.797873497009277,13.66370177268982,14.409823894500732,15.20317554473877,1.0745121240615845,1.1194701194763184,1.1242518424987793,1.1400484085083007,616959.2923142643,,,,,,,,,,,651513.2250154025,recorded_interval_not_proven_full_lifecycle,3.2984838168247235,4.364896792320902,,,/home/pdblend4/results/v2/eval-7b-v2/longbench-x0.9-ecoserve/summary.json,5ecf4770bf51669d71dfe016cac3c960157129958323db4c3a8b154bc8b98b8b,,/home/pdblend4/results/maintenance/2026-09-23-history-pruning-v6/plan.json
598bd1999abf5d67eb8ab288,longbench-x0.9-mixed,eval-7b-v2,historical,experiment_attempt,Qwen2.5-7B-Instruct,mixed,,,1,,,longbench,0.9,11.6177924651059,701,311.2069516181946,15.0,0.2,,,,,,,,,,recorded,False,True,raw_pruned,,3482,3482,197519,196910,1.0,0.945433658816772,0.4398059844970703,0.6724116802215576,0.7777285575866699,0.937565803527832,0.034957854434697316,0.1381655079977853,0.21976399421691895,0.4246375560760498,744036.5309947819,,,,,,,,,,,760544.3154968589,recorded_interval_not_proven_full_lifecycle,3.8504868670703014,3.862395589339591,,,/home/pdblend4/results/v2/eval-7b-v2/longbench-x0.9-mixed/summary.json,afc6a7877442b8506fe1ed897e705944ead575dcd4178843720728486b03e055,,/home/pdblend4/results/maintenance/2026-09-23-history-pruning-v6/plan.json
0cfdaefe77a3074e2527dd60,sharegpt-x0.1-distserve_static,eval-7b-v2,historical,experiment_attempt,Qwen2.5-7B-Instruct,distserve_static,,,1,,,sharegpt,0.1,1.4825310045543423,701,309.2850067615509,5.0,0.15,,,,,,,,,,recorded,False,True,raw_pruned,,444,444,137252,137252,1.0,1.0,0.17454051971435547,0.19332480430603027,0.1963636875152588,0.23864245414733887,0.021764612944392074,0.022057312600156094,0.022102526722588885,0.022192981145153307,494658.13033378083,,,,,,,,,,,509215.0182070557,recorded_interval_not_proven_full_lifecycle,3.710073574206975,3.710073574206975,,,/home/pdblend4/results/v2/eval-7b-v2/sharegpt-x0.1-distserve_static/summary.json,121e67c175d2a4fc6794bb3946c3540a1a870295758858a3efc71020a98de12a,,/home/pdblend4/results/maintenance/2026-09-23-history-pruning-v6/plan.json
5a3fb39f9aa33e72f7c62bbe,sharegpt-x0.1-dynamollm,eval-7b-v2,historical,experiment_attempt,Qwen2.5-7B-Instruct,dynamollm,,,1,,,sharegpt,0.1,1.4825310045543423,701,310.4992151260376,5.0,0.15,,,,,,,,,,recorded,False,True,raw_pruned,,444,444,137252,137252,1.0,1.0,0.20096516609191895,0.38223719596862793,0.448178768157959,0.6583571434020996,0.030762354532877605,0.03655235469341278,0.03843220611291429,0.04587112112743098,179535.32990795746,,,,,,,,,,,184621.36417475573,recorded_interval_not_proven_full_lifecycle,1.3451269502430254,1.3451269502430254,,,/home/pdblend4/results/v2/eval-7b-v2/sharegpt-x0.1-dynamollm/summary.json,6504333fe5c0e6265f32063d42b3c0f51be33e790dc170e4c08619595d0a7417,,/home/pdblend4/results/maintenance/2026-09-23-history-pruning-v6/plan.json
8f991e9e4438664955a32229,sharegpt-x0.1-ecoserve,eval-7b-v2,historical,experiment_attempt,Qwen2.5-7B-Instruct,ecoserve,,,1,,,sharegpt,0.1,1.4825310045543423,701,309.5832896232605,5.0,0.15,,,,,,,,,,recorded,False,True,raw_pruned,,444,444,137252,137252,1.0,1.0,0.15487098693847656,0.1688382625579834,0.17085862159729004,0.23177146911621094,0.02293710792601225,0.02389646369650406,0.024115569480863804,0.02549307225114208,338793.9892868785,,,,,,,,,,,349295.31975847576,recorded_interval_not_proven_full_lifecycle,2.544919707971292,2.544919707971292,,,/home/pdblend4/results/v2/eval-7b-v2/sharegpt-x0.1-ecoserve/summary.json,e98960f70d5d40fe4d55d599022dc6e266b95e2c86bba513ff1ff119790b3fba,,/home/pdblend4/results/maintenance/2026-09-23-history-pruning-v6/plan.json
67daaaffeff16925c83eb90c,sharegpt-x0.1-mixed,eval-7b-v2,historical,experiment_attempt,Qwen2.5-7B-Instruct,mixed,,,1,,,sharegpt,0.1,1.4825310045543423,701,308.7531313896179,5.0,0.15,,,,,,,,,,recorded,False,True,raw_pruned,,444,444,137252,,1.0,1.0,0.13915109634399414,0.16495513916015625,,0.1718311309814453,0.021497635407881303,0.022078478498156792,,0.022629891501532662,574008.5741639334,,,,,,,,,,,590681.8264748272,recorded_interval_not_proven_full_lifecycle,4.303630012494006,,,,/home/pdblend4/results/v2/eval-7b-v2/sharegpt-x0.1-mixed/summary.json,29ea73e017c828ed07e1ca3096fd24c63c0cddca886f23283bd26c70a8d51291,,/home/pdblend4/results/maintenance/2026-09-23-history-pruning-v6/plan.json
d2f73fc1883d7650bac8c0d8,sharegpt-x0.2-distserve_static,eval-7b-v2,historical,experiment_attempt,Qwen2.5-7B-Instruct,distserve_static,,,1,,,sharegpt,0.2,3.107618640870845,701,311.08504486083984,5.0,0.15,,,,,,,,,,recorded,False,True,raw_pruned,,932,932,301994,301994,1.0,1.0,0.18132257461547852,0.19761300086975098,0.2072596549987793,0.2635939121246338,0.022209219871812565,0.02243041525614938,0.02249597319474457,0.022580945408427634,523053.29535843845,,,,,,,,,,,541273.642286951,recorded_interval_not_proven_full_lifecycle,1.7923324380184738,1.7923324380184738,,,/home/pdblend4/results/v2/eval-7b-v2/sharegpt-x0.2-distserve_static/summary.json,10c73b0e569f4b3f6723c336e6d7546f047f99f75b36d9845cfdb2e945fa1a42,,/home/pdblend4/results/maintenance/2026-09-23-history-pruning-v6/plan.json
9e1115041ce6084f53b5644e,sharegpt-x0.2-dynamollm,eval-7b-v2,historical,experiment_attempt,Qwen2.5-7B-Instruct,dynamollm,,,1,,,sharegpt,0.2,3.107618640870845,701,312.2574622631073,5.0,0.15,,,,,,,,,,recorded,False,True,raw_pruned,,932,932,301994,301994,1.0,1.0,0.19535589218139648,0.3179190158843994,0.394010066986084,0.5655694007873535,0.03144288740374825,0.03651766079228099,0.03939845928779015,0.048708365513728216,229534.26848876898,,,,,,,,,,,237550.12347504628,recorded_interval_not_proven_full_lifecycle,0.786605440753943,0.786605440753943,,,/home/pdblend4/results/v2/eval-7b-v2/sharegpt-x0.2-dynamollm/summary.json,c33f58c506ce8884d49e025b66e6d1b941e9ab12f154a97de35332607a044c41,,/home/pdblend4/results/maintenance/2026-09-23-history-pruning-v6/plan.json
f1fcc397cdc4a84549d55ea5,sharegpt-x0.2-ecoserve,eval-7b-v2,historical,experiment_attempt,Qwen2.5-7B-Instruct,ecoserve,,,1,,,sharegpt,0.2,3.107618640870845,701,311.5035991668701,5.0,0.15,,,,,,,,,,recorded,False,True,raw_pruned,,932,932,301994,301994,1.0,1.0,0.15706324577331543,0.17340779304504395,0.17772889137268066,0.27518153190612793,0.02492991615744198,0.02620921116285828,0.02662594403539385,0.028715350411155006,353264.5569311042,,,,,,,,,,,366457.64416659914,recorded_interval_not_proven_full_lifecycle,1.2134600163135663,1.2134600163135663,,,/home/pdblend4/results/v2/eval-7b-v2/sharegpt-x0.2-ecoserve/summary.json,1736c5c57f0dc9cd536da28580a53e8916396b518a007325bad8be6c8476d703,,/home/pdblend4/results/maintenance/2026-09-23-history-pruning-v6/plan.json
1513ac88ff03769a318cd528,sharegpt-x0.2-mixed,eval-7b-v2,historical,experiment_attempt,Qwen2.5-7B-Instruct,mixed,,,1,,,sharegpt,0.2,3.107618640870845,701,311.35438680648804,5.0,0.15,,,,,,,,,,recorded,False,True,raw_pruned,,932,932,301994,,1.0,1.0,0.1545579433441162,0.16950488090515137,,0.17538118362426758,0.022509775812618812,0.02311353067595898,,0.024365250454392542,598571.6216885768,,,,,,,,,,,619483.3784240058,recorded_interval_not_proven_full_lifecycle,2.0513102194878234,,,,/home/pdblend4/results/v2/eval-7b-v2/sharegpt-x0.2-mixed/summary.json,7ab468a903fbb29fce0e5118473463760afef36c41553f3df8847e6dd0e3bac3,,/home/pdblend4/results/maintenance/2026-09-23-history-pruning-v6/plan.json
a9b54bfa53318478ccb18d7e,sharegpt-x0.3-distserve_static,eval-7b-v2,historical,experiment_attempt,Qwen2.5-7B-Instruct,distserve_static,,,1,,,sharegpt,0.3,4.885929963272344,701,310.18258333206177,5.0,0.15,,,,,,,,,,recorded,False,True,raw_pruned,,1465,1465,474136,474136,1.0,1.0,0.1837005615234375,0.20626401901245117,0.2497715950012207,0.3185300827026367,0.02260374671238362,0.022797015490452887,0.02286311774186685,0.023029425564934227,545566.8333133094,,,,,,,,,,,562106.1958826614,recorded_interval_not_proven_full_lifecycle,1.185537896052317,1.185537896052317,,,/home/pdblend4/results/v2/eval-7b-v2/sharegpt-x0.3-distserve_static/summary.json,1a6d2526bd52e0166acc47a7d6b79a4787a25e532cafe56a68bd19c88f781528,,/home/pdblend4/results/maintenance/2026-09-23-history-pruning-v6/plan.json
3990e4c480cfe50445307a73,sharegpt-x0.3-dynamollm,eval-7b-v2,historical,experiment_attempt,Qwen2.5-7B-Instruct,dynamollm,,,1,,,sharegpt,0.3,4.885929963272344,701,310.66209864616394,5.0,0.15,,,,,,,,,,recorded,False,True,raw_pruned,,1465,1465,474136,474136,1.0,1.0,0.1785259246826172,0.3094820976257324,0.38909363746643066,0.5242688655853271,0.03165154904127121,0.03891388406144812,0.042381308083431594,0.04812729709288653,297353.36491979583,,,,,,,,,,,306770.9918251179,recorded_interval_not_proven_full_lifecycle,0.6470105451286506,0.6470105451286506,,,/home/pdblend4/results/v2/eval-7b-v2/sharegpt-x0.3-dynamollm/summary.json,51eef1cf0780eaf80b21b9a4677874601ad215c802ddb46ca9ba1e50cbb3939b,,/home/pdblend4/results/maintenance/2026-09-23-history-pruning-v6/plan.json
905547ef4030d47e7e31b4b5,sharegpt-x0.3-ecoserve,eval-7b-v2,historical,experiment_attempt,Qwen2.5-7B-Instruct,ecoserve,,,1,,,sharegpt,0.3,4.885929963272344,701,310.6539044380188,5.0,0.15,,,,,,,,,,recorded,False,True,raw_pruned,,1465,1465,474136,474136,1.0,1.0,0.16275572776794434,0.19895434379577637,0.25524306297302246,0.3240184783935547,0.02860807909548861,0.03273004008180248,0.03358207430158343,0.03530047383419303,364336.8428630501,,,,,,,,,,,376283.5047203845,recorded_interval_not_proven_full_lifecycle,0.793619351241805,0.793619351241805,,,/home/pdblend4/results/v2/eval-7b-v2/sharegpt-x0.3-ecoserve/summary.json,21dce4f75da50b12e37ed8ca71c5a4a94b3401ffee7044a2baeff186b78d432e,,/home/pdblend4/results/maintenance/2026-09-23-history-pruning-v6/plan.json
a57680d182089bbb8387a7d9,sharegpt-x0.3-mixed,eval-7b-v2,historical,experiment_attempt,Qwen2.5-7B-Instruct,mixed,,,1,,,sharegpt,0.3,4.885929963272344,701,310.21401596069336,5.0,0.15,,,,,,,,,,recorded,False,True,raw_pruned,,1465,1465,474136,474136,1.0,1.0,0.15687012672424316,0.171342134475708,0.1736311912536621,0.21895742416381836,0.02336076674637971,0.024356042113259573,0.024683366006024405,0.026137773479734148,612065.0495524108,,,,,,,,,,,630396.6462877863,recorded_interval_not_proven_full_lifecycle,1.3295692507799162,1.3295692507799162,,,/home/pdblend4/results/v2/eval-7b-v2/sharegpt-x0.3-mixed/summary.json,07e5c3a9c446ffa2494a83b4740996e44b0410a8bb1808fccb7e4d9f32d70eaa,,/home/pdblend4/results/maintenance/2026-09-23-history-pruning-v6/plan.json
9bb6059e970dbe939b52d0e9,sharegpt-x0.4-distserve_static,eval-7b-v2,historical,experiment_attempt,Qwen2.5-7B-Instruct,distserve_static,,,1,,,sharegpt,0.4,6.447650204954888,701,310.2720465660095,5.0,0.15,,,,,,,,,,recorded,False,True,raw_pruned,,1934,1934,621406,621406,1.0,1.0,0.18597626686096191,0.24094891548156738,0.27996015548706055,0.3721189498901367,0.022857938786988618,0.02310530033596808,0.023177477250616235,0.023320437410806256,565240.9359449133,,,,,,,,,,,582006.5093726125,recorded_interval_not_proven_full_lifecycle,0.9365962178875203,0.9365962178875203,,,/home/pdblend4/results/v2/eval-7b-v2/sharegpt-x0.4-distserve_static/summary.json,16f31b76add37578da04084a183535e3d660d0c175a9e556ace9c80ad8dae008,,/home/pdblend4/results/maintenance/2026-09-23-history-pruning-v6/plan.json
363f2c835f5a51e8d10cf5b1,sharegpt-x0.4-dynamollm,eval-7b-v2,historical,experiment_attempt,Qwen2.5-7B-Instruct,dynamollm,,,1,,,sharegpt,0.4,6.447650204954888,701,310.9334921836853,5.0,0.15,,,,,,,,,,recorded,False,True,raw_pruned,,1934,1934,621406,621397,1.0,0.999482936918304,0.17111945152282715,0.2649567127227783,0.30941104888916016,0.42612171173095703,0.034048527034360974,0.039208511239317456,0.04178164663146853,0.0480333501045857,327423.8491104494,,,,,,,,,,,337756.99638339865,recorded_interval_not_proven_full_lifecycle,0.5435367479287272,0.5435446202401986,,,/home/pdblend4/results/v2/eval-7b-v2/sharegpt-x0.4-dynamollm/summary.json,490619455f0e27a05c7e92456ca72abe0288a27d08233ba33977019a3ba923a7,,/home/pdblend4/results/maintenance/2026-09-23-history-pruning-v6/plan.json
bc1e6f111202b75bde6bd967,sharegpt-x0.4-ecoserve,eval-7b-v2,historical,experiment_attempt,Qwen2.5-7B-Instruct,ecoserve,,,1,,,sharegpt,0.4,6.447650204954888,701,310.9634602069855,5.0,0.15,,,,,,,,,,recorded,False,True,raw_pruned,,1934,1934,621406,621406,1.0,1.0,0.1668226718902588,0.2221980094909668,0.2809011936187744,0.3560671806335449,0.033241991315569194,0.03726257787686642,0.03888198587525847,0.04239047425133841,372960.9652597121,,,,,,,,,,,385564.0908538393,recorded_interval_not_proven_full_lifecycle,0.6204704989231505,0.6204704989231505,,,/home/pdblend4/results/v2/eval-7b-v2/sharegpt-x0.4-ecoserve/summary.json,fbdfc302268870cf57a27d416be2334cb987e5e5d72b7a636579097a85b87498,,/home/pdblend4/results/maintenance/2026-09-23-history-pruning-v6/plan.json
f751d9973bead1c1b1408c54,sharegpt-x0.4-mixed,eval-7b-v2,historical,experiment_attempt,Qwen2.5-7B-Instruct,mixed,,,1,,,sharegpt,0.4,6.447650204954888,701,310.35177636146545,5.0,0.15,,,,,,,,,,recorded,False,True,raw_pruned,,1934,1934,621406,621406,1.0,1.0,0.15726900100708008,0.17219233512878418,0.174210786819458,0.19456243515014648,0.024021419293726493,0.025198671214111016,0.025630980188196355,0.026897357060359076,625409.3856019026,,,,,,,,,,,644372.7701045154,recorded_interval_not_proven_full_lifecycle,1.0369593632898868,1.0369593632898868,,,/home/pdblend4/results/v2/eval-7b-v2/sharegpt-x0.4-mixed/summary.json,d38dd8a84dbe861369d0df22a496adabad954dc66ff8740690e3ea34c475b259,,/home/pdblend4/results/maintenance/2026-09-23-history-pruning-v6/plan.json
f5634b9e44a07a17d1b3cb78,sharegpt-x0.5-distserve_static,eval-7b-v2,historical,experiment_attempt,Qwen2.5-7B-Instruct,distserve_static,,,1,,,sharegpt,0.5,8.167853976636192,701,311.39797806739807,5.0,0.15,,,,,,,,,,recorded,False,True,raw_pruned,,2450,2450,783564,,1.0,1.0,0.190504789352417,0.29012227058410645,,0.48899030685424805,0.023132830978887766,0.023384558294237273,,0.024139574595860074,586364.4628747936,,,,,,,,,,,604752.9559201585,recorded_interval_not_proven_full_lifecycle,0.7717977802963875,,,,/home/pdblend4/results/v2/eval-7b-v2/sharegpt-x0.5-distserve_static/summary.json,db041e79e423d6c7dbac42d52c29afe02e0847355bc9e49101a5b753fc4a325d,,/home/pdblend4/results/maintenance/2026-09-23-history-pruning-v6/plan.json
ae3841307c80a4447f11fa5d,sharegpt-x0.5-dynamollm,eval-7b-v2,historical,experiment_attempt,Qwen2.5-7B-Instruct,dynamollm,,,1,,,sharegpt,0.5,8.167853976636192,701,312.3059811592102,5.0,0.15,,,,,,,,,,recorded,False,True,raw_pruned,,2450,2450,783564,,1.0,1.0,0.16970348358154297,0.250443696975708,,0.3832132816314697,0.033347913197108676,0.03787978015728851,,0.051859947138054426,390772.91458406084,,,,,,,,,,,404854.60333792435,recorded_interval_not_proven_full_lifecycle,0.5166835170297823,,,,/home/pdblend4/results/v2/eval-7b-v2/sharegpt-x0.5-dynamollm/summary.json,d3ffadfd00df047835a3b0cdea2a1a2b92e8fc9fee9c7bef0ee213fe50ebfb88,,/home/pdblend4/results/maintenance/2026-09-23-history-pruning-v6/plan.json
da0f5092004c84b95c855810,sharegpt-x0.5-ecoserve,eval-7b-v2,historical,experiment_attempt,Qwen2.5-7B-Instruct,ecoserve,,,1,,,sharegpt,0.5,8.167853976636192,701,313.0418198108673,5.0,0.15,,,,,,,,,,recorded,False,True,raw_pruned,,2450,2450,783564,,1.0,1.0,0.17568635940551758,0.27654099464416504,,0.4187965393066406,0.03772277799482639,0.0429650483308015,,0.052138796219458945,382724.9531992168,,,,,,,,,,,397893.48375081294,recorded_interval_not_proven_full_lifecycle,0.5077995974174578,,,,/home/pdblend4/results/v2/eval-7b-v2/sharegpt-x0.5-ecoserve/summary.json,d4c9fa5c2d62f65003034dbea5aa31466b6a9705439328dbffc063c3da0cfc60,,/home/pdblend4/results/maintenance/2026-09-23-history-pruning-v6/plan.json
4b0e89e5087b4a88b9113cae,sharegpt-x0.5-mixed,eval-7b-v2,historical,experiment_attempt,Qwen2.5-7B-Instruct,mixed,,,1,,,sharegpt,0.5,8.167853976636192,701,311.27087116241455,5.0,0.15,,,,,,,,,,recorded,False,True,raw_pruned,,2450,2450,783564,,1.0,1.0,0.15834736824035645,0.17333006858825684,,0.23700451850891113,0.024904145261268343,0.026192192385450907,,0.02889078046068733,638282.0106958705,,,,,,,,,,,660199.467503422,recorded_interval_not_proven_full_lifecycle,0.8425597239069458,,,,/home/pdblend4/results/v2/eval-7b-v2/sharegpt-x0.5-mixed/summary.json,deed94aaf64dc817dce05d8312dee3f77b17a6de731bb1f654fcf761a0547658,,/home/pdblend4/results/maintenance/2026-09-23-history-pruning-v6/plan.json
d38aff7c54d20524efa20f9b,sharegpt-x0.5-mixed_dvfs,eval-7b-v2,historical,experiment_attempt,Qwen2.5-7B-Instruct,mixed_dvfs,,,1,,,sharegpt,0.5,8.167853976636192,701,312.3099412918091,5.0,0.15,,,,,,,,,,recorded,False,True,raw_pruned,,2450,2450,783564,783558,1.0,0.9991836734693877,0.24801969528198242,0.36132240295410156,0.3969752788543701,0.5063061714172363,0.029359899737216807,0.035548827864907005,0.03791979494548979,0.042850624431263314,504876.65378644044,,,,,,,,,,,524169.19370742975,recorded_interval_not_proven_full_lifecycle,0.6689551762299312,0.6689602986727591,,,/home/pdblend4/results/v2/eval-7b-v2/sharegpt-x0.5-mixed_dvfs/summary.json,10d8e447af1818e5e4989a99c98a8c10bdab9683ef5e9c352c5219934c91728c,,/home/pdblend4/results/maintenance/2026-09-23-history-pruning-v6/plan.json
8456215225c20413bc17ef85,sharegpt-x0.5-mixed_dvfs_park,eval-7b-v2,historical,experiment_attempt,Qwen2.5-7B-Instruct,mixed_dvfs_park,,,1,,,sharegpt,0.5,8.167853976636192,701,311.93782687187195,5.0,0.15,,,,,,,,,,recorded,False,True,raw_pruned,,2450,2450,783564,783564,1.0,1.0,0.1890568733215332,0.22912049293518066,0.2985091209411621,0.44194793701171875,0.03154808684500723,0.03723030018083977,0.042214608567906174,0.05058986853554611,407574.1153236096,,,,,,,,,,,421726.3481434802,recorded_interval_not_proven_full_lifecycle,0.5382155741502674,0.5382155741502674,,,/home/pdblend4/results/v2/eval-7b-v2/sharegpt-x0.5-mixed_dvfs_park/summary.json,266586c5eb48f5f795729c92812fd423b967b4d135bf9a6f5662ab24b7dd93cc,,/home/pdblend4/results/maintenance/2026-09-23-history-pruning-v6/plan.json
90c03321f9eb8ec1213fbe8e,sharegpt-x0.5-static_best,eval-7b-v2,historical,experiment_attempt,Qwen2.5-7B-Instruct,static_best,,,1,,,sharegpt,0.5,8.167853976636192,701,312.13268637657166,5.0,0.15,,,,,,,,,,recorded,False,True,raw_pruned,,2450,2450,783564,783564,1.0,1.0,0.1872251033782959,0.20505070686340332,0.24031996726989746,0.3394637107849121,0.030286466920530643,0.034429427031632306,0.03529983294938139,0.03858065605163574,385766.3370721366,,,,,,,,,,,399913.79434252926,recorded_interval_not_proven_full_lifecycle,0.5103779580768505,0.5103779580768505,,,/home/pdblend4/results/v2/eval-7b-v2/sharegpt-x0.5-static_best/summary.json,106792bbe784b681fad6d3e2113a4a6cdc425ab50388ec159e13dce111a84d3e,,/home/pdblend4/results/maintenance/2026-09-23-history-pruning-v6/plan.json
e043c71aec29adad8008ba9b,sharegpt-x0.6-distserve_static,eval-7b-v2,historical,experiment_attempt,Qwen2.5-7B-Instruct,distserve_static,,,1,,,sharegpt,0.6,9.777952446372952,701,310.9964175224304,5.0,0.15,,,,,,,,,,recorded,False,True,raw_pruned,,2933,2933,932602,932602,1.0,1.0,0.19513297080993652,0.3317408561706543,0.407440185546875,0.523841381072998,0.023341428043790993,0.0236621769991788,0.02379685691279224,0.024301718402382554,603246.5791229673,,,,,,,,,,,621918.8829305416,recorded_interval_not_proven_full_lifecycle,0.6668641960134566,0.6668641960134566,,,/home/pdblend4/results/v2/eval-7b-v2/sharegpt-x0.6-distserve_static/summary.json,fe67c875474bf6fd90752d2ca3f3cf0c869178f09c63f1de9ba9e8cb8a164600,,/home/pdblend4/results/maintenance/2026-09-23-history-pruning-v6/plan.json
4dddcd9d58e23fc3a4f2d27d,sharegpt-x0.6-dynamollm,eval-7b-v2,historical,experiment_attempt,Qwen2.5-7B-Instruct,dynamollm,,,1,,,sharegpt,0.6,9.777952446372952,701,312.154892206192,5.0,0.15,,,,,,,,,,recorded,False,True,raw_pruned,,2933,2933,932602,932602,1.0,1.0,0.17157649993896484,0.27104949951171875,0.3135857582092285,0.43422961235046387,0.03588560322726076,0.041641913519965275,0.048469713756016324,0.05987815500244381,404094.67982269323,,,,,,,,,,,418381.51667840296,recorded_interval_not_proven_full_lifecycle,0.44861743453091774,0.44861743453091774,,,/home/pdblend4/results/v2/eval-7b-v2/sharegpt-x0.6-dynamollm/summary.json,b3443253104021447fd90c4117bc9332ebfa12d94b0aa3abf40da191282a1ed8,,/home/pdblend4/results/maintenance/2026-09-23-history-pruning-v6/plan.json
7cab6b13185bacd5591f52e1,sharegpt-x0.6-ecoserve,eval-7b-v2,historical,experiment_attempt,Qwen2.5-7B-Instruct,ecoserve,,,1,,,sharegpt,0.6,9.777952446372952,701,312.72924613952637,5.0,0.15,,,,,,,,,,recorded,False,True,raw_pruned,,2933,2933,932602,932599,1.0,0.9996590521650187,0.18317270278930664,0.3029773235321045,0.3326075077056885,0.449138879776001,0.043475832939147946,0.051813228424890334,0.05413981741421843,0.06152036666870117,392786.80678249185,,,,,,,,,,,407684.04903209483,recorded_interval_not_proven_full_lifecycle,0.43714687404926733,0.43714828027061453,,,/home/pdblend4/results/v2/eval-7b-v2/sharegpt-x0.6-ecoserve/summary.json,42d1370d683d9ae22397092d7057f14f27b93fc3fc07b271228628039f0213da,,/home/pdblend4/results/maintenance/2026-09-23-history-pruning-v6/plan.json
646a83a966ef20ede863b957,sharegpt-x0.6-mixed,eval-7b-v2,historical,experiment_attempt,Qwen2.5-7B-Instruct,mixed,,,1,,,sharegpt,0.6,9.777952446372952,701,310.9929037094116,5.0,0.15,,,,,,,,,,recorded,False,True,raw_pruned,,2933,2933,932602,932602,1.0,1.0,0.15970253944396973,0.1747884750366211,0.1773216724395752,0.2685539722442627,0.025668146317465265,0.027193266037114815,0.027780317565769826,0.030618054939038825,655247.5429968332,,,,,,,,,,,676922.8578696069,recorded_interval_not_proven_full_lifecycle,0.7258432405995343,0.7258432405995343,,,/home/pdblend4/results/v2/eval-7b-v2/sharegpt-x0.6-mixed/summary.json,9eb916e9057ae1b5c76e1b9093c0791b2084cc8769ab197a4e7a68e19165dbab,,/home/pdblend4/results/maintenance/2026-09-23-history-pruning-v6/plan.json
16bf4204192ed095d0307d36,sharegpt-x0.7-distserve_static,eval-7b-v2,historical,experiment_attempt,Qwen2.5-7B-Instruct,distserve_static,,,1,,,sharegpt,0.7,11.415311154323387,701,311.7398474216461,5.0,0.15,,,,,,,,,,recorded,False,True,raw_pruned,,3423,3423,1081750,1081750,1.0,1.0,0.2029399871826172,0.4020094871520996,0.4744582176208496,0.6300311088562012,0.023651806461694576,0.02628740816141233,0.02652376598574644,0.026691655874995057,615054.8269146531,,,,,,,,,,,634748.7226596134,recorded_interval_not_proven_full_lifecycle,0.5867794986453555,0.5867794986453555,,,/home/pdblend4/results/v2/eval-7b-v2/sharegpt-x0.7-distserve_static/summary.json,f5e5e8bb5473c5b0a2d2897a2a6d782fff27e3d22f0417078f465f762c1f3262,,/home/pdblend4/results/maintenance/2026-09-23-history-pruning-v6/plan.json
0eb1203134aaa94abda4a0ba,sharegpt-x0.7-dynamollm,eval-7b-v2,historical,experiment_attempt,Qwen2.5-7B-Instruct,dynamollm,,,1,,,sharegpt,0.7,11.415311154323387,701,312.2944848537445,5.0,0.15,,,,,,,,,,recorded,False,True,raw_pruned,,3423,3423,1081750,1081750,1.0,1.0,0.17034554481506348,0.24915719032287598,0.3087935447692871,0.4213376045227051,0.034822568501511664,0.039979902578859916,0.04682828018412364,0.05603643826075962,467769.6322555144,,,,,,,,,,,484801.441731442,recorded_interval_not_proven_full_lifecycle,0.4481640321067178,0.4481640321067178,,,/home/pdblend4/results/v2/eval-7b-v2/sharegpt-x0.7-dynamollm/summary.json,e43d0e7c4947414fa17aa29bf609e82564ce55afaf02a610ee9a871b2fbef02c,,/home/pdblend4/results/maintenance/2026-09-23-history-pruning-v6/plan.json
dcd0255c1a771082c53f268a,sharegpt-x0.7-ecoserve,eval-7b-v2,historical,experiment_attempt,Qwen2.5-7B-Instruct,ecoserve,,,1,,,sharegpt,0.7,11.415311154323387,701,314.00167632102966,5.0,0.15,,,,,,,,,,recorded,False,True,raw_pruned,,3423,3423,1081750,1081738,1.0,0.9994157172071283,0.20148110389709473,0.35341477394104004,0.41640686988830566,0.5368564128875732,0.0548604800694715,0.06914834161499638,0.07313572114972926,0.08483919902154577,409801.3244237023,,,,,,,,,,,426791.04199317785,recorded_interval_not_proven_full_lifecycle,0.39453759370758296,0.3945419704153666,,,/home/pdblend4/results/v2/eval-7b-v2/sharegpt-x0.7-ecoserve/summary.json,8a2234034f8867eac8fc89f4c92777145309705eb56f9d9c0874aac629fe1eaf,,/home/pdblend4/results/maintenance/2026-09-23-history-pruning-v6/plan.json
c4877fc379d2d457c0d23af0,sharegpt-x0.7-mixed,eval-7b-v2,historical,experiment_attempt,Qwen2.5-7B-Instruct,mixed,,,1,,,sharegpt,0.7,11.415311154323387,701,311.52813148498535,5.0,0.15,,,,,,,,,,recorded,False,True,raw_pruned,,3423,3423,1081750,1081750,1.0,1.0,0.16160893440246582,0.1766221523284912,0.17960190773010254,0.28168320655822754,0.02650048021684613,0.028129661543686502,0.02871373176574707,0.031444449483612434,665205.0866546448,,,,,,,,,,,687633.3291276263,recorded_interval_not_proven_full_lifecycle,0.6356675101711359,0.6356675101711359,,,/home/pdblend4/results/v2/eval-7b-v2/sharegpt-x0.7-mixed/summary.json,52b76cb2e151dc338b5f760ba76e6fe7911683a409f50fec46c9715357a416fc,,/home/pdblend4/results/maintenance/2026-09-23-history-pruning-v6/plan.json
b5f729c180707dae8cb4d2d8,sharegpt-x0.8-distserve_static,eval-7b-v2,historical,experiment_attempt,Qwen2.5-7B-Instruct,distserve_static,,,1,,,sharegpt,0.8,13.11712336164897,701,311.9716725349426,5.0,0.15,,,,,,,,,,recorded,False,True,raw_pruned,,3935,3935,1244513,1244513,1.0,1.0,0.24328994750976562,0.5429661273956299,0.6501033306121826,0.8776063919067383,0.02618573374218411,0.026801735162734985,0.02688684863244702,0.02701175118499192,629182.7279876978,,,,,,,,,,,649143.0424176472,recorded_interval_not_proven_full_lifecycle,0.5216040671472674,0.5216040671472674,,,/home/pdblend4/results/v2/eval-7b-v2/sharegpt-x0.8-distserve_static/summary.json,77f33ffff6ea4ea0b634cd1292662fd07c35e0e21d4583c0526416b03d509c35,,/home/pdblend4/results/maintenance/2026-09-23-history-pruning-v6/plan.json
f6ea6c358ec8c20edb8a6388,sharegpt-x0.8-dynamollm,eval-7b-v2,historical,experiment_attempt,Qwen2.5-7B-Instruct,dynamollm,,,1,,,sharegpt,0.8,13.11712336164897,701,312.30186915397644,5.0,0.15,,,,,,,,,,recorded,False,True,raw_pruned,,3935,3935,1244513,1244513,1.0,1.0,0.17054986953735352,0.23998570442199707,0.3029172420501709,0.3526747226715088,0.0341040612200235,0.038084202883194904,0.0424136364296691,0.051551155745983124,532498.9122738583,,,,,,,,,,,552292.7814075765,recorded_interval_not_proven_full_lifecycle,0.44378225169811525,0.44378225169811525,,,/home/pdblend4/results/v2/eval-7b-v2/sharegpt-x0.8-dynamollm/summary.json,7119269feb4aa20d21c6c7b3095995b7103fe6b4d7e334d1dd88fca1b5e58167,,/home/pdblend4/results/maintenance/2026-09-23-history-pruning-v6/plan.json
70170bf46722df9251fa0cef,sharegpt-x0.8-ecoserve,eval-7b-v2,historical,experiment_attempt,Qwen2.5-7B-Instruct,ecoserve,,,1,,,sharegpt,0.8,13.11712336164897,701,316.9686541557312,5.0,0.15,,,,,,,,,,recorded,False,True,raw_pruned,,3935,3935,1244513,1244235,1.0,0.995425667090216,0.28341078758239746,0.5280678272247314,0.5940964221954346,0.7489035129547119,0.0989633204965939,0.1136008335419597,0.11893669896106007,0.1339283238595991,422986.7603929202,,,,,,,,,,,445039.2074270623,recorded_interval_not_proven_full_lifecycle,0.35760109169374876,0.35768099067062276,,,/home/pdblend4/results/v2/eval-7b-v2/sharegpt-x0.8-ecoserve/summary.json,b18bddbf84e7a325ab20556be42606387a5ef0899da7b3ca8a270ba3c01d92b7,,/home/pdblend4/results/maintenance/2026-09-23-history-pruning-v6/plan.json
d7461e61467a5b7e95beb720,sharegpt-x0.8-mixed,eval-7b-v2,historical,experiment_attempt,Qwen2.5-7B-Instruct,mixed,,,1,,,sharegpt,0.8,13.11712336164897,701,311.5053086280823,5.0,0.15,,,,,,,,,,recorded,False,True,raw_pruned,,3935,3935,1244513,1244513,1.0,1.0,0.163038969039917,0.1784675121307373,0.18204331398010254,0.2743062973022461,0.027873283689202815,0.03121394407553751,0.03210349310012091,0.035531105995178225,672531.3033320821,,,,,,,,,,,695596.4575338748,recorded_interval_not_proven_full_lifecycle,0.5589306479995587,0.5589306479995587,,,/home/pdblend4/results/v2/eval-7b-v2/sharegpt-x0.8-mixed/summary.json,5e71e868fb299baf9c02927a75efec6df87bc07e8c8eb88eaf3cc3fe38e9a562,,/home/pdblend4/results/maintenance/2026-09-23-history-pruning-v6/plan.json
0ab81e62755bd15726fb15f5,sharegpt-x0.9-distserve_static,eval-7b-v2,historical,experiment_attempt,Qwen2.5-7B-Instruct,distserve_static,,,1,,,sharegpt,0.9,14.817616038590725,701,312.7390627861023,5.0,0.15,,,,,,,,,,recorded,False,True,raw_pruned,,4444,4444,1408907,1408907,1.0,1.0,0.347367525100708,0.8083961009979248,0.9812719821929932,1.3049700260162354,0.02670826370702098,0.027140286835757168,0.027263438479500527,0.027401080498328574,640932.891595012,,,,,,,,,,,662960.7936932242,recorded_interval_not_proven_full_lifecycle,0.4705497195295532,0.4705497195295532,,,/home/pdblend4/results/v2/eval-7b-v2/sharegpt-x0.9-distserve_static/summary.json,6ba8b14e777dc3a559846a12891ba2f85f4ebabff08ec2c73f3669cf19ba48a6,,/home/pdblend4/results/maintenance/2026-09-23-history-pruning-v6/plan.json
c00f7c29ce182573b3a052b6,sharegpt-x0.9-dynamollm,eval-7b-v2,historical,experiment_attempt,Qwen2.5-7B-Instruct,dynamollm,,,1,,,sharegpt,0.9,14.817616038590725,701,312.4597327709198,5.0,0.15,,,,,,,,,,recorded,False,True,raw_pruned,,4444,4444,1408907,1408904,1.0,0.9997749774977498,0.1725771427154541,0.23824214935302734,0.30185651779174805,0.38582706451416016,0.0361956221361955,0.040610534570921654,0.04504890875382857,0.05538303748421047,546294.386949959,,,,,,,,,,,566738.413269746,recorded_interval_not_proven_full_lifecycle,0.40225395520765106,0.40225481173291155,,,/home/pdblend4/results/v2/eval-7b-v2/sharegpt-x0.9-dynamollm/summary.json,e151bd0c53ae1450d246832972d11be5530854cfb84269a5c730a3cb846d40fb,,/home/pdblend4/results/maintenance/2026-09-23-history-pruning-v6/plan.json
a51cf2715331062b74e073c9,sharegpt-x0.9-ecoserve,eval-7b-v2,historical,experiment_attempt,Qwen2.5-7B-Instruct,ecoserve,,,1,,,sharegpt,0.9,14.817616038590725,701,318.52409625053406,5.0,0.15,,,,,,,,,,recorded,False,True,raw_pruned,,4444,4444,1408907,656749,1.0,0.45792079207920794,0.42991042137145996,8.805665493011475,10.085220575332642,11.615910530090332,0.12919500584785754,0.19775885781821081,0.2089916122846367,0.24933917434127242,457506.3392073531,,,,,,,,,,,490851.7326088622,recorded_interval_not_proven_full_lifecycle,0.3483918616408764,0.7473962390637249,,,/home/pdblend4/results/v2/eval-7b-v2/sharegpt-x0.9-ecoserve/summary.json,0eac7c040891c8b610a48a3d3ae9a0a9ae708a27511f5d9c7524a2c27e5ebac2,,/home/pdblend4/results/maintenance/2026-09-23-history-pruning-v6/plan.json
7467691178df5770f4965bcc,sharegpt-x0.9-mixed,eval-7b-v2,historical,experiment_attempt,Qwen2.5-7B-Instruct,mixed,,,1,,,sharegpt,0.9,14.817616038590725,701,312.1276454925537,5.0,0.15,,,,,,,,,,recorded,False,True,raw_pruned,,4444,4444,1408907,1408904,1.0,0.9997749774977498,0.16499805450439453,0.18286967277526855,0.20094537734985352,0.2961554527282715,0.03095485538156335,0.033346413482319225,0.03411695231562075,0.03737774954901801,680917.3460657925,,,,,,,,,,,705146.8082881413,recorded_interval_not_proven_full_lifecycle,0.5004920894623572,0.5004931551675212,,,/home/pdblend4/results/v2/eval-7b-v2/sharegpt-x0.9-mixed/summary.json,a38a6993e7a4f7fcfee941577bc08543d501ef9ef19649282463acbaa65c3c43,,/home/pdblend4/results/maintenance/2026-09-23-history-pruning-v6/plan.json
0783e9da2906ee6383ae0e2f,measurement,fixed-m4-2100-seed-1701,historical,experiment_attempt,Qwen2.5-7B-Instruct,manual,,,1,,,sharegpt,0.5,8.423528405875258,1701,312.04293751716614,5.0,0.15,,,,,,,,,,recorded,False,False,raw_pruned,,2526,2526,788868,788868,1.0,1.0,0.1923675537109375,0.222212553024292,0.2931487560272217,0.3758275508880615,0.03523167798663772,0.03820692892554853,0.03919274710243243,0.04489093897294025,330747.7272315234,,,,,,,,,,,342475.6483186101,recorded_interval_not_proven_full_lifecycle,0.43413555666931614,0.43413555666931614,,,/home/pdblend4/results/2026-09-21/pdblend-optimization/fixed-m4-2100-seed-1701/measurement/summary.json,b930465e6f705243be7dd39944106fa2dfd81a9df3ee2d214d08a96a43712c38,,/home/pdblend4/results/maintenance/2026-09-23-history-pruning-v6/plan.json
fb22c298dabdd6bf6ee28f61,measurement,fixed-m4-2100-seed-2701,historical,experiment_attempt,Qwen2.5-7B-Instruct,manual,,,1,,,sharegpt,0.5,7.963657575874711,2701,311.9501283168793,5.0,0.15,,,,,,,,,,recorded,False,False,raw_pruned,,2388,2388,750828,750825,1.0,0.9995812395309883,0.19037437438964844,0.21207165718078613,0.27568888664245605,0.3566436767578125,0.03419650828137117,0.037620525511484294,0.03895870474881904,0.04308822297102568,329150.0157591551,,,,,,,,,,,341047.6295396228,recorded_interval_not_proven_full_lifecycle,0.45422870423002715,0.4542305191484338,,,/home/pdblend4/results/2026-09-21/pdblend-optimization/fixed-m4-2100-seed-2701/measurement/summary.json,f14b4ae283d4acd59e8a12b93771ec13b7f9f381ff186997f16c5239409bb93b,,/home/pdblend4/results/maintenance/2026-09-23-history-pruning-v6/plan.json
4ca52a1dd68c7e334495caf5,measurement,fixed-m4-2100-seed-701,historical,experiment_attempt,Qwen2.5-7B-Instruct,manual,,,1,,,sharegpt,0.5,8.167853976636192,701,312.34190344810486,5.0,0.15,,,,,,,,,,recorded,False,True,raw_pruned,,2450,2450,783564,783564,1.0,1.0,0.19153189659118652,0.23096585273742676,0.3021676540374756,0.44204068183898926,0.034833493384909126,0.039142182661829165,0.040411992387457206,0.04546594986548791,329379.9607968047,,,,,,,,,,,341846.1581325148,recorded_interval_not_proven_full_lifecycle,0.436270882955974,0.436270882955974,,,/home/pdblend4/results/2026-09-21/pdblend-optimization/fixed-m4-2100-seed-701/measurement/summary.json,4fc265a467098c0ef3621303a06cf3d94d25b10b91443b3fcc36d29dba9244e9,,/home/pdblend4/results/maintenance/2026-09-23-history-pruning-v6/plan.json
0b104b8434516dcb125aa2ec,alpaca-x0.1-ecoserve,invalidated-evening-drift,historical,experiment_attempt,Qwen2.5-7B-Instruct,ecoserve,,,1,,,alpaca,0.1,18.134624648640383,701,310.7019739151001,1.0,0.1,,,,,,,,,,recorded,False,True,raw_pruned,,5440,5440,758605,758605,1.0,1.0,0.061769962310791016,0.07941722869873047,0.08442831039428711,0.09583020210266113,0.032668224078619884,0.03555838463237747,0.036444795075186054,0.03835465268390935,275054.0196557916,,,,,,,,,,,283679.60206345713,recorded_interval_not_proven_full_lifecycle,0.3739490275749002,0.3739490275749002,,,/home/pdblend4/results/v2/invalidated-evening-drift/alpaca-x0.1-ecoserve/summary.json,36a1a7aa0e1df9ba613992aa7c962d66feaf9ad83cf048704c0109cca850964c,,/home/pdblend4/results/maintenance/2026-09-23-history-pruning-v6/plan.json
27199680b5d6c18003d1d2e4,sharegpt-x0.5-pdblend,invalidated-evening-drift,historical,experiment_attempt,Qwen2.5-7B-Instruct,pdblend,,,1,,,sharegpt,0.5,8.167853976636192,701,316.0795886516571,5.0,0.15,,,,,,,,,,recorded,False,True,raw_pruned,,2450,2450,783564,783526,1.0,0.9971428571428571,0.2923238277435303,0.8636715412139893,1.1051454544067383,1.524564266204834,0.0593384750016773,0.0752564175269904,0.07745684612364996,0.0906587694421669,261374.5276790761,,,,,,,,,,,274473.3182993543,recorded_interval_not_proven_full_lifecycle,0.3502883214381394,0.35030530996974485,,,/home/pdblend4/results/v2/invalidated-evening-drift/sharegpt-x0.5-pdblend/summary.json,76bbf8bc88e2ade4011a2e4e169c28a08ef550063e16787ed70aba3b29004757,,/home/pdblend4/results/maintenance/2026-09-23-history-pruning-v6/plan.json
788b5bbb8a514368b8a1c329,alpaca-x0.1-mixed,keepalive-gate,historical,experiment_attempt,Qwen2.5-7B-Instruct,mixed,,,1,,,alpaca,0.1,18.134624648640383,701,309.36503624916077,1.0,0.1,,,,,,,,,,recorded,False,True,raw_pruned,,5440,5440,758605,758605,1.0,1.0,0.04141688346862793,0.050121307373046875,0.05133056640625,0.052869558334350586,0.022204699946063784,0.02236947923336389,0.022447824478149414,0.02267494797706604,611910.31739035,,,,,,,,,,,627214.5637495893,recorded_interval_not_proven_full_lifecycle,0.8267999337594523,0.8267999337594523,,,/home/pdblend4/results/v2/keepalive-gate/alpaca-x0.1-mixed/summary.json,ea5538c6fce511c723fba8e7384a5ffa4078ab326d919723360ce030d3462843,,/home/pdblend4/results/maintenance/2026-09-23-history-pruning-v6/plan.json
c40214065979d94e87653c2f,sharegpt-x0.5-distserve_static,keepalive-gate,historical,experiment_attempt,Qwen2.5-7B-Instruct,distserve_static,,,1,,,sharegpt,0.5,8.167853976636192,701,311.3822441101074,5.0,0.15,,,,,,,,,,recorded,False,True,raw_pruned,,2450,2450,783564,783564,1.0,1.0,0.19088101387023926,0.28424930572509766,0.3428025245666504,0.47179555892944336,0.023125515742735428,0.023367489387377833,0.023444935058554012,0.024058438093928207,586733.8054156092,,,,,,,,,,,605058.9089384088,recorded_interval_not_proven_full_lifecycle,0.7721882436385653,0.7721882436385653,,,/home/pdblend4/results/v2/keepalive-gate/sharegpt-x0.5-distserve_static/summary.json,e9cfc1604436bd0e163b4b9d2153174a3e755347f193883450717dc0002aa74d,,/home/pdblend4/results/maintenance/2026-09-23-history-pruning-v6/plan.json
8951d229d9dfcace7385c291,sharegpt-x0.5-mixed,keepalive-gate,historical,experiment_attempt,Qwen2.5-7B-Instruct,mixed,,,1,,,sharegpt,0.5,8.167853976636192,701,311.6381630897522,5.0,0.15,,,,,,,,,,recorded,False,True,raw_pruned,,2450,2450,783564,783564,1.0,1.0,0.1594071388244629,0.1742568016052246,0.17623186111450195,0.22864389419555664,0.02487256055708734,0.026229798677149585,0.026812475488143892,0.029216552126234856,638507.2925683421,,,,,,,,,,,659257.7407271034,recorded_interval_not_proven_full_lifecycle,0.8413578734182574,0.8413578734182574,,,/home/pdblend4/results/v2/keepalive-gate/sharegpt-x0.5-mixed/summary.json,a096c1ddd0dab070484cc7123d9df6858c7748ab1dc85ea9bb83cb3278f62896,,/home/pdblend4/results/maintenance/2026-09-23-history-pruning-v6/plan.json
541ef3b523751e31e847ab0d,alpaca-x0.1-pdblend,matrix-profile-round6,historical,experiment_attempt,Qwen2.5-7B-Instruct,pdblend,,,1,,,alpaca,0.1,18.134624648640383,701,310.18703532218933,1.0,0.1,,,,,,,,,,recorded,False,True,raw_pruned,,5440,5440,758605,758605,1.0,1.0,0.050935983657836914,0.06354546546936035,0.06779265403747559,0.08008527755737305,0.026721608718769663,0.027941266695658367,0.028258932961357966,0.029406428337097168,293686.72384083184,,,,,,,,,,,302784.8234757127,recorded_interval_not_proven_full_lifecycle,0.39913370393777087,0.39913370393777087,,,/home/pdblend4/results/2026-09-22/matrix-profile-round6/alpaca-x0.1-pdblend/summary.json,a36037ebf8b65e11fc3ef8e949dc9ff0411825100522fdfd5ffdaabc2677b74b,,/home/pdblend4/results/maintenance/2026-09-23-history-pruning-v6/plan.json
2230f013bb06a856d501ac0d,alpaca-x0.2-pdblend,matrix-profile-round6,historical,experiment_attempt,Qwen2.5-7B-Instruct,pdblend,,,1,,,alpaca,0.2,35.70107824762078,701,311.3262314796448,1.0,0.1,,,,,,,,,,recorded,False,True,raw_pruned,,10710,10710,1499147,1499147,1.0,1.0,0.06756591796875,0.08427238464355469,0.09018325805664062,0.10560774803161621,0.032570748653226685,0.03422998522852992,0.03519039818003208,0.03822031888094815,303438.3345253489,,,,,,,,,,,314236.3968676679,recorded_interval_not_proven_full_lifecycle,0.20961012953877634,0.20961012953877634,,,/home/pdblend4/results/2026-09-22/matrix-profile-round6/alpaca-x0.2-pdblend/summary.json,8649db0a1a831b787afdd7b6162f9d3c83988c2e64aa3d9ad52a650562d20d03,,/home/pdblend4/results/maintenance/2026-09-23-history-pruning-v6/plan.json
40240312f4fce631e2b9d0d3,alpaca-x0.3-pdblend,matrix-profile-round6,historical,experiment_attempt,Qwen2.5-7B-Instruct,pdblend,,,1,,,alpaca,0.3,53.94669885716806,701,314.5578889846802,1.0,0.1,,,,,,,,,,recorded,False,True,raw_pruned,,16184,16184,2263412,2263375,1.0,0.999629263470094,0.08624529838562012,0.14917707443237305,0.16376042366027832,0.18923473358154297,0.04410660266876221,0.06603073206814852,0.0690551485334124,0.07674381949684837,347094.591056423,,,,,,,,,,,361325.2352734295,recorded_interval_not_proven_full_lifecycle,0.1596374125759824,0.15964002221171017,,,/home/pdblend4/results/2026-09-22/matrix-profile-round6/alpaca-x0.3-pdblend/summary.json,0e4ae2c0d6dd1e8c3548d6fd7410228ba6477207cafad03da0bd921081ee185b,,/home/pdblend4/results/maintenance/2026-09-23-history-pruning-v6/plan.json
5abbfe2264511883a9b1fe51,alpaca-x0.4-pdblend,matrix-profile-round6,historical,experiment_attempt,Qwen2.5-7B-Instruct,pdblend,,,1,,,alpaca,0.4,71.98049833728547,701,311.6266453266144,1.0,0.1,,,,,,,,,,recorded,False,True,raw_pruned,,21594,21594,3017469,3017373,1.0,0.9994442900805779,0.08851265907287598,0.14251399040222168,0.15854096412658691,0.18689489364624023,0.042108283323400164,0.0642834050314767,0.06969118118286133,0.07725274562835693,396051.9299855421,,,,,,,,,,,410910.3939671193,recorded_interval_not_proven_full_lifecycle,0.1361771716518444,0.13618150423136924,,,/home/pdblend4/results/2026-09-22/matrix-profile-round6/alpaca-x0.4-pdblend/summary.json,d41be418d8c5ba5de3ae40f1fd38ac897ae8a036e6bf36a19ff0433dd5b16431,,/home/pdblend4/results/maintenance/2026-09-23-history-pruning-v6/plan.json
5fcfec07e1eeab2382656eb4,alpaca-x0.5-pdblend,matrix-profile-round6,historical,experiment_attempt,Qwen2.5-7B-Instruct,pdblend,,,1,,,alpaca,0.5,89.93820241668405,701,312.7322428226471,1.0,0.1,,,,,,,,,,recorded,False,True,raw_pruned,,26981,26981,3763932,3763775,1.0,0.9993328638671658,0.12441825866699219,0.16778898239135742,0.1893317699432373,0.25310444831848145,0.05907950449634243,0.06857877511244553,0.07144899368286133,0.07779939969380696,424351.22495981044,,,,,,,,,,,438392.6896779492,recorded_interval_not_proven_full_lifecycle,0.11647200047130213,0.1164768589190239,,,/home/pdblend4/results/2026-09-22/matrix-profile-round6/alpaca-x0.5-pdblend/summary.json,f5b1dabe30f4334f5d91513b74800742efd945441a07c62adc897cf14bb51063,,/home/pdblend4/results/maintenance/2026-09-23-history-pruning-v6/plan.json
cbfbc56eae5a8c84e4f564a7,alpaca-x0.6-pdblend,matrix-profile-round6,historical,experiment_attempt,Qwen2.5-7B-Instruct,pdblend,,,1,,,alpaca,0.6,108.04376237978332,701,314.5796821117401,1.0,0.1,,,,,,,,,,recorded,False,True,raw_pruned,,32413,32413,4525305,4525079,1.0,0.9990435936198439,0.12128400802612305,0.18140840530395508,0.2132887840270996,0.2801530361175537,0.051510769493725836,0.06705233454704285,0.07109086036682129,0.07802077134450276,502073.70212429756,,,,,,,,,,,520962.86395929067,recorded_interval_not_proven_full_lifecycle,0.11512215507226378,0.11512790471929676,,,/home/pdblend4/results/2026-09-22/matrix-profile-round6/alpaca-x0.6-pdblend/summary.json,f2dc9a4843acf35a6cd0a3429ddee270fbedc52c18f3b44eb0f0d89a06a64cb1,,/home/pdblend4/results/maintenance/2026-09-23-history-pruning-v6/plan.json
091411ec3c69318d193fffc5,alpaca-x0.7-pdblend,matrix-profile-round6,historical,experiment_attempt,Qwen2.5-7B-Instruct,pdblend,,,1,,,alpaca,0.7,126.27077910794624,701,313.3509795665741,1.0,0.1,,,,,,,,,,recorded,False,True,raw_pruned,,37881,37881,5284494,5283283,1.0,0.9989176632084686,0.13866639137268066,0.24562454223632812,0.29132866859436035,0.40555500984191895,0.048749917183965895,0.06608716646830241,0.07012151467679727,0.07821327164059594,568727.4758341641,,,,,,,,,,,592596.1171240034,recorded_interval_not_proven_full_lifecycle,0.11213866779373831,0.11216437149477008,,,/home/pdblend4/results/2026-09-22/matrix-profile-round6/alpaca-x0.7-pdblend/summary.json,d01aeea96d90865542d71473b8ba0f1a73fe7b2b143925db2a0f0bfc551d6b28,,/home/pdblend4/results/maintenance/2026-09-23-history-pruning-v6/plan.json
ec9099e24b60c90630fd51b1,alpaca-x0.8-pdblend,matrix-profile-round6,historical,experiment_attempt,Qwen2.5-7B-Instruct,pdblend,,,1,,,alpaca,0.8,144.53340853035454,701,312.58531379699707,1.0,0.1,,,,,,,,,,recorded,False,True,raw_pruned,,43360,43360,6064199,6053536,1.0,0.994649446494465,0.2192397117614746,0.4069509506225586,0.4819939136505127,0.638117790222168,0.051459464159878815,0.07100018092564174,0.07375834204933861,0.08638834953308105,653598.6553509939,,,,,,,,,,,680927.166942508,recorded_interval_not_proven_full_lifecycle,0.1122864152285418,0.11248420211633464,,,/home/pdblend4/results/2026-09-22/matrix-profile-round6/alpaca-x0.8-pdblend/summary.json,7e2b4d87b81b13a4c05aec1a8f35cf45ad4e71427d1389f56f17ee00d22c513b,,/home/pdblend4/results/maintenance/2026-09-23-history-pruning-v6/plan.json
8d4814f8eb816af29375ded4,alpaca-x0.9-pdblend,matrix-profile-round6,historical,experiment_attempt,Qwen2.5-7B-Instruct,pdblend,,,1,,,alpaca,0.9,162.6600990057469,701,312.90928411483765,1.0,0.1,,,,,,,,,,recorded,False,True,raw_pruned,,48796,48796,6822987,6819240,1.0,0.997376834166735,0.27718615531921387,0.4618806838989258,0.536219596862793,0.6864793300628662,0.05138646162949599,0.06655451394979237,0.07026691436767578,0.08018129522150214,723750.9791557649,,,,,,,,,,,752638.2471141877,recorded_interval_not_proven_full_lifecycle,0.1103092013973041,0.11036981351502333,,,/home/pdblend4/results/2026-09-22/matrix-profile-round6/alpaca-x0.9-pdblend/summary.json,78a12a404e9459e5542a9878fcc00a56fc413a44be1223aab8b7fd18e8a9796a,,/home/pdblend4/results/maintenance/2026-09-23-history-pruning-v6/plan.json
10abc8b9a2bd9a40711ed1b9,longbench-x0.1-pdblend,matrix-profile-round6,historical,experiment_attempt,Qwen2.5-7B-Instruct,pdblend,,,1,,,longbench,0.1,1.1869538563076434,701,310.99870777130127,15.0,0.2,,,,,,,,,,recorded,False,True,raw_pruned,,355,355,20563,20563,1.0,1.0,0.8012120723724365,0.8044078350067139,0.8333230018615723,0.8430371284484863,0.02208022637800737,0.024589896202087402,0.02904917269336934,0.07948362827301025,223774.46955198556,,,,,,,,,,,231810.98742439694,recorded_interval_not_proven_full_lifecycle,11.273208550522634,11.273208550522634,,,/home/pdblend4/results/2026-09-22/matrix-profile-round6/longbench-x0.1-pdblend/summary.json,464e4b2c19b8a3e6cd9d6e036e9677bed91e97eacb481b3fc8bb869185502995,,/home/pdblend4/results/maintenance/2026-09-23-history-pruning-v6/plan.json
af989b3825bb16bc4d78fea1,longbench-x0.2-pdblend,matrix-profile-round6,historical,experiment_attempt,Qwen2.5-7B-Instruct,pdblend,,,1,,,longbench,0.2,2.4155084508432387,701,309.2610216140747,15.0,0.2,,,,,,,,,,recorded,False,True,raw_pruned,,724,724,42190,42158,1.0,0.988950276243094,0.42096519470214844,1.0592503547668457,1.0951507091522217,1.563955307006836,0.02244012885623508,0.031049331029256184,0.052066839658297025,0.20255855719248453,334795.4749164821,,,,,,,,,,,342096.37870700343,recorded_interval_not_proven_full_lifecycle,8.108470697013592,8.114625425945334,,,/home/pdblend4/results/2026-09-22/matrix-profile-round6/longbench-x0.2-pdblend/summary.json,27b7f5c2dcfabc4fa57c8f3dd81380c0170f05ddab4741ca952828121b29de68,,/home/pdblend4/results/maintenance/2026-09-23-history-pruning-v6/plan.json
5f8de2351e18c074b8f1beb1,longbench-x0.3-pdblend,matrix-profile-round6,historical,experiment_attempt,Qwen2.5-7B-Instruct,pdblend,,,1,,,longbench,0.3,3.798408764437614,701,310.3987638950348,15.0,0.2,,,,,,,,,,recorded,False,True,raw_pruned,,1139,1138,64228,64022,0.9991220368744512,0.9648814749780509,0.4564201831817627,1.0681204795837402,1.4357247352600098,2.205498695373535,0.0274314284324646,0.050872666495186944,0.09119878212610881,0.7343268924289279,392253.58894423675,,,,,,,,,,,400126.4709987138,recorded_interval_not_proven_full_lifecycle,6.229782509165999,6.249827731072347,,,/home/pdblend4/results/2026-09-22/matrix-profile-round6/longbench-x0.3-pdblend/summary.json,0381fce04ad7bdc9d91610ab2a8e2861817cc197f8f8fc0d1ffd38f1213834f5,,/home/pdblend4/results/maintenance/2026-09-23-history-pruning-v6/plan.json
696703b108ff3d19906c144c,longbench-x0.4-pdblend,matrix-profile-round6,historical,experiment_attempt,Qwen2.5-7B-Instruct,pdblend,,,1,,,longbench,0.4,5.183267922822266,701,309.41480588912964,15.0,0.2,,,,,,,,,,recorded,False,True,raw_pruned,,1551,1551,86910,84032,1.0,0.8749194068343005,0.43843746185302734,3.390169620513916,5.249713659286499,6.800405263900757,0.02408623695373535,0.4257036935199391,1.5368481675783794,2.142307758331299,457063.6721192789,,,,,,,,,,,466989.8734365908,recorded_interval_not_proven_full_lifecycle,5.373258237677952,5.557286193790351,,,/home/pdblend4/results/2026-09-22/matrix-profile-round6/longbench-x0.4-pdblend/summary.json,d73310cb9d08fb4367be73996e990fab3e1e01f964e670db983cadde83f84e9e,,/home/pdblend4/results/maintenance/2026-09-23-history-pruning-v6/plan.json
ab444250dac7e16be9e6e515,longbench-x0.5-pdblend,matrix-profile-round6,historical,experiment_attempt,Qwen2.5-7B-Instruct,pdblend,,,1,,,longbench,0.5,6.390760994924843,701,311.13541197776794,15.0,0.2,,,,,,,,,,recorded,False,True,raw_pruned,,1916,1916,109062,108873,1.0,0.9692066805845512,0.4361429214477539,0.5794322490692139,0.6990880966186523,0.9207448959350586,0.02309279441833496,0.0715548341924494,0.1408379077911377,0.4155423641204834,567686.9940166584,,,,,,,,,,,578499.3956529995,recorded_interval_not_proven_full_lifecycle,5.304316770763415,5.313524892792516,,,/home/pdblend4/results/2026-09-22/matrix-profile-round6/longbench-x0.5-pdblend/summary.json,5b97eb3349581754bc5b3d2f6f191cc4cc384a3060154bfa0b8a8629d138d90b,,/home/pdblend4/results/maintenance/2026-09-23-history-pruning-v6/plan.json
6a8afde28a16a2d2fea43379,longbench-x0.6-pdblend,matrix-profile-round6,historical,experiment_attempt,Qwen2.5-7B-Instruct,pdblend,,,1,,,longbench,0.6,7.683633164098095,701,309.30147647857666,15.0,0.2,,,,,,,,,,recorded,False,True,raw_pruned,,2305,2305,131628,131247,1.0,0.9527114967462039,0.4405488967895508,0.6805801391601562,0.7993943691253662,1.0597255229949951,0.023869305849075317,0.11185348033905029,0.18471550941467285,0.4211723804473877,578218.5683812085,,,,,,,,,,,591354.1581886454,recorded_interval_not_proven_full_lifecycle,4.49261675470755,4.505658477440592,,,/home/pdblend4/results/2026-09-22/matrix-profile-round6/longbench-x0.6-pdblend/summary.json,ca53aadc306d2717f11bf609c11ab897f3a2d50e01a545555c5dc523bd779374,,/home/pdblend4/results/maintenance/2026-09-23-history-pruning-v6/plan.json
6d720fcf78db8841f5220411,longbench-x0.7-pdblend,matrix-profile-round6,historical,experiment_attempt,Qwen2.5-7B-Instruct,pdblend,,,1,,,longbench,0.7,9.051375709181102,701,307.7733118534088,15.0,0.2,,,,,,,,,,recorded,False,True,raw_pruned,,2714,2714,152538,152143,1.0,0.9561532792925571,0.4375326633453369,0.621382474899292,0.7437648773193359,0.8778049945831299,0.02386323610941569,0.1117261250813802,0.17066168785095215,0.4200615882873535,655838.3017479718,,,,,,,,,,,668563.8047342792,recorded_interval_not_proven_full_lifecycle,4.382932808443005,4.394311961340838,,,/home/pdblend4/results/2026-09-22/matrix-profile-round6/longbench-x0.7-pdblend/summary.json,f5da43c2ffcacf6503b0ac9f01f9c54f81e3ab4cfafb5cf4d91bd9516d5888d8,,/home/pdblend4/results/maintenance/2026-09-23-history-pruning-v6/plan.json
80af4512de7c7e33a17fc1c0,longbench-x0.8-pdblend,matrix-profile-round6,historical,experiment_attempt,Qwen2.5-7B-Instruct,pdblend,,,1,,,longbench,0.8,10.281209679647192,701,311.9547724723816,15.0,0.2,,,,,,,,,,recorded,False,True,raw_pruned,,3084,3084,175984,175605,1.0,0.9627107652399481,0.4382758140563965,0.6316993236541748,0.7675185203552246,0.9715704917907715,0.023901065190633137,0.10416364669799805,0.15672739346822104,0.4203212261199951,711380.2291383378,,,,,,,,,,,728673.4445344881,recorded_interval_not_proven_full_lifecycle,4.140566440895127,4.149502830411937,,,/home/pdblend4/results/2026-09-22/matrix-profile-round6/longbench-x0.8-pdblend/summary.json,974b70d57b33c76752eff1686dacc14c7da843905c8857bbde7f7f5744fc08f9,,/home/pdblend4/results/maintenance/2026-09-23-history-pruning-v6/plan.json
7333e20a62022d7893f1a349,longbench-x0.9-pdblend,matrix-profile-round6,historical,experiment_attempt,Qwen2.5-7B-Instruct,pdblend,,,1,,,longbench,0.9,11.6177924651059,701,310.58560585975647,15.0,0.2,,,,,,,,,,recorded,False,True,raw_pruned,,3482,3482,197519,196836,1.0,0.9365307294658243,0.4416837692260742,0.7151076793670654,0.8212885856628418,1.1597821712493896,0.03558076340164547,0.1479775375790066,0.2248632311820984,0.427203893661499,733810.1581711611,,,,,,,,,,,750814.051742228,recorded_interval_not_proven_full_lifecycle,3.8012244479884365,3.8144142928236096,,,/home/pdblend4/results/2026-09-22/matrix-profile-round6/longbench-x0.9-pdblend/summary.json,a576055f146c4f746f496aad2f4861ff3d15e87f587ceb43ba99b840937c84de,,/home/pdblend4/results/maintenance/2026-09-23-history-pruning-v6/plan.json
b1ef176554f5b3dc1163de0f,sharegpt-x0.1-pdblend,matrix-profile-round6,historical,experiment_attempt,Qwen2.5-7B-Instruct,pdblend,,,1,,,sharegpt,0.1,1.4825310045543423,701,310.91180634498596,5.0,0.15,,,,,,,,,,recorded,False,True,raw_pruned,,444,444,137252,137252,1.0,1.0,0.3780665397644043,0.3963658809661865,0.3989255428314209,0.4425044059753418,0.02832365269297023,0.0307136171607561,0.03160894873557492,0.03562501958898596,262912.9311984214,,,,,,,,,,,272802.70419357764,recorded_interval_not_proven_full_lifecycle,1.987604582764387,1.987604582764387,,,/home/pdblend4/results/2026-09-22/matrix-profile-round6/sharegpt-x0.1-pdblend/summary.json,77a021b3c580c54d545ab0a8d4aa4ebd5063269a2b4902fc2287401e3b5d9071,,/home/pdblend4/results/maintenance/2026-09-23-history-pruning-v6/plan.json
977b9846a6202ac481864d9c,sharegpt-x0.2-pdblend,matrix-profile-round6,historical,experiment_attempt,Qwen2.5-7B-Instruct,pdblend,,,1,,,sharegpt,0.2,3.107618640870845,701,314.133749961853,5.0,0.15,,,,,,,,,,recorded,False,True,raw_pruned,,932,932,301994,301994,1.0,1.0,0.38429689407348633,0.4038236141204834,0.4323251247406006,0.7034003734588623,0.033430959414509895,0.03680717468261719,0.038376332032645344,0.04763199301326976,266224.5612067811,,,,,,,,,,,278788.1248194379,recorded_interval_not_proven_full_lifecycle,0.9231578270410601,0.9231578270410601,,,/home/pdblend4/results/2026-09-22/matrix-profile-round6/sharegpt-x0.2-pdblend/summary.json,07bb8412936e28e55b40db785a083859d1e388a7c81a07332727f7fe57ad0596,,/home/pdblend4/results/maintenance/2026-09-23-history-pruning-v6/plan.json
dec19b9844dfcc43d0ba78fb,sharegpt-x0.3-pdblend,matrix-profile-round6,historical,experiment_attempt,Qwen2.5-7B-Instruct,pdblend,,,1,,,sharegpt,0.3,4.885929963272344,701,312.92716360092163,5.0,0.15,,,,,,,,,,recorded,False,True,raw_pruned,,1465,1465,474136,474136,1.0,1.0,0.39430904388427734,0.4999818801879883,0.6414096355438232,0.7783074378967285,0.0443705672567541,0.05410771034001838,0.056836175574292346,0.07540568664892396,278433.7066507886,,,,,,,,,,,289996.03092775453,recorded_interval_not_proven_full_lifecycle,0.6116304835063242,0.6116304835063242,,,/home/pdblend4/results/2026-09-22/matrix-profile-round6/sharegpt-x0.3-pdblend/summary.json,e5721c93675c4735e23988ef84ed678a064428914597ea60d578f2951162a142,,/home/pdblend4/results/maintenance/2026-09-23-history-pruning-v6/plan.json
33267691acbf434fced3ff73,sharegpt-x0.4-pdblend,matrix-profile-round6,historical,experiment_attempt,Qwen2.5-7B-Instruct,pdblend,,,1,,,sharegpt,0.4,6.447650204954888,701,314.2373297214508,5.0,0.15,,,,,,,,,,recorded,False,True,raw_pruned,,1934,1934,621406,621397,1.0,0.999482936918304,0.38515448570251465,0.5815935134887695,0.7353382110595703,1.0137653350830078,0.0495924747215127,0.06431210004812316,0.06844420097654383,0.07948467605992367,295391.87786911277,,,,,,,,,,,307856.0742795329,recorded_interval_not_proven_full_lifecycle,0.4954185738141133,0.49542574920627697,,,/home/pdblend4/results/2026-09-22/matrix-profile-round6/sharegpt-x0.4-pdblend/summary.json,c7f2f1c0ea3b74a01b781404dbb2dee94be1845502ae929c461a650e21e085d1,,/home/pdblend4/results/maintenance/2026-09-23-history-pruning-v6/plan.json
90935725e783ca813e0d9a6e,sharegpt-x0.5-pdblend,matrix-profile-round6,historical,experiment_attempt,Qwen2.5-7B-Instruct,pdblend,,,1,,,sharegpt,0.5,8.167853976636192,701,313.8905954360962,5.0,0.15,,,,,,,,,,recorded,False,True,raw_pruned,,2450,2450,783564,783543,1.0,0.9987755102040816,0.17591643333435059,0.4201042652130127,0.5476317405700684,0.7813842296600342,0.03524185576528873,0.05281732624466583,0.06020921345414786,0.0730543620102889,351647.5613084846,,,,,,,,,,,365283.5183126145,recorded_interval_not_proven_full_lifecycle,0.4661821093268891,0.4661946036307063,,,/home/pdblend4/results/2026-09-22/matrix-profile-round6/sharegpt-x0.5-pdblend/summary.json,e324a1b033ddea328a971a4695fb58962937f4f74c2f1a7f7aaa72cc9d6e518c,,/home/pdblend4/results/maintenance/2026-09-23-history-pruning-v6/plan.json
7c2c18208f402488b612e35d,sharegpt-x0.6-pdblend,matrix-profile-round6,historical,experiment_attempt,Qwen2.5-7B-Instruct,pdblend,,,1,,,sharegpt,0.6,9.777952446372952,701,314.4769003391266,5.0,0.15,,,,,,,,,,recorded,False,True,raw_pruned,,2933,2933,932602,932599,1.0,0.9996590521650187,0.1899576187133789,0.43080711364746094,0.5666904449462891,0.7643804550170898,0.04325033262664196,0.06332491850241637,0.06706999838352204,0.07859401055324225,345441.1905547069,,,,,,,,,,,359424.3185046411,recorded_interval_not_proven_full_lifecycle,0.38539947212706077,0.3854007118865033,,,/home/pdblend4/results/2026-09-22/matrix-profile-round6/sharegpt-x0.6-pdblend/summary.json,781ae1e991a7de2afc3bfc800591c2ba55d8909115c172fefbab13d3bf0c5760,,/home/pdblend4/results/maintenance/2026-09-23-history-pruning-v6/plan.json
f9310c74b19840e77965d163,sharegpt-x0.7-pdblend,matrix-profile-round6,historical,experiment_attempt,Qwen2.5-7B-Instruct,pdblend,,,1,,,sharegpt,0.7,11.415311154323387,701,314.6383180618286,5.0,0.15,,,,,,,,,,recorded,False,True,raw_pruned,,3423,3423,1081750,1081713,1.0,0.9988314344142565,0.1838240623474121,0.3338429927825928,0.43138718605041504,0.6176197528839111,0.042008754395947014,0.05379948783993954,0.05909245678141147,0.08086350758870443,382108.2026406491,,,,,,,,,,,396264.5879313374,recorded_interval_not_proven_full_lifecycle,0.3663180845216893,0.36633061443408504,,,/home/pdblend4/results/2026-09-22/matrix-profile-round6/sharegpt-x0.7-pdblend/summary.json,24d847482b59fb124f75a51f31f9a3a3405391df807e81f2892968dcd0593ed4,,/home/pdblend4/results/maintenance/2026-09-23-history-pruning-v6/plan.json
5e56b6141759ad65df7d2ad6,sharegpt-x0.8-pdblend,matrix-profile-round6,historical,experiment_attempt,Qwen2.5-7B-Instruct,pdblend,,,1,,,sharegpt,0.8,13.11712336164897,701,314.8966476917267,5.0,0.15,,,,,,,,,,recorded,False,True,raw_pruned,,3935,3935,1244513,1244442,1.0,0.9984752223634054,0.22055578231811523,0.423203706741333,0.5037732124328613,0.7264459133148193,0.055178043221225256,0.07639473637208244,0.0823552872453417,0.0954996058659524,377240.4333217993,,,,,,,,,,,392316.61438892846,recorded_interval_not_proven_full_lifecycle,0.3152370560925667,0.31525504152779193,,,/home/pdblend4/results/2026-09-22/matrix-profile-round6/sharegpt-x0.8-pdblend/summary.json,24c167bdf3d7ec363e00f751c0a10a490d9c1a370949e492e74ded0a5922f1df,,/home/pdblend4/results/maintenance/2026-09-23-history-pruning-v6/plan.json
fc16eb429e16db79c4316fd5,sharegpt-x0.9-pdblend,matrix-profile-round6,historical,experiment_attempt,Qwen2.5-7B-Instruct,pdblend,,,1,,,sharegpt,0.9,14.817616038590725,701,314.78113889694214,5.0,0.15,,,,,,,,,,recorded,False,True,raw_pruned,,4444,4444,1408907,1365107,1.0,0.9471197119711972,0.23681974411010742,0.8237247467041016,1.183121681213379,2.6447010040283203,0.05670345146605309,0.1262903073529208,0.152872852940377,0.29189981879859134,427347.22207288584,,,,,,,,,,,446314.71315631847,recorded_interval_not_proven_full_lifecycle,0.3167808188591003,0.32694485718432215,,,/home/pdblend4/results/2026-09-22/matrix-profile-round6/sharegpt-x0.9-pdblend/summary.json,bed0c48ffb78722063e9fabcd1ad932dbdde4bf637f4dabf7b24b21fba6275f0,,/home/pdblend4/results/maintenance/2026-09-23-history-pruning-v6/plan.json
3110fe13fa19b8c105c33713,alpaca-x0.1-pdblend_dominance,pdblend-dominance-round1,historical,experiment_attempt,Qwen2.5-7B-Instruct,pdblend_dominance,,,1,,,alpaca,0.1,18.134624648640383,701,310.4801735877991,1.0,0.1,bc7fe0348ad141196c2bcaa0d9d8ea7a9f2d2e2675f28e42d102e6d7da43af75,,,,,,,,,recorded,False,True,raw_pruned,,5440,5440,758605,758605,1.0,1.0,0.055016517639160156,0.06897497177124023,0.07352733612060547,0.08748412132263184,0.028723458112296412,0.030154533640167416,0.030692100524902344,0.032461200441632955,231532.06293941595,,,,,,,,,,,237813.55749825397,recorded_interval_not_proven_full_lifecycle,0.31348799111296916,0.31348799111296916,,,/home/pdblend4/results/2026-09-22/pdblend-dominance-round1/alpaca-x0.1-pdblend_dominance/summary.json,26ad02332beab901897b4efbebbd537140a1c7f8abdfc28976b4e96be62e2c27,,/home/pdblend4/results/maintenance/2026-09-23-history-pruning-v6/plan.json
f3dc78fd8d500b68b7799480,alpaca-x0.3-pdblend_dominance,pdblend-dominance-round1,historical,experiment_attempt,Qwen2.5-7B-Instruct,pdblend_dominance,,,1,,,alpaca,0.3,53.94669885716806,701,311.60727977752686,1.0,0.1,c11e490df9c7d4a7a86321770bff59988c652eccdbf694fd7cbac0e49bfb6cd0,,,,,,,,,recorded,False,True,raw_pruned,,16184,16184,2263412,2263393,1.0,0.999691052891745,0.06613588333129883,0.14057111740112305,0.1588881015777588,0.18641233444213867,0.03114026719397241,0.06443794454847063,0.06799144215053982,0.07591915130615234,365456.8782481645,,,,,,,,,,,378316.1353994505,recorded_interval_not_proven_full_lifecycle,0.1671441767559112,0.1671455798438232,,,/home/pdblend4/results/2026-09-22/pdblend-dominance-round1/alpaca-x0.3-pdblend_dominance/summary.json,78e78c8cf845aa1325ceaeb2f2140ce51e3283ab04bf6bb8d1eb29158b6ad9a2,,/home/pdblend4/results/maintenance/2026-09-23-history-pruning-v6/plan.json
bdaa7e2787f34deb3b3844e7,alpaca-x0.4-pdblend_dominance,pdblend-dominance-round1,historical,experiment_attempt,Qwen2.5-7B-Instruct,pdblend_dominance,,,1,,,alpaca,0.4,71.98049833728547,701,311.0495753288269,1.0,0.1,7f5e991ae39d5770d0b8625596eeb903d9a9bc36a0bdfbb5bf1cb8c23964a65a,,,,,,,,,recorded,False,True,raw_pruned,,21594,21594,3017469,3017348,1.0,0.9994442900805779,0.07361602783203125,0.13001680374145508,0.14813685417175293,0.17890143394470215,0.034641634334217415,0.06110223134358724,0.06633965969085694,0.07434650598946264,416225.45566329866,,,,,,,,,,,430009.7675342289,recorded_interval_not_proven_full_lifecycle,0.14250677224330355,0.14251248697009058,,,/home/pdblend4/results/2026-09-22/pdblend-dominance-round1/alpaca-x0.4-pdblend_dominance/summary.json,3a84eb5ac01d40c770fe3982f2ce45d324ee126ff77793e6706c68b8168a35f1,,/home/pdblend4/results/maintenance/2026-09-23-history-pruning-v6/plan.json
b02a2f0a6fac663b3946efe8,alpaca-x0.5-pdblend_dominance,pdblend-dominance-round1,historical,experiment_attempt,Qwen2.5-7B-Instruct,pdblend_dominance,,,1,,,alpaca,0.5,89.93820241668405,701,312.2125623226166,1.0,0.1,bdd0cc7b70c5bef6597f65178fbe72f49c64bb6ed291c0510592c1b74722ca19,,,,,,,,,recorded,False,True,raw_pruned,,26981,26981,3763932,3763842,1.0,0.9994440532226382,0.12370920181274414,0.1664583683013916,0.18366312980651855,0.2402637004852295,0.058919991387261283,0.06992171254268913,0.07234001159667969,0.07798406055995397,426599.0612041832,,,,,,,,,,,442367.4407324106,recorded_interval_not_proven_full_lifecycle,0.11752801079626587,0.11753082109514974,,,/home/pdblend4/results/2026-09-22/pdblend-dominance-round1/alpaca-x0.5-pdblend_dominance/summary.json,8e0d5a60a4f4234e1ccf46d405ff678fc444f0d72ad95378a19c1244ac0930e0,,/home/pdblend4/results/maintenance/2026-09-23-history-pruning-v6/plan.json
6fd4b15387918978b644092c,alpaca-x0.6-pdblend_dominance,pdblend-dominance-round1,historical,experiment_attempt,Qwen2.5-7B-Instruct,pdblend_dominance,,,1,,,alpaca,0.6,108.04376237978332,701,313.2001805305481,1.0,0.1,868e5b949af4da90e9e552e046b336f0690b630b4298c2a748a8acc2da18688b,,,,,,,,,recorded,False,True,raw_pruned,,32413,32413,4525305,3813534,1.0,0.8433344645666863,0.08112692832946777,1.960167407989502,3.7603466510772705,5.348463296890259,0.03286681832938359,0.07632277513805188,0.07733877992208026,0.08277384305404405,597627.4065321675,,,,,,,,,,,615273.2268086816,recorded_interval_not_proven_full_lifecycle,0.13596281948038455,0.16133938410112028,,,/home/pdblend4/results/2026-09-22/pdblend-dominance-round1/alpaca-x0.6-pdblend_dominance/summary.json,5236815debbe22add7d80a4ed96c49ebfa8e7c6ff547fd69e2e8538d62c30d4c,,/home/pdblend4/results/maintenance/2026-09-23-history-pruning-v6/plan.json
04e69700d6ac5f1c8604b381,alpaca-x0.7-pdblend_dominance,pdblend-dominance-round1,historical,experiment_attempt,Qwen2.5-7B-Instruct,pdblend_dominance,,,1,,,alpaca,0.7,126.27077910794624,701,312.6424448490143,1.0,0.1,b2e4e46fad8226c19764df568b4506f874e5cd90bf376d0b02a8d9a58aa01b16,,,,,,,,,recorded,False,True,raw_pruned,,37881,37881,5284494,4832436,1.0,0.9115387661360577,0.11885452270507812,0.9150495529174805,1.6782634258270264,2.8139073848724365,0.038585846764700754,0.07601738616124096,0.0773230791091919,0.08250932693481446,651593.861381043,,,,,,,,,,,673225.9908185268,recorded_interval_not_proven_full_lifecycle,0.1273964907176594,0.13931400039618255,,,/home/pdblend4/results/2026-09-22/pdblend-dominance-round1/alpaca-x0.7-pdblend_dominance/summary.json,49a98d111104240682625235907dcd497736617e7980c5f7d422c3aac2c36794,,/home/pdblend4/results/maintenance/2026-09-23-history-pruning-v6/plan.json
d64f79c3ec9d5c2a784075a2,alpaca-x0.8-pdblend_dominance,pdblend-dominance-round1,historical,experiment_attempt,Qwen2.5-7B-Instruct,pdblend_dominance,,,1,,,alpaca,0.8,144.53340853035454,701,316.2499837875366,1.0,0.1,9fbc43f2af3aaffe01313bde8ec1275743a377b454e2373170538d87308d147b,,,,,,,,,recorded,False,True,raw_pruned,,43360,43360,6064199,3481968,1.0,0.5708487084870849,0.294935941696167,7.961956024169922,8.24328875541687,8.777267932891846,0.067273842864052,0.09016106435746858,0.09811067280649137,0.10764000245503016,624671.3700188079,,,,,,,,,,,661897.2391291695,recorded_interval_not_proven_full_lifecycle,0.10914833750165018,0.19009285528447403,,,/home/pdblend4/results/2026-09-22/pdblend-dominance-round1/alpaca-x0.8-pdblend_dominance/summary.json,619c1e08d15e21eba8419f94a1623be055cae9ca6924b2d7017d88e02d29ba1a,,/home/pdblend4/results/maintenance/2026-09-23-history-pruning-v6/plan.json
3e7e2d38b79058e6094d3eda,alpaca-x0.9-pdblend_dominance,pdblend-dominance-round1,historical,experiment_attempt,Qwen2.5-7B-Instruct,pdblend_dominance,,,1,,,alpaca,0.9,162.6600990057469,701,314.45307207107544,1.0,0.1,e8d40b2e651dfa660eac07fded596b447674c2afd357c2395fd447ec3afcdda0,,,,,,,,,recorded,False,True,raw_pruned,,48796,48796,6822987,6820413,1.0,0.9973358472005902,0.25809502601623535,0.4261047840118408,0.48802924156188965,0.610980749130249,0.05345992716202825,0.0651906861199273,0.06898045539855957,0.08120338540328176,693474.7403213033,,,,,,,,,,,723755.7020498618,recorded_interval_not_proven_full_lifecycle,0.10607607812382784,0.10611611086452709,,,/home/pdblend4/results/2026-09-22/pdblend-dominance-round1/alpaca-x0.9-pdblend_dominance/summary.json,90bc8b58e033321728658896818bbf7bb353158323921d501ea359d21f245eef,,/home/pdblend4/results/maintenance/2026-09-23-history-pruning-v6/plan.json
159d935ec64f0d53dcb490db,longbench-x0.1-pdblend_dominance,pdblend-dominance-round1,historical,experiment_attempt,Qwen2.5-7B-Instruct,pdblend_dominance,,,1,,,longbench,0.1,1.1869538563076434,701,313.21580386161804,15.0,0.2,a56ee24e39e796a704db894f2f7d2f0d9ad96b1a7c6983bb4e1322bd8c479df0,,,,,,,,,recorded,False,True,raw_pruned,,355,355,20563,20557,1.0,0.9915492957746479,0.7295796871185303,1.3191685676574707,1.5276579856872559,2.1735126972198486,0.02299046516418457,0.028031269709269207,0.028839849023257987,0.12907775243123373,196037.48717894396,,,,,,,,,,,203069.27700025385,recorded_interval_not_proven_full_lifecycle,9.875469386774977,9.878351753672902,,,/home/pdblend4/results/2026-09-22/pdblend-dominance-round1/longbench-x0.1-pdblend_dominance/summary.json,8266ed8661ee0935b509ced5ce225ca7e943a8fc4a8052fe173e40d4a2fbca4a,,/home/pdblend4/results/maintenance/2026-09-23-history-pruning-v6/plan.json
610acede3cc44a46cc17b010,longbench-x0.2-pdblend_dominance,pdblend-dominance-round1,historical,experiment_attempt,Qwen2.5-7B-Instruct,pdblend_dominance,,,1,,,longbench,0.2,2.4155084508432387,701,308.2810401916504,15.0,0.2,6ba41c976f183f204464ddc531b2bd7b35602ae90ca7b07de01061761bd5c727,,,,,,,,,recorded,False,True,raw_pruned,,724,724,42190,42190,1.0,1.0,0.5767545700073242,1.0704460144042969,1.3206312656402588,1.816587209701538,0.028454795479774475,0.029882801903618708,0.03030065695444743,0.030849473817007884,214935.970761177,,,,,,,,,,,219406.87562727646,recorded_interval_not_proven_full_lifecycle,5.200447395763841,5.200447395763841,,,/home/pdblend4/results/2026-09-22/pdblend-dominance-round1/longbench-x0.2-pdblend_dominance/summary.json,d38a12f568b9d873b521daa987b7a50ddb2bb846db849d2b1a42b69a6296d826,,/home/pdblend4/results/maintenance/2026-09-23-history-pruning-v6/plan.json
eb9667e0ac1f910cd916b1a2,longbench-x0.3-pdblend_dominance,pdblend-dominance-round1,historical,experiment_attempt,Qwen2.5-7B-Instruct,pdblend_dominance,,,1,,,longbench,0.3,3.798408764437614,701,310.35672426223755,15.0,0.2,0c0316523fd9de5141e223081b3d5be64f06c01b47dc74713e00db15ffc604a0,,,,,,,,,recorded,False,True,raw_pruned,,1139,1139,64233,64233,1.0,1.0,0.608311653137207,1.0768368244171143,1.3816156387329102,1.7439782619476318,0.029637905949482478,0.03191908200581869,0.03232777118682861,0.03458297252655029,263755.3200770936,,,,,,,,,,,270210.2240332707,recorded_interval_not_proven_full_lifecycle,4.206719661751291,4.206719661751291,,,/home/pdblend4/results/2026-09-22/pdblend-dominance-round1/longbench-x0.3-pdblend_dominance/summary.json,03ce8fe0b897cd16b98c9767cec389996fc441bc1c0521b209de4b8f2fc690eb,,/home/pdblend4/results/maintenance/2026-09-23-history-pruning-v6/plan.json
2e73143d61f7a5c8e22d75ff,longbench-x0.4-pdblend_dominance,pdblend-dominance-round1,historical,experiment_attempt,Qwen2.5-7B-Instruct,pdblend_dominance,,,1,,,longbench,0.4,5.183267922822266,701,311.1974949836731,15.0,0.2,a1bd5ffccbc3307ee770a4c70acf15c79bc01b5e2181a71925d711d8b00093c8,,,,,,,,,recorded,False,True,raw_pruned,,1551,1551,86910,86910,1.0,1.0,0.6370112895965576,1.1310780048370361,1.3102574348449707,1.574272632598877,0.030738585873654013,0.03393632835812039,0.03571772575378418,0.037172770500183104,312419.495688815,,,,,,,,,,,320530.71770428185,recorded_interval_not_proven_full_lifecycle,3.6880763744595773,3.6880763744595773,,,/home/pdblend4/results/2026-09-22/pdblend-dominance-round1/longbench-x0.4-pdblend_dominance/summary.json,4df9f434f0e312c0e5cebbee2632adc662784c58840391008f3310555a486dda,,/home/pdblend4/results/maintenance/2026-09-23-history-pruning-v6/plan.json
bb1f2de3bb65294190b23da2,longbench-x0.4-pdblend_dominance-aborted-evidence-writer,pdblend-dominance-round1,historical,experiment_attempt,Qwen2.5-7B-Instruct,pdblend_dominance,,,1,,,longbench,0.4,5.183267922822266,701,311.15559911727905,15.0,0.2,a1bd5ffccbc3307ee770a4c70acf15c79bc01b5e2181a71925d711d8b00093c8,,,,,,,,,recorded,False,True,raw_pruned,,1551,1551,86910,86910,1.0,1.0,0.649261474609375,1.1531379222869873,1.3534362316131592,1.61203932762146,0.03065028190612793,0.033715699283577455,0.035484695434570314,0.036795854568481445,312253.00441597746,,,,,,,,,,,320388.8220347339,recorded_interval_not_proven_full_lifecycle,3.686443700779357,3.686443700779357,,,/home/pdblend4/results/2026-09-22/pdblend-dominance-round1/longbench-x0.4-pdblend_dominance-aborted-evidence-writer/summary.json,d07f2059abae242e161995a96fd43dbfa2a2fa5b65cbaf1bdd738d26c22c8954,,/home/pdblend4/results/maintenance/2026-09-23-history-pruning-v6/plan.json
0b8c8a85113aa46f3f1d651b,longbench-x0.5-pdblend_dominance,pdblend-dominance-round1,historical,experiment_attempt,Qwen2.5-7B-Instruct,pdblend_dominance,,,1,,,longbench,0.5,6.390760994924843,701,313.3274266719818,15.0,0.2,c2301e3f09d3203164a71bd2af31998fa67bd10d295d1382b3b73220494c674f,,,,,,,,,recorded,False,True,raw_pruned,,1916,1916,109062,109062,1.0,1.0,0.8110988140106201,1.7218012809753418,2.030799388885498,2.8099348545074463,0.032086193561553955,0.03675871425204807,0.03790138108389718,0.04025530815124512,352562.0454499824,,,,,,,,,,,361284.50729717355,recorded_interval_not_proven_full_lifecycle,3.3126525031374223,3.3126525031374223,,,/home/pdblend4/results/2026-09-22/pdblend-dominance-round1/longbench-x0.5-pdblend_dominance/summary.json,3ba2de36762d5d1a78352b497d899f2aa8389d84eb1ab5a9170be4ff00b9695a,,/home/pdblend4/results/maintenance/2026-09-23-history-pruning-v6/plan.json
863938551078059140c77e71,longbench-x0.6-pdblend_dominance,pdblend-dominance-round1,historical,experiment_attempt,Qwen2.5-7B-Instruct,pdblend_dominance,,,1,,,longbench,0.6,7.683633164098095,701,311.4357702732086,15.0,0.2,7c503ed91e7a3d6406e349bd1837ca50abe0bce5769e56d29e498731d0a1e237,,,,,,,,,recorded,False,True,raw_pruned,,2305,2305,131628,131626,1.0,0.9995661605206074,0.9752523899078369,1.9936981201171875,2.36631441116333,3.1368446350097656,0.03436172008514404,0.03882924715677897,0.04037801424662272,0.04510498046875,398219.5436520686,,,,,,,,,,,406532.0399453927,recorded_interval_not_proven_full_lifecycle,3.0884921137249877,3.088539042023557,,,/home/pdblend4/results/2026-09-22/pdblend-dominance-round1/longbench-x0.6-pdblend_dominance/summary.json,4b9ae3078c73a1dafd99ad2c2a9c4b374039a50b287f652f8624fcb5457f0ea2,,/home/pdblend4/results/maintenance/2026-09-23-history-pruning-v6/plan.json
e5b1268dbf17b9574e39d7d7,longbench-x0.7-pdblend_dominance,pdblend-dominance-round1,historical,experiment_attempt,Qwen2.5-7B-Instruct,pdblend_dominance,,,1,,,longbench,0.7,9.051375709181102,701,310.9479992389679,15.0,0.2,c7f7f9a0b08400a4fd49757a7d425ec8be0725ca1515201b0702e85665de1220,,,,,,,,,recorded,False,True,raw_pruned,,2714,2714,152538,152538,1.0,1.0,1.380141258239746,3.831690788269043,4.573478698730469,5.5828540325164795,0.03763668877737863,0.04333531856536865,0.04991573095321655,0.07403270403544109,446755.8275483657,,,,,,,,,,,455828.7575223032,recorded_interval_not_proven_full_lifecycle,2.9882964082543575,2.9882964082543575,,,/home/pdblend4/results/2026-09-22/pdblend-dominance-round1/longbench-x0.7-pdblend_dominance/summary.json,7162b8b474b8c5390932a4bc14919bfe6e30d481f9e4be7e949610816169663f,,/home/pdblend4/results/maintenance/2026-09-23-history-pruning-v6/plan.json
a774727ccbd9329967558ae9,longbench-x0.8-pdblend_dominance,pdblend-dominance-round1,historical,experiment_attempt,Qwen2.5-7B-Instruct,pdblend_dominance,,,1,,,longbench,0.8,10.281209679647192,701,313.94485092163086,15.0,0.2,7f68e850def48af3c0e40f80d22d62b99de9cdb49c6e65542792f80caccaaabc,,,,,,,,,recorded,False,True,raw_pruned,,3084,3084,175984,175984,1.0,1.0,6.788486480712891,10.540913343429565,11.015124320983887,11.821741104125977,0.040339432226488295,0.06201767921447754,0.07855236530303955,0.10937976837158203,506735.5782421967,,,,,,,,,,,520064.04329376086,recorded_interval_not_proven_full_lifecycle,2.955177989440863,2.955177989440863,,,/home/pdblend4/results/2026-09-22/pdblend-dominance-round1/longbench-x0.8-pdblend_dominance/summary.json,943bc7d06451177e403115955b3d1bdf03a5ac12746e5137cd70c4ac34deb333,,/home/pdblend4/results/maintenance/2026-09-23-history-pruning-v6/plan.json
b47ca4ce750b341544116ee7,longbench-x0.9-pdblend_dominance,pdblend-dominance-round1,historical,experiment_attempt,Qwen2.5-7B-Instruct,pdblend_dominance,,,1,,,longbench,0.9,11.6177924651059,701,328.0380771160126,15.0,0.2,2906d31f784f09a63bd7e854f70e5b576e5f72a95d2bc7610584647cef7a688b,,,,,,,,,recorded,False,True,raw_pruned,,3482,3482,197519,128658,1.0,0.6438828259620908,14.097358465194702,16.805424451828003,17.35116219520569,18.120115995407104,0.037201955914497375,0.061669886112213135,0.0809791088104248,0.10936760902404785,575671.8968365613,,,,,,,,,,,619502.248056625,recorded_interval_not_proven_full_lifecycle,3.1364185119235364,4.815108645063852,,,/home/pdblend4/results/2026-09-22/pdblend-dominance-round1/longbench-x0.9-pdblend_dominance/summary.json,cff5f9951a74e6aa1ad3feac981e2077d5e3ff58bddb9fe33032ed99babe1d8d,,/home/pdblend4/results/maintenance/2026-09-23-history-pruning-v6/plan.json
f6899bead62e33f6c09af738,sharegpt-x0.1-pdblend_dominance,pdblend-dominance-round1,historical,experiment_attempt,Qwen2.5-7B-Instruct,pdblend_dominance,,,1,,,sharegpt,0.1,1.4825310045543423,701,311.90775632858276,5.0,0.15,a8d30766fa7d326f857bcf8a320c53f5a756a422bba6e3ed4ca77dc9c513ac14,,,,,,,,,recorded,False,True,raw_pruned,,444,444,137252,137252,1.0,1.0,0.38361310958862305,0.4073600769042969,0.5152473449707031,0.7344355583190918,0.031572270393371585,0.037091229917816305,0.03852663189172745,0.04749062186793277,204525.88903714623,,,,,,,,,,,211691.8068606964,recorded_interval_not_proven_full_lifecycle,1.5423586312818496,1.5423586312818496,,,/home/pdblend4/results/2026-09-22/pdblend-dominance-round1/sharegpt-x0.1-pdblend_dominance/summary.json,f6fdb6efeb245f83759c9c3905deda87aa01a8ec1e11aa1d8c3021b7a2bbf3cd,,/home/pdblend4/results/maintenance/2026-09-23-history-pruning-v6/plan.json
a04becd8f77ddaaa456fa6cd,sharegpt-x0.2-pdblend_dominance,pdblend-dominance-round1,historical,experiment_attempt,Qwen2.5-7B-Instruct,pdblend_dominance,,,1,,,sharegpt,0.2,3.107618640870845,701,312.90554547309875,5.0,0.15,3bde7f1dcad04f12de42e567b8c67a0b805d10871d17efc66d0935ddb2854ec8,,,,,,,,,recorded,False,True,raw_pruned,,932,932,301994,301994,1.0,1.0,0.2623629570007324,0.4077577590942383,0.46669721603393555,0.6861605644226074,0.03566252501906863,0.04138629883527756,0.04364911049448383,0.051523961191592006,216884.45114864537,,,,,,,,,,,225047.32225170123,recorded_interval_not_proven_full_lifecycle,0.7452046141701532,0.7452046141701532,,,/home/pdblend4/results/2026-09-22/pdblend-dominance-round1/sharegpt-x0.2-pdblend_dominance/summary.json,6ff7568ff0623b5d222615b324e441f8de1baffef70a4edcfd323a8ef12f19c5,,/home/pdblend4/results/maintenance/2026-09-23-history-pruning-v6/plan.json
62b7584ef809b950e7ba243b,sharegpt-x0.4-pdblend_dominance,pdblend-dominance-round1,historical,experiment_attempt,Qwen2.5-7B-Instruct,pdblend_dominance,,,1,,,sharegpt,0.4,6.447650204954888,701,314.5190591812134,5.0,0.15,55c1082ed733bd4b25905beaf563578a6c0e1e8b6177f02edc0734831c1ca115,,,,,,,,,recorded,False,True,raw_pruned,,1934,1934,621406,621406,1.0,1.0,0.3570828437805176,0.5460062026977539,0.6753835678100586,1.049586534500122,0.04575208822886149,0.059131567234253335,0.062227204016276766,0.07481576414669261,330153.5454747827,,,,,,,,,,,342650.2028859223,recorded_interval_not_proven_full_lifecycle,0.5514111593481915,0.5514111593481915,,,/home/pdblend4/results/2026-09-22/pdblend-dominance-round1/sharegpt-x0.4-pdblend_dominance/summary.json,9b218e7def39614955368d2c58ffa5d07b1e0fc6ac1b14b64825de17b4316275,,/home/pdblend4/results/maintenance/2026-09-23-history-pruning-v6/plan.json
2178d6caf272e8fdeb9cbc90,sharegpt-x0.5-pdblend_dominance,pdblend-dominance-round1,historical,experiment_attempt,Qwen2.5-7B-Instruct,pdblend_dominance,,,1,,,sharegpt,0.5,8.167853976636192,701,318.44508695602417,5.0,0.15,5679406efe2c727c3f083a7cbe1eea3f55aa5de7c095e16934f37ee98d949e0f,,,,,,,,,recorded,False,True,raw_pruned,,2450,2450,783564,783564,1.0,1.0,0.2916579246520996,0.7424545288085938,1.0020396709442139,1.4305460453033447,0.03599597423277256,0.05250328251078159,0.053365537855360246,0.053967966223662754,386260.4948590458,,,,,,,,,,,403485.58278822544,recorded_interval_not_proven_full_lifecycle,0.5149363457078495,0.5149363457078495,,,/home/pdblend4/results/2026-09-22/pdblend-dominance-round1/sharegpt-x0.5-pdblend_dominance/summary.json,78704d9d4834a57a650338ff99270f774a1320072dce7d79a0d1a90d9a3d3265,,/home/pdblend4/results/maintenance/2026-09-23-history-pruning-v6/plan.json
0f57d53a5d77c59cf3be4498,sharegpt-x0.6-pdblend_dominance,pdblend-dominance-round1,historical,experiment_attempt,Qwen2.5-7B-Instruct,pdblend_dominance,,,1,,,sharegpt,0.6,9.777952446372952,701,314.64797949790955,5.0,0.15,ae4bc699f08165d8a65d2ee7e79b04b2851bb6c367d27aae236aedfa639d70b7,,,,,,,,,recorded,False,True,raw_pruned,,2933,2933,932602,931957,1.0,0.9955676781452438,0.3098104000091553,0.8879623413085938,1.390840768814087,2.1007165908813477,0.03888424128702242,0.06623072257408728,0.08547100302291243,0.12963866087106557,428328.85211605544,,,,,,,,,,,442617.96837948344,recorded_interval_not_proven_full_lifecycle,0.47460542480016493,0.47493389542595144,,,/home/pdblend4/results/2026-09-22/pdblend-dominance-round1/sharegpt-x0.6-pdblend_dominance/summary.json,48d2b150429c45b7ae9173e4624583b6be3274e369cd3eea6ba6f2f1c112d1b8,,/home/pdblend4/results/maintenance/2026-09-23-history-pruning-v6/plan.json
05ba3357f4d3df2ac65cca72,sharegpt-x0.7-pdblend_dominance,pdblend-dominance-round1,historical,experiment_attempt,Qwen2.5-7B-Instruct,pdblend_dominance,,,1,,,sharegpt,0.7,11.415311154323387,701,320.37415194511414,5.0,0.15,3e1e049a0f70cf2e984fc6c9acd58b6940399265328567de155135c582137a03,,,,,,,,,recorded,False,True,raw_pruned,,3423,3423,1081750,1081750,1.0,1.0,0.32923293113708496,0.6426641941070557,0.7486765384674072,0.9907209873199463,0.044549020535791926,0.0687396650772254,0.06936410728499381,0.07039776113298205,419523.7759742802,,,,,,,,,,,439612.9110323609,recorded_interval_not_proven_full_lifecycle,0.4063904885901187,0.4063904885901187,,,/home/pdblend4/results/2026-09-22/pdblend-dominance-round1/sharegpt-x0.7-pdblend_dominance/summary.json,aa9e3a91a040f7648629fb27f39a323d1095c3e541f103372c31dd76b8c95ca9,,/home/pdblend4/results/maintenance/2026-09-23-history-pruning-v6/plan.json
823f817b14d56e732015187b,sharegpt-x0.8-pdblend_dominance,pdblend-dominance-round1,historical,experiment_attempt,Qwen2.5-7B-Instruct,pdblend_dominance,,,1,,,sharegpt,0.8,13.11712336164897,701,319.73002409935,5.0,0.15,2fe8b475dde31d40d7782956aa0e2adccd82a4a38bad654dba4bf8dbf3fc1adb,,,,,,,,,recorded,False,True,raw_pruned,,3935,3935,1244513,1244513,1.0,1.0,0.3564126491546631,0.8122889995574951,0.9897546768188477,1.3648920059204102,0.043064041876457106,0.07658168952912092,0.07808249929676885,0.0792298714319865,433524.25145773764,,,,,,,,,,,453965.66961175157,recorded_interval_not_proven_full_lifecycle,0.3647737465271569,0.3647737465271569,,,/home/pdblend4/results/2026-09-22/pdblend-dominance-round1/sharegpt-x0.8-pdblend_dominance/summary.json,a612f381c68759f6d5e1dc2886b9cd5acf11db1a83d55fcefc21012d5c81f423,,/home/pdblend4/results/maintenance/2026-09-23-history-pruning-v6/plan.json
322166699e0aeab31636513f,sharegpt-x0.9-pdblend_dominance,pdblend-dominance-round1,historical,experiment_attempt,Qwen2.5-7B-Instruct,pdblend_dominance,,,1,,,sharegpt,0.9,14.817616038590725,701,313.82439255714417,5.0,0.15,6f67e820b6c54b466f90037d0f0e8b90687807ac8bd0f2fa174af77aab2a763f,,,,,,,,,recorded,False,True,raw_pruned,,4444,4444,1408907,1358152,1.0,0.963096309630963,0.31228184700012207,1.4016857147216797,3.219088315963745,11.611110210418701,0.03620099583897022,0.06505738038283128,0.0987874080087537,0.13618736113271407,516363.4410656674,,,,,,,,,,,537216.2032103664,recorded_interval_not_proven_full_lifecycle,0.3812999745266128,0.395549395951533,,,/home/pdblend4/results/2026-09-22/pdblend-dominance-round1/sharegpt-x0.9-pdblend_dominance/summary.json,ddb975f83dd2e9a7eb8822beb39cb5b14657b33df8bf29f53921694dd4a7b16b,,/home/pdblend4/results/maintenance/2026-09-23-history-pruning-v6/plan.json
4da7eb0f3a4c98f221612fec,adaptive-stage1,pdblend-optimization,historical,experiment_attempt,Qwen2.5-7B-Instruct,pdblend,,,1,,,sharegpt,,8.167853976636192,701,311.72050380706787,5.0,0.15,,,,,,,,,,recorded,False,True,raw_pruned,,2450,2450,783564,783564,1.0,1.0,0.21961688995361328,0.7964441776275635,1.1444311141967773,1.8577775955200195,0.026562272200938396,0.031242596893161244,0.03401966003855322,0.043894998488887664,418446.07990019483,,,,,,,,,,,431978.8089856912,recorded_interval_not_proven_full_lifecycle,0.5512999690972163,0.5512999690972163,,,/home/pdblend4/results/2026-09-21/pdblend-optimization/adaptive-stage1/summary.json,627766650b017bf428c05f918d4053939545d6616490d4002681a2b3cf0779cf,,/home/pdblend4/results/maintenance/2026-09-23-history-pruning-v6/plan.json
868ca6705f64815825144359,fixed-m4-2100,pdblend-optimization,historical,experiment_attempt,Qwen2.5-7B-Instruct,manual,,,1,,,sharegpt,,8.167853976636192,701,312.50265979766846,5.0,0.15,,,,,,,,,,recorded,False,True,raw_pruned,,2450,2450,783564,783564,1.0,1.0,0.19153594970703125,0.2212235927581787,0.2957932949066162,0.37984704971313477,0.03475915884771267,0.03928950764864183,0.040766685676201446,0.04510749908203774,330316.1017710716,,,,,,,,,,,342897.7308891454,recorded_interval_not_proven_full_lifecycle,0.4376129210749159,0.4376129210749159,,,/home/pdblend4/results/2026-09-21/pdblend-optimization/fixed-m4-2100/summary.json,2b696be9ccb69150498ee0b93eb746bb3921491655439e68a12c19d9dc5e415e,,/home/pdblend4/results/maintenance/2026-09-23-history-pruning-v6/plan.json
306ee39334c5fe88a3681649,fixed-m4-2520,pdblend-optimization,historical,experiment_attempt,Qwen2.5-7B-Instruct,manual,,,1,,,sharegpt,,8.167853976636192,701,312.1801338195801,5.0,0.15,,,,,,,,,,recorded,False,True,raw_pruned,,2450,2450,783564,783561,1.0,0.9995918367346939,0.1661522388458252,0.1872544288635254,0.23105931282043457,0.30603647232055664,0.032582824142815554,0.0360102537052184,0.037223978476090866,0.04163972536722819,383674.8862227167,,,,,,,,,,,397790.9342767855,recorded_interval_not_proven_full_lifecycle,0.5076687217340071,0.5076706654322836,,,/home/pdblend4/results/2026-09-21/pdblend-optimization/fixed-m4-2520/summary.json,c067571a7db35f8fb1528efbf7ebe56138bf96f1078949654a5b4d7a6c387a93,,/home/pdblend4/results/maintenance/2026-09-23-history-pruning-v6/plan.json
d087c5cf32e14927bd738b17,fixed-m5,pdblend-optimization,historical,experiment_attempt,Qwen2.5-7B-Instruct,manual,,,1,,,sharegpt,,8.167853976636192,701,312.0939612388611,5.0,0.15,,,,,,,,,,recorded,False,True,raw_pruned,,2450,2450,783564,783564,1.0,1.0,0.18589353561401367,0.20415353775024414,0.2366807460784912,0.3511688709259033,0.030296590696808876,0.03443889778393965,0.035705942685912255,0.04091658959021935,385118.9077872992,,,,,,,,,,,399275.7883270026,recorded_interval_not_proven_full_lifecycle,0.5095637220788635,0.5095637220788635,,,/home/pdblend4/results/2026-09-21/pdblend-optimization/fixed-m5/summary.json,235e86e56e44707a0584cdb515005b5dc9e81ac56da4eec1edcad44a69ab4ae5,,/home/pdblend4/results/maintenance/2026-09-23-history-pruning-v6/plan.json
a6eb3413e30963b8f6c724a7,measurement,profile-v2-round6-m2-1800-seed-1701,historical,experiment_attempt,Qwen2.5-7B-Instruct,manual,,,1,,,sharegpt,0.5,8.423528405875258,1701,382.8544280529022,5.0,0.15,,,,,,,,,,recorded,False,False,raw_pruned,,2526,2526,788868,77583,1.0,0.11322248614410134,16.685852527618408,50.557056188583374,55.049514293670654,58.20964527130127,0.23889434541044788,0.26098301311333977,0.27114504886170226,0.3135722310919511,212976.4088311312,,,,,,,,,,,271870.5130900669,recorded_interval_not_proven_full_lifecycle,0.34463371957040584,3.5042536778684363,,,/home/pdblend4/results/2026-09-21/pdblend-optimization/profile-v2-round6-m2-1800-seed-1701/measurement/summary.json,9c25f02302aa923f34ad47ac2ef95fbb08be5e4f9cc51385a7bd2cde04575d54,,/home/pdblend4/results/maintenance/2026-09-23-history-pruning-v6/plan.json
b9a1f139cb1d2aebe14f184e,measurement,profile-v2-round6-m2-1800-seed-2701,historical,experiment_attempt,Qwen2.5-7B-Instruct,manual,,,1,,,sharegpt,0.5,7.963657575874711,2701,362.6956865787506,5.0,0.15,,,,,,,,,,recorded,False,False,raw_pruned,,2388,2388,750828,141960,1.0,0.20770519262981574,1.0183484554290771,29.742331743240356,35.04032015800476,38.83002424240112,0.2148023219335647,0.24986737569173176,0.25588588396708173,0.30606261583474964,212653.22850514756,,,,,,,,,,,257173.10467284542,recorded_interval_not_proven_full_lifecycle,0.3425193315550904,1.8115885085435717,,,/home/pdblend4/results/2026-09-21/pdblend-optimization/profile-v2-round6-m2-1800-seed-2701/measurement/summary.json,ac939f211ee72cd0a1c3ab6d8f88c26dbc1a1f8f7c31d8177a2302c9555be94f,,/home/pdblend4/results/maintenance/2026-09-23-history-pruning-v6/plan.json
829a4e4816a75af9c81064e2,measurement,profile-v2-round6-m2-1800-seed-701,historical,experiment_attempt,Qwen2.5-7B-Instruct,manual,,,1,,,sharegpt,0.5,8.167853976636192,701,379.7438094615936,5.0,0.15,,,,,,,,,,recorded,False,True,raw_pruned,,2450,2450,783564,141832,1.0,0.2016326530612245,11.457964897155762,42.36337661743164,47.06862425804138,53.064391136169434,0.22111905440119387,0.2565586759101233,0.26192077714949846,0.30250823497772217,212542.12237859145,,,,,,,,,,,268370.32949567557,recorded_interval_not_proven_full_lifecycle,0.342499565441592,1.8921705221365812,,,/home/pdblend4/results/2026-09-21/pdblend-optimization/profile-v2-round6-m2-1800-seed-701/measurement/summary.json,0653f1b30af531bae0374a9a50b61927317fa29202aa9d299c5fac98047b5483,,/home/pdblend4/results/maintenance/2026-09-23-history-pruning-v6/plan.json
43261072bed37f03c0a8e314,measurement,profile-v2-round6-m4-2100-seed-701,historical,experiment_attempt,Qwen2.5-7B-Instruct,manual,,,1,,,sharegpt,0.5,8.167853976636192,701,312.74593901634216,5.0,0.15,,,,,,,,,,recorded,False,True,raw_pruned,,2450,2450,783564,783561,1.0,0.9995918367346939,0.1918787956237793,0.21555829048156738,0.29450368881225586,0.35224127769470215,0.03481521345164678,0.03916250236346997,0.04047917074231959,0.04516770489407942,329140.7282225157,,,,,,,,,,,341882.9740803066,recorded_interval_not_proven_full_lifecycle,0.43631786820260576,0.4363195387216906,,,/home/pdblend4/results/2026-09-21/pdblend-optimization/profile-v2-round6-m4-2100-seed-701/measurement/summary.json,d6ee3864221ef0a183d606788e5a9a4f5330e011f07794dbc5228f8e75172e26,,/home/pdblend4/results/maintenance/2026-09-23-history-pruning-v6/plan.json
f06d4446de64750d6ad38b7f,measurement,profile-v2-round6-m4-2520-seed-701,historical,experiment_attempt,Qwen2.5-7B-Instruct,manual,,,1,,,sharegpt,0.5,8.167853976636192,701,312.2575662136078,5.0,0.15,,,,,,,,,,recorded,False,True,raw_pruned,,2450,2450,783564,783564,1.0,1.0,0.16711091995239258,0.18737125396728516,0.22742700576782227,0.3010377883911133,0.03257421495742975,0.03597714303206298,0.0370659405986468,0.04101542422645971,384011.2323493215,,,,,,,,,,,398116.30022059055,recorded_interval_not_proven_full_lifecycle,0.5080839602388453,0.5080839602388453,,,/home/pdblend4/results/2026-09-21/pdblend-optimization/profile-v2-round6-m4-2520-seed-701/measurement/summary.json,57c2d5bbd17d54130801faf90919c2a62236e3d67ea7c92ce38a74c4d7a74498,,/home/pdblend4/results/maintenance/2026-09-23-history-pruning-v6/plan.json
8daab07d67275c357020833f,measurement,profile-v2-round6-m5-2100-seed-701,historical,experiment_attempt,Qwen2.5-7B-Instruct,manual,,,1,,,sharegpt,0.5,8.167853976636192,701,312.1583354473114,5.0,0.15,,,,,,,,,,recorded,False,True,raw_pruned,,2450,2450,783564,783564,1.0,1.0,0.18545079231262207,0.20342469215393066,0.22286295890808105,0.33493685722351074,0.03027864118378223,0.0344348248471035,0.03565703119550433,0.040327503370202106,384551.22348289186,,,,,,,,,,,398865.8848595059,recorded_interval_not_proven_full_lifecycle,0.5090405951007269,0.5090405951007269,,,/home/pdblend4/results/2026-09-21/pdblend-optimization/profile-v2-round6-m5-2100-seed-701/measurement/summary.json,8c2e783ba9e1efd11c89dea6f33ea2e496553d7b5592c8f9658b8c0b46a5d3c1,,/home/pdblend4/results/maintenance/2026-09-23-history-pruning-v6/plan.json
079bb926e66c833d5063cc46,measurement,profile-v2-round6-m6-2100-seed-701,historical,experiment_attempt,Qwen2.5-7B-Instruct,manual,,,1,,,sharegpt,0.5,8.167853976636192,701,311.6855275630951,5.0,0.15,,,,,,,,,,recorded,False,True,raw_pruned,,2450,2450,783564,783564,1.0,1.0,0.18323898315429688,0.19858694076538086,0.20180678367614746,0.32602930068969727,0.02745374619151672,0.02966679816835382,0.030503212266666874,0.03360846307542589,438652.38048731245,,,,,,,,,,,454180.8945987782,recorded_interval_not_proven_full_lifecycle,0.5796347134360157,0.5796347134360157,,,/home/pdblend4/results/2026-09-21/pdblend-optimization/profile-v2-round6-m6-2100-seed-701/measurement/summary.json,3b187ac5ef38e7ba3a64893dd5d4fd2c8993847530ec1e6e95b313c1afceb594,,/home/pdblend4/results/maintenance/2026-09-23-history-pruning-v6/plan.json
