point_id,system,model_id,tp,pp,role,frequency_mhz,batch,input_tokens,context_tokens,output_tokens,phase,repeat,samples,seconds,prefill_s,iteration_s,power_w,measurement_s,timing_scope,status,formal_eligible,source_sha256,image_digest,model_hash,tokenizer_hash,raw_path,raw_sha256,sample_path,sample_sha256,qualification_id
3e26995c5015424e0146fecf,,Qwen2.5-7B-Instruct,1,,prefill,900,,128,,,unspecified,,39,0.05122017860412598,,,183.82911631049782,,,raw_pruned,False,,,,,/home/pdblend4/results/v2/profile-7b-pdblend/raw.json,a8314fe5850e8feb607c95c3afa88132a4e2523c4168eea6540dbbe1d93b7cf5,,,
e7ef8314cc0062fa8c2b9e2b,,Qwen2.5-7B-Instruct,1,,prefill,900,,512,,,unspecified,,12,0.1787954568862915,,,178.8125195840074,,,raw_pruned,False,,,,,/home/pdblend4/results/v2/profile-7b-pdblend/raw.json,a8314fe5850e8feb607c95c3afa88132a4e2523c4168eea6540dbbe1d93b7cf5,,,
a59d33ef23415336e10e2a4a,,Qwen2.5-7B-Instruct,1,,prefill,900,,1024,,,unspecified,,6,0.35171961784362793,,,168.37633746516758,,,raw_pruned,False,,,,,/home/pdblend4/results/v2/profile-7b-pdblend/raw.json,a8314fe5850e8feb607c95c3afa88132a4e2523c4168eea6540dbbe1d93b7cf5,,,
f359d3010b9052058cd75b4c,,Qwen2.5-7B-Instruct,1,,prefill,900,,2048,,,unspecified,,3,0.6983532905578613,,,160.9835094318671,,,raw_pruned,False,,,,,/home/pdblend4/results/v2/profile-7b-pdblend/raw.json,a8314fe5850e8feb607c95c3afa88132a4e2523c4168eea6540dbbe1d93b7cf5,,,
30adc4c0bd2b19d8f39c0a51,,Qwen2.5-7B-Instruct,1,,prefill,900,,4096,,,unspecified,,3,1.4316380023956299,,,155.4007045074677,,,raw_pruned,False,,,,,/home/pdblend4/results/v2/profile-7b-pdblend/raw.json,a8314fe5850e8feb607c95c3afa88132a4e2523c4168eea6540dbbe1d93b7cf5,,,
52f9d906edb68168a3be8458,,Qwen2.5-7B-Instruct,1,,prefill,900,,7168,,,unspecified,,3,2.626680612564087,,,156.65589569893964,,,raw_pruned,False,,,,,/home/pdblend4/results/v2/profile-7b-pdblend/raw.json,a8314fe5850e8feb607c95c3afa88132a4e2523c4168eea6540dbbe1d93b7cf5,,,
61fd313bdb4076d3a8eb89bd,,Qwen2.5-7B-Instruct,1,,prefill,1200,,128,,,unspecified,,50,0.040788888931274414,,,198.72494809313073,,,raw_pruned,False,,,,,/home/pdblend4/results/v2/profile-7b-pdblend/raw.json,a8314fe5850e8feb607c95c3afa88132a4e2523c4168eea6540dbbe1d93b7cf5,,,
44a92801b3b6646609c26783,,Qwen2.5-7B-Instruct,1,,prefill,1200,,512,,,unspecified,,15,0.1364612579345703,,,208.08624241398795,,,raw_pruned,False,,,,,/home/pdblend4/results/v2/profile-7b-pdblend/raw.json,a8314fe5850e8feb607c95c3afa88132a4e2523c4168eea6540dbbe1d93b7cf5,,,
a5721c1d40a9a4c4efbaaf08,,Qwen2.5-7B-Instruct,1,,prefill,1200,,1024,,,unspecified,,8,0.2672395706176758,,,195.6517046919862,,,raw_pruned,False,,,,,/home/pdblend4/results/v2/profile-7b-pdblend/raw.json,a8314fe5850e8feb607c95c3afa88132a4e2523c4168eea6540dbbe1d93b7cf5,,,
be86ab398526d1645a672ef1,,Qwen2.5-7B-Instruct,1,,prefill,1200,,2048,,,unspecified,,4,0.5287026166915894,,,186.77356016029037,,,raw_pruned,False,,,,,/home/pdblend4/results/v2/profile-7b-pdblend/raw.json,a8314fe5850e8feb607c95c3afa88132a4e2523c4168eea6540dbbe1d93b7cf5,,,
36ee21993d9113e8b76a5724,,Qwen2.5-7B-Instruct,1,,prefill,1200,,4096,,,unspecified,,3,1.0835964679718018,,,182.20863199781584,,,raw_pruned,False,,,,,/home/pdblend4/results/v2/profile-7b-pdblend/raw.json,a8314fe5850e8feb607c95c3afa88132a4e2523c4168eea6540dbbe1d93b7cf5,,,
637820eee66c49aa38055009,,Qwen2.5-7B-Instruct,1,,prefill,1200,,7168,,,unspecified,,3,1.9864614009857178,,,186.7001576837395,,,raw_pruned,False,,,,,/home/pdblend4/results/v2/profile-7b-pdblend/raw.json,a8314fe5850e8feb607c95c3afa88132a4e2523c4168eea6540dbbe1d93b7cf5,,,
192b09d062ad2135d236c6f1,,Qwen2.5-7B-Instruct,1,,prefill,1500,,128,,,unspecified,,59,0.03390073776245117,,,224.0158426346059,,,raw_pruned,False,,,,,/home/pdblend4/results/v2/profile-7b-pdblend/raw.json,a8314fe5850e8feb607c95c3afa88132a4e2523c4168eea6540dbbe1d93b7cf5,,,
a9fc0c6fb9b0ccf094d74644,,Qwen2.5-7B-Instruct,1,,prefill,1500,,512,,,unspecified,,19,0.11020278930664062,,,238.8011525027104,,,raw_pruned,False,,,,,/home/pdblend4/results/v2/profile-7b-pdblend/raw.json,a8314fe5850e8feb607c95c3afa88132a4e2523c4168eea6540dbbe1d93b7cf5,,,
b4c115815ed560580b117336,,Qwen2.5-7B-Instruct,1,,prefill,1500,,1024,,,unspecified,,10,0.21568357944488525,,,228.85737649712738,,,raw_pruned,False,,,,,/home/pdblend4/results/v2/profile-7b-pdblend/raw.json,a8314fe5850e8feb607c95c3afa88132a4e2523c4168eea6540dbbe1d93b7cf5,,,
9576bc884abc35b8ec89f0b7,,Qwen2.5-7B-Instruct,1,,prefill,1500,,2048,,,unspecified,,5,0.42714691162109375,,,217.9595331406227,,,raw_pruned,False,,,,,/home/pdblend4/results/v2/profile-7b-pdblend/raw.json,a8314fe5850e8feb607c95c3afa88132a4e2523c4168eea6540dbbe1d93b7cf5,,,
d017a3def07973cf49e5b582,,Qwen2.5-7B-Instruct,1,,prefill,1500,,4096,,,unspecified,,3,0.8735363483428955,,,212.0999866949553,,,raw_pruned,False,,,,,/home/pdblend4/results/v2/profile-7b-pdblend/raw.json,a8314fe5850e8feb607c95c3afa88132a4e2523c4168eea6540dbbe1d93b7cf5,,,
3896fcc17e2ebeeee7f38ed7,,Qwen2.5-7B-Instruct,1,,prefill,1500,,7168,,,unspecified,,3,1.602729082107544,,,214.70166453602323,,,raw_pruned,False,,,,,/home/pdblend4/results/v2/profile-7b-pdblend/raw.json,a8314fe5850e8feb607c95c3afa88132a4e2523c4168eea6540dbbe1d93b7cf5,,,
b157443d9a2e9ac404f3e3d1,,Qwen2.5-7B-Instruct,1,,prefill,1800,,128,,,unspecified,,65,0.03085947036743164,,,246.76874861888678,,,raw_pruned,False,,,,,/home/pdblend4/results/v2/profile-7b-pdblend/raw.json,a8314fe5850e8feb607c95c3afa88132a4e2523c4168eea6540dbbe1d93b7cf5,,,
9d672553b271d89bdfd7ff75,,Qwen2.5-7B-Instruct,1,,prefill,1800,,512,,,unspecified,,22,0.0934300422668457,,,262.8303959053871,,,raw_pruned,False,,,,,/home/pdblend4/results/v2/profile-7b-pdblend/raw.json,a8314fe5850e8feb607c95c3afa88132a4e2523c4168eea6540dbbe1d93b7cf5,,,
0f8a9dd6d2fd3bac01bb9eb5,,Qwen2.5-7B-Instruct,1,,prefill,1800,,1024,,,unspecified,,11,0.18165898323059082,,,257.359668891507,,,raw_pruned,False,,,,,/home/pdblend4/results/v2/profile-7b-pdblend/raw.json,a8314fe5850e8feb607c95c3afa88132a4e2523c4168eea6540dbbe1d93b7cf5,,,
15c59bad9e6c8d3ea80c3462,,Qwen2.5-7B-Instruct,1,,prefill,1800,,2048,,,unspecified,,6,0.359397292137146,,,247.6936267181932,,,raw_pruned,False,,,,,/home/pdblend4/results/v2/profile-7b-pdblend/raw.json,a8314fe5850e8feb607c95c3afa88132a4e2523c4168eea6540dbbe1d93b7cf5,,,
5e0bd0f209b11d7573dca83c,,Qwen2.5-7B-Instruct,1,,prefill,1800,,4096,,,unspecified,,3,0.7348148822784424,,,237.08222644675465,,,raw_pruned,False,,,,,/home/pdblend4/results/v2/profile-7b-pdblend/raw.json,a8314fe5850e8feb607c95c3afa88132a4e2523c4168eea6540dbbe1d93b7cf5,,,
53a34aa84a777c70aa69cbc1,,Qwen2.5-7B-Instruct,1,,prefill,1800,,7168,,,unspecified,,3,1.3472514152526855,,,243.2391682312754,,,raw_pruned,False,,,,,/home/pdblend4/results/v2/profile-7b-pdblend/raw.json,a8314fe5850e8feb607c95c3afa88132a4e2523c4168eea6540dbbe1d93b7cf5,,,
6157141c3c8771fac2e9fac3,,Qwen2.5-7B-Instruct,1,,prefill,2100,,128,,,unspecified,,67,0.030225753784179688,,,258.82046432556643,,,raw_pruned,False,,,,,/home/pdblend4/results/v2/profile-7b-pdblend/raw.json,a8314fe5850e8feb607c95c3afa88132a4e2523c4168eea6540dbbe1d93b7cf5,,,
f80894c1803c4e31e3a69900,,Qwen2.5-7B-Instruct,1,,prefill,2100,,512,,,unspecified,,25,0.08158063888549805,,,281.92750807321556,,,raw_pruned,False,,,,,/home/pdblend4/results/v2/profile-7b-pdblend/raw.json,a8314fe5850e8feb607c95c3afa88132a4e2523c4168eea6540dbbe1d93b7cf5,,,
609c44b76a96b0c6ca998000,,Qwen2.5-7B-Instruct,1,,prefill,2100,,1024,,,unspecified,,11,0.15831637382507324,,,256.23360457281035,,,raw_pruned,False,,,,,/home/pdblend4/results/v2/profile-7b-pdblend/raw.json,a8314fe5850e8feb607c95c3afa88132a4e2523c4168eea6540dbbe1d93b7cf5,,,
bd35b42033a88bc57891c1bd,,Qwen2.5-7B-Instruct,1,,prefill,2100,,2048,,,unspecified,,7,0.310929536819458,,,275.6276801950982,,,raw_pruned,False,,,,,/home/pdblend4/results/v2/profile-7b-pdblend/raw.json,a8314fe5850e8feb607c95c3afa88132a4e2523c4168eea6540dbbe1d93b7cf5,,,
6c5cb1f00a0aa17d4ef39cbf,,Qwen2.5-7B-Instruct,1,,prefill,2100,,4096,,,unspecified,,4,0.6353312730789185,,,264.4764853130133,,,raw_pruned,False,,,,,/home/pdblend4/results/v2/profile-7b-pdblend/raw.json,a8314fe5850e8feb607c95c3afa88132a4e2523c4168eea6540dbbe1d93b7cf5,,,
0a5f96df855226870b3ed808,,Qwen2.5-7B-Instruct,1,,prefill,2100,,7168,,,unspecified,,3,1.1644864082336426,,,269.1177860834941,,,raw_pruned,False,,,,,/home/pdblend4/results/v2/profile-7b-pdblend/raw.json,a8314fe5850e8feb607c95c3afa88132a4e2523c4168eea6540dbbe1d93b7cf5,,,
54d8bcdf380444c540af9d4a,,Qwen2.5-7B-Instruct,1,,prefill,2520,,128,,,unspecified,,68,0.029682397842407227,,,302.86314408065243,,,raw_pruned,False,,,,,/home/pdblend4/results/v2/profile-7b-pdblend/raw.json,a8314fe5850e8feb607c95c3afa88132a4e2523c4168eea6540dbbe1d93b7cf5,,,
0de6716fa82b48b1d61de949,,Qwen2.5-7B-Instruct,1,,prefill,2520,,512,,,unspecified,,28,0.07193303108215332,,,337.2019552296936,,,raw_pruned,False,,,,,/home/pdblend4/results/v2/profile-7b-pdblend/raw.json,a8314fe5850e8feb607c95c3afa88132a4e2523c4168eea6540dbbe1d93b7cf5,,,
2a5d10680ab3b57082ea2c0d,,Qwen2.5-7B-Instruct,1,,prefill,2520,,1024,,,unspecified,,15,0.13794302940368652,,,348.0209528032965,,,raw_pruned,False,,,,,/home/pdblend4/results/v2/profile-7b-pdblend/raw.json,a8314fe5850e8feb607c95c3afa88132a4e2523c4168eea6540dbbe1d93b7cf5,,,
c5814d6bed2fc9ea5f19f9fb,,Qwen2.5-7B-Instruct,1,,prefill,2520,,2048,,,unspecified,,8,0.2679840326309204,,,344.3121194075503,,,raw_pruned,False,,,,,/home/pdblend4/results/v2/profile-7b-pdblend/raw.json,a8314fe5850e8feb607c95c3afa88132a4e2523c4168eea6540dbbe1d93b7cf5,,,
35010bcf8c68ea96886f2a00,,Qwen2.5-7B-Instruct,1,,prefill,2520,,4096,,,unspecified,,4,0.5432782173156738,,,350.8968020514808,,,raw_pruned,False,,,,,/home/pdblend4/results/v2/profile-7b-pdblend/raw.json,a8314fe5850e8feb607c95c3afa88132a4e2523c4168eea6540dbbe1d93b7cf5,,,
ff50196e5c131cbc342c76a0,,Qwen2.5-7B-Instruct,1,,prefill,2520,,7168,,,unspecified,,3,1.0000371932983398,,,350.8853402437771,,,raw_pruned,False,,,,,/home/pdblend4/results/v2/profile-7b-pdblend/raw.json,a8314fe5850e8feb607c95c3afa88132a4e2523c4168eea6540dbbe1d93b7cf5,,,
c807266545051470a5fd3cc8,,Qwen2.5-7B-Instruct,1,,decode,900,1,,256,,unspecified,,,,,0.022073667496442795,161.86658620689656,,,raw_pruned,False,,,,,/home/pdblend4/results/v2/profile-7b-pdblend/raw.json,a8314fe5850e8feb607c95c3afa88132a4e2523c4168eea6540dbbe1d93b7cf5,,,
4ee703b70719c7f1deb74c2c,,Qwen2.5-7B-Instruct,1,,decode,900,4,,256,,unspecified,,,,,0.026239598951032086,185.5323125,,,raw_pruned,False,,,,,/home/pdblend4/results/v2/profile-7b-pdblend/raw.json,a8314fe5850e8feb607c95c3afa88132a4e2523c4168eea6540dbbe1d93b7cf5,,,
b79665afbcfb007b4cd67ecf,,Qwen2.5-7B-Instruct,1,,decode,900,16,,256,,unspecified,,,,,0.026882232181609622,182.64223529411765,,,raw_pruned,False,,,,,/home/pdblend4/results/v2/profile-7b-pdblend/raw.json,a8314fe5850e8feb607c95c3afa88132a4e2523c4168eea6540dbbe1d93b7cf5,,,
475497812d989c650a15bb26,,Qwen2.5-7B-Instruct,1,,decode,900,32,,256,,unspecified,,,,,0.029834637566218302,190.75451351351353,,,raw_pruned,False,,,,,/home/pdblend4/results/v2/profile-7b-pdblend/raw.json,a8314fe5850e8feb607c95c3afa88132a4e2523c4168eea6540dbbe1d93b7cf5,,,
a3d87977e3478eb43090db00,,Qwen2.5-7B-Instruct,1,,decode,900,64,,256,,unspecified,,,,,0.032558812035454646,196.6201951219512,,,raw_pruned,False,,,,,/home/pdblend4/results/v2/profile-7b-pdblend/raw.json,a8314fe5850e8feb607c95c3afa88132a4e2523c4168eea6540dbbe1d93b7cf5,,,
938286fe0b4ad3efbd760a66,,Qwen2.5-7B-Instruct,1,,decode,900,128,,256,,unspecified,,,,,0.059962395698793476,193.90302702702704,,,raw_pruned,False,,,,,/home/pdblend4/results/v2/profile-7b-pdblend/raw.json,a8314fe5850e8feb607c95c3afa88132a4e2523c4168eea6540dbbe1d93b7cf5,,,
ebb41224b7f6526ec8b4dbbe,,Qwen2.5-7B-Instruct,1,,decode,900,256,,256,,unspecified,,,,,0.11700801771195209,184.21490140845071,,,raw_pruned,False,,,,,/home/pdblend4/results/v2/profile-7b-pdblend/raw.json,a8314fe5850e8feb607c95c3afa88132a4e2523c4168eea6540dbbe1d93b7cf5,,,
83ccb08b9095b4d8e4839d8a,,Qwen2.5-7B-Instruct,1,,decode,900,1,,1024,,unspecified,,,,,0.0221434086561203,193.3135,,,raw_pruned,False,,,,,/home/pdblend4/results/v2/profile-7b-pdblend/raw.json,a8314fe5850e8feb607c95c3afa88132a4e2523c4168eea6540dbbe1d93b7cf5,,,
84f3e1afa27490f43d2927f1,,Qwen2.5-7B-Instruct,1,,decode,900,4,,1024,,unspecified,,,,,0.026585552215576173,174.85963636363638,,,raw_pruned,False,,,,,/home/pdblend4/results/v2/profile-7b-pdblend/raw.json,a8314fe5850e8feb607c95c3afa88132a4e2523c4168eea6540dbbe1d93b7cf5,,,
8126f339804faabdcfe46c22,,Qwen2.5-7B-Instruct,1,,decode,900,16,,1024,,unspecified,,,,,0.028492810234190927,183.7496111111111,,,raw_pruned,False,,,,,/home/pdblend4/results/v2/profile-7b-pdblend/raw.json,a8314fe5850e8feb607c95c3afa88132a4e2523c4168eea6540dbbe1d93b7cf5,,,
43c244f99a862d30b4403b57,,Qwen2.5-7B-Instruct,1,,decode,900,32,,1024,,unspecified,,,,,0.03392574479503016,189.73730952380953,,,raw_pruned,False,,,,,/home/pdblend4/results/v2/profile-7b-pdblend/raw.json,a8314fe5850e8feb607c95c3afa88132a4e2523c4168eea6540dbbe1d93b7cf5,,,
61ad9a0e59e2366cda74d0d9,,Qwen2.5-7B-Instruct,1,,decode,900,64,,1024,,unspecified,,,,,0.03887867158459079,196.25245833333335,,,raw_pruned,False,,,,,/home/pdblend4/results/v2/profile-7b-pdblend/raw.json,a8314fe5850e8feb607c95c3afa88132a4e2523c4168eea6540dbbe1d93b7cf5,,,
81b631384d6c862f443a4f62,,Qwen2.5-7B-Instruct,1,,decode,900,128,,1024,,unspecified,,,,,0.07160619766481462,195.4239318181818,,,raw_pruned,False,,,,,/home/pdblend4/results/v2/profile-7b-pdblend/raw.json,a8314fe5850e8feb607c95c3afa88132a4e2523c4168eea6540dbbe1d93b7cf5,,,
167922a1df3920813206b143,,Qwen2.5-7B-Instruct,1,,decode,900,256,,1024,,unspecified,,,,,0.14061503723019458,188.70278947368422,,,raw_pruned,False,,,,,/home/pdblend4/results/v2/profile-7b-pdblend/raw.json,a8314fe5850e8feb607c95c3afa88132a4e2523c4168eea6540dbbe1d93b7cf5,,,
48934823a72275b407276036,,Qwen2.5-7B-Instruct,1,,decode,900,1,,4096,,unspecified,,,,,0.022914163768291473,183.4818275862069,,,raw_pruned,False,,,,,/home/pdblend4/results/v2/profile-7b-pdblend/raw.json,a8314fe5850e8feb607c95c3afa88132a4e2523c4168eea6540dbbe1d93b7cf5,,,
fa66c3f6d09369c9ae2da28a,,Qwen2.5-7B-Instruct,1,,decode,900,4,,4096,,unspecified,,,,,0.027979591369628905,176.1662857142857,,,raw_pruned,False,,,,,/home/pdblend4/results/v2/profile-7b-pdblend/raw.json,a8314fe5850e8feb607c95c3afa88132a4e2523c4168eea6540dbbe1d93b7cf5,,,
0e8899740e7bb10ca135f479,,Qwen2.5-7B-Instruct,1,,decode,900,16,,4096,,unspecified,,,,,0.034468064232478064,182.9814090909091,,,raw_pruned,False,,,,,/home/pdblend4/results/v2/profile-7b-pdblend/raw.json,a8314fe5850e8feb607c95c3afa88132a4e2523c4168eea6540dbbe1d93b7cf5,,,
05a0847de7f19c46740aeac3,,Qwen2.5-7B-Instruct,1,,decode,900,32,,4096,,unspecified,,,,,0.044881979624430336,188.15571428571428,,,raw_pruned,False,,,,,/home/pdblend4/results/v2/profile-7b-pdblend/raw.json,a8314fe5850e8feb607c95c3afa88132a4e2523c4168eea6540dbbe1d93b7cf5,,,
93d13f5042716205a546538f,,Qwen2.5-7B-Instruct,1,,decode,900,64,,4096,,unspecified,,,,,0.062297340362302715,196.80853246753247,,,raw_pruned,False,,,,,/home/pdblend4/results/v2/profile-7b-pdblend/raw.json,a8314fe5850e8feb607c95c3afa88132a4e2523c4168eea6540dbbe1d93b7cf5,,,
ef76cd9f209af3acd62e9733,,Qwen2.5-7B-Instruct,1,,decode,1200,1,,256,,unspecified,,,,,0.021361056715250015,169.981,,,raw_pruned,False,,,,,/home/pdblend4/results/v2/profile-7b-pdblend/raw.json,a8314fe5850e8feb607c95c3afa88132a4e2523c4168eea6540dbbe1d93b7cf5,,,
a8d98c01f872d4e0d1dc0093,,Qwen2.5-7B-Instruct,1,,decode,1200,4,,256,,unspecified,,,,,0.023806934356689454,201.86493333333334,,,raw_pruned,False,,,,,/home/pdblend4/results/v2/profile-7b-pdblend/raw.json,a8314fe5850e8feb607c95c3afa88132a4e2523c4168eea6540dbbe1d93b7cf5,,,
0585dc752fffb44de6ccd5ef,,Qwen2.5-7B-Instruct,1,,decode,1200,16,,256,,unspecified,,,,,0.02446626859997946,200.69470967741935,,,raw_pruned,False,,,,,/home/pdblend4/results/v2/profile-7b-pdblend/raw.json,a8314fe5850e8feb607c95c3afa88132a4e2523c4168eea6540dbbe1d93b7cf5,,,
7e719266f475cc62e69c0a0b,,Qwen2.5-7B-Instruct,1,,decode,1200,32,,256,,unspecified,,,,,0.02831985104468561,204.5092,,,raw_pruned,False,,,,,/home/pdblend4/results/v2/profile-7b-pdblend/raw.json,a8314fe5850e8feb607c95c3afa88132a4e2523c4168eea6540dbbe1d93b7cf5,,,
3393045bcde1a37b805aee7b,,Qwen2.5-7B-Instruct,1,,decode,1200,64,,256,,unspecified,,,,,0.03059439505300214,213.1048947368421,,,raw_pruned,False,,,,,/home/pdblend4/results/v2/profile-7b-pdblend/raw.json,a8314fe5850e8feb607c95c3afa88132a4e2523c4168eea6540dbbe1d93b7cf5,,,
20f5d539fc7a566b0440809d,,Qwen2.5-7B-Instruct,1,,decode,1200,128,,256,,unspecified,,,,,0.0464260539700908,223.6502456140351,,,raw_pruned,False,,,,,/home/pdblend4/results/v2/profile-7b-pdblend/raw.json,a8314fe5850e8feb607c95c3afa88132a4e2523c4168eea6540dbbe1d93b7cf5,,,
aacc3db740021d9d9513b8ae,,Qwen2.5-7B-Instruct,1,,decode,1200,256,,256,,unspecified,,,,,0.09027164099646397,214.4567909090909,,,raw_pruned,False,,,,,/home/pdblend4/results/v2/profile-7b-pdblend/raw.json,a8314fe5850e8feb607c95c3afa88132a4e2523c4168eea6540dbbe1d93b7cf5,,,
26f6cfcf30392e6a6c0f8953,,Qwen2.5-7B-Instruct,1,,decode,1200,1,,1024,,unspecified,,,,,0.02144647017121315,212.01066666666668,,,raw_pruned,False,,,,,/home/pdblend4/results/v2/profile-7b-pdblend/raw.json,a8314fe5850e8feb607c95c3afa88132a4e2523c4168eea6540dbbe1d93b7cf5,,,
ee756d9ca6281f4c7bb93f2d,,Qwen2.5-7B-Instruct,1,,decode,1200,4,,1024,,unspecified,,,,,0.02408486699301099,195.71193333333335,,,raw_pruned,False,,,,,/home/pdblend4/results/v2/profile-7b-pdblend/raw.json,a8314fe5850e8feb607c95c3afa88132a4e2523c4168eea6540dbbe1d93b7cf5,,,
38d6ba9f8120261c88657a07,,Qwen2.5-7B-Instruct,1,,decode,1200,16,,1024,,unspecified,,,,,0.025970603942871092,202.3574375,,,raw_pruned,False,,,,,/home/pdblend4/results/v2/profile-7b-pdblend/raw.json,a8314fe5850e8feb607c95c3afa88132a4e2523c4168eea6540dbbe1d93b7cf5,,,
949dc7d67cf4e1cbf7b2fd0d,,Qwen2.5-7B-Instruct,1,,decode,1200,32,,1024,,unspecified,,,,,0.031243616534817602,205.06879487179486,,,raw_pruned,False,,,,,/home/pdblend4/results/v2/profile-7b-pdblend/raw.json,a8314fe5850e8feb607c95c3afa88132a4e2523c4168eea6540dbbe1d93b7cf5,,,
5b3082e53e316c18c59829b2,,Qwen2.5-7B-Instruct,1,,decode,1200,64,,1024,,unspecified,,,,,0.03507490696445588,213.72893023255813,,,raw_pruned,False,,,,,/home/pdblend4/results/v2/profile-7b-pdblend/raw.json,a8314fe5850e8feb607c95c3afa88132a4e2523c4168eea6540dbbe1d93b7cf5,,,
3b429f227b32516cef5b0b48,,Qwen2.5-7B-Instruct,1,,decode,1200,128,,1024,,unspecified,,,,,0.055532497744406425,222.40273913043478,,,raw_pruned,False,,,,,/home/pdblend4/results/v2/profile-7b-pdblend/raw.json,a8314fe5850e8feb607c95c3afa88132a4e2523c4168eea6540dbbe1d93b7cf5,,,
3a7ebbf780e5caae8a9dd7ad,,Qwen2.5-7B-Instruct,1,,decode,1200,256,,1024,,unspecified,,,,,0.10898855865978804,215.25010606060604,,,raw_pruned,False,,,,,/home/pdblend4/results/v2/profile-7b-pdblend/raw.json,a8314fe5850e8feb607c95c3afa88132a4e2523c4168eea6540dbbe1d93b7cf5,,,
6c7c5db12b7a206ea4949f7a,,Qwen2.5-7B-Instruct,1,,decode,1200,1,,4096,,unspecified,,,,,0.022086098790168762,200.43803571428572,,,raw_pruned,False,,,,,/home/pdblend4/results/v2/profile-7b-pdblend/raw.json,a8314fe5850e8feb607c95c3afa88132a4e2523c4168eea6540dbbe1d93b7cf5,,,
5732962de81f8e0c2a655473,,Qwen2.5-7B-Instruct,1,,decode,1200,4,,4096,,unspecified,,,,,0.02556403990714781,192.62087499999998,,,raw_pruned,False,,,,,/home/pdblend4/results/v2/profile-7b-pdblend/raw.json,a8314fe5850e8feb607c95c3afa88132a4e2523c4168eea6540dbbe1d93b7cf5,,,
c44559d3705ee655558d404e,,Qwen2.5-7B-Instruct,1,,decode,1200,16,,4096,,unspecified,,,,,0.030386270038665286,200.2767894736842,,,raw_pruned,False,,,,,/home/pdblend4/results/v2/profile-7b-pdblend/raw.json,a8314fe5850e8feb607c95c3afa88132a4e2523c4168eea6540dbbe1d93b7cf5,,,
0a19e70a2df48d20f755022d,,Qwen2.5-7B-Instruct,1,,decode,1200,32,,4096,,unspecified,,,,,0.03949810966612801,204.25132000000002,,,raw_pruned,False,,,,,/home/pdblend4/results/v2/profile-7b-pdblend/raw.json,a8314fe5850e8feb607c95c3afa88132a4e2523c4168eea6540dbbe1d93b7cf5,,,
5dd0696798416bf896797cc6,,Qwen2.5-7B-Instruct,1,,decode,1200,64,,4096,,unspecified,,,,,0.05342726553640058,215.57957575757575,,,raw_pruned,False,,,,,/home/pdblend4/results/v2/profile-7b-pdblend/raw.json,a8314fe5850e8feb607c95c3afa88132a4e2523c4168eea6540dbbe1d93b7cf5,,,
cb7e0767deb443086d12bbec,,Qwen2.5-7B-Instruct,1,,decode,1500,1,,256,,unspecified,,,,,0.021046672016382217,178.01333333333332,,,raw_pruned,False,,,,,/home/pdblend4/results/v2/profile-7b-pdblend/raw.json,a8314fe5850e8feb607c95c3afa88132a4e2523c4168eea6540dbbe1d93b7cf5,,,
27681e64c5747dd20002a2d0,,Qwen2.5-7B-Instruct,1,,decode,1500,4,,256,,unspecified,,,,,0.023051055908203125,208.87062068965517,,,raw_pruned,False,,,,,/home/pdblend4/results/v2/profile-7b-pdblend/raw.json,a8314fe5850e8feb607c95c3afa88132a4e2523c4168eea6540dbbe1d93b7cf5,,,
82c0c92873ec7622bad9395f,,Qwen2.5-7B-Instruct,1,,decode,1500,16,,256,,unspecified,,,,,0.024066675093866164,214.4945,,,raw_pruned,False,,,,,/home/pdblend4/results/v2/profile-7b-pdblend/raw.json,a8314fe5850e8feb607c95c3afa88132a4e2523c4168eea6540dbbe1d93b7cf5,,,
7a5800b078814ef636c617a4,,Qwen2.5-7B-Instruct,1,,decode,1500,32,,256,,unspecified,,,,,0.027533854207684918,216.5475588235294,,,raw_pruned,False,,,,,/home/pdblend4/results/v2/profile-7b-pdblend/raw.json,a8314fe5850e8feb607c95c3afa88132a4e2523c4168eea6540dbbe1d93b7cf5,,,
6f161641053afd43535c0e3a,,Qwen2.5-7B-Instruct,1,,decode,1500,64,,256,,unspecified,,,,,0.029513039896565098,225.70321621621622,,,raw_pruned,False,,,,,/home/pdblend4/results/v2/profile-7b-pdblend/raw.json,a8314fe5850e8feb607c95c3afa88132a4e2523c4168eea6540dbbe1d93b7cf5,,,
319a04fa44d6c7eabacc2553,,Qwen2.5-7B-Instruct,1,,decode,1500,128,,256,,unspecified,,,,,0.03898650600064185,248.9215,,,raw_pruned,False,,,,,/home/pdblend4/results/v2/profile-7b-pdblend/raw.json,a8314fe5850e8feb607c95c3afa88132a4e2523c4168eea6540dbbe1d93b7cf5,,,
d15ca9d2c941adebbabead3e,,Qwen2.5-7B-Instruct,1,,decode,1500,256,,256,,unspecified,,,,,0.07479331532462699,239.09123076923078,,,raw_pruned,False,,,,,/home/pdblend4/results/v2/profile-7b-pdblend/raw.json,a8314fe5850e8feb607c95c3afa88132a4e2523c4168eea6540dbbe1d93b7cf5,,,
fb2a37166e27c6042ab0c0e0,,Qwen2.5-7B-Instruct,1,,decode,1500,1,,1024,,unspecified,,,,,0.02110052853822708,223.8351111111111,,,raw_pruned,False,,,,,/home/pdblend4/results/v2/profile-7b-pdblend/raw.json,a8314fe5850e8feb607c95c3afa88132a4e2523c4168eea6540dbbe1d93b7cf5,,,
e4bf08edb94a26c2ad98c149,,Qwen2.5-7B-Instruct,1,,decode,1500,4,,1024,,unspecified,,,,,0.023270675114222934,210.24366666666666,,,raw_pruned,False,,,,,/home/pdblend4/results/v2/profile-7b-pdblend/raw.json,a8314fe5850e8feb607c95c3afa88132a4e2523c4168eea6540dbbe1d93b7cf5,,,
ba2fe29e21b4ff2c2d6651eb,,Qwen2.5-7B-Instruct,1,,decode,1500,16,,1024,,unspecified,,,,,0.024800115161471896,218.2056129032258,,,raw_pruned,False,,,,,/home/pdblend4/results/v2/profile-7b-pdblend/raw.json,a8314fe5850e8feb607c95c3afa88132a4e2523c4168eea6540dbbe1d93b7cf5,,,
5648c3b3bebe1bcb49ced50e,,Qwen2.5-7B-Instruct,1,,decode,1500,32,,1024,,unspecified,,,,,0.029750301361083985,220.31116216216216,,,raw_pruned,False,,,,,/home/pdblend4/results/v2/profile-7b-pdblend/raw.json,a8314fe5850e8feb607c95c3afa88132a4e2523c4168eea6540dbbe1d93b7cf5,,,
c2432a0d84d8adf20e9dc1f7,,Qwen2.5-7B-Instruct,1,,decode,1500,64,,1024,,unspecified,,,,,0.033619834530738094,228.05495238095236,,,raw_pruned,False,,,,,/home/pdblend4/results/v2/profile-7b-pdblend/raw.json,a8314fe5850e8feb607c95c3afa88132a4e2523c4168eea6540dbbe1d93b7cf5,,,
cf3241dd6654d6c2a5df8dfe,,Qwen2.5-7B-Instruct,1,,decode,1500,128,,1024,,unspecified,,,,,0.047557430882607735,243.30391379310345,,,raw_pruned,False,,,,,/home/pdblend4/results/v2/profile-7b-pdblend/raw.json,a8314fe5850e8feb607c95c3afa88132a4e2523c4168eea6540dbbe1d93b7cf5,,,
2ba90534e2615a8c9ff08f13,,Qwen2.5-7B-Instruct,1,,decode,1500,256,,1024,,unspecified,,,,,0.09223194200484479,238.95928318584072,,,raw_pruned,False,,,,,/home/pdblend4/results/v2/profile-7b-pdblend/raw.json,a8314fe5850e8feb607c95c3afa88132a4e2523c4168eea6540dbbe1d93b7cf5,,,
21ef9edf53899bdcec36128a,,Qwen2.5-7B-Instruct,1,,decode,1500,1,,4096,,unspecified,,,,,0.02166471630334854,214.94075,,,raw_pruned,False,,,,,/home/pdblend4/results/v2/profile-7b-pdblend/raw.json,a8314fe5850e8feb607c95c3afa88132a4e2523c4168eea6540dbbe1d93b7cf5,,,
754cc6eca5ff463a8b66ef68,,Qwen2.5-7B-Instruct,1,,decode,1500,4,,4096,,unspecified,,,,,0.024230222853403243,207.02712903225807,,,raw_pruned,False,,,,,/home/pdblend4/results/v2/profile-7b-pdblend/raw.json,a8314fe5850e8feb607c95c3afa88132a4e2523c4168eea6540dbbe1d93b7cf5,,,
6b81e8b62f3ca29ca36f4592,,Qwen2.5-7B-Instruct,1,,decode,1500,16,,4096,,unspecified,,,,,0.02944521750173261,214.48552777777778,,,raw_pruned,False,,,,,/home/pdblend4/results/v2/profile-7b-pdblend/raw.json,a8314fe5850e8feb607c95c3afa88132a4e2523c4168eea6540dbbe1d93b7cf5,,,
5e34627919b2dcdb309d728e,,Qwen2.5-7B-Instruct,1,,decode,1500,32,,4096,,unspecified,,,,,0.03817066454118298,216.38425531914893,,,raw_pruned,False,,,,,/home/pdblend4/results/v2/profile-7b-pdblend/raw.json,a8314fe5850e8feb607c95c3afa88132a4e2523c4168eea6540dbbe1d93b7cf5,,,
9ac6771de0c48fa4f0dcfa01,,Qwen2.5-7B-Instruct,1,,decode,1500,64,,4096,,unspecified,,,,,0.050120099898307555,227.31701587301586,,,raw_pruned,False,,,,,/home/pdblend4/results/v2/profile-7b-pdblend/raw.json,a8314fe5850e8feb607c95c3afa88132a4e2523c4168eea6540dbbe1d93b7cf5,,,
c1ddecb86a6fbc586fef3440,,Qwen2.5-7B-Instruct,1,,decode,1800,1,,256,,unspecified,,,,,0.020833291113376617,178.6026923076923,,,raw_pruned,False,,,,,/home/pdblend4/results/v2/profile-7b-pdblend/raw.json,a8314fe5850e8feb607c95c3afa88132a4e2523c4168eea6540dbbe1d93b7cf5,,,
2cd7b960aa64ef94217b06e3,,Qwen2.5-7B-Instruct,1,,decode,1800,4,,256,,unspecified,,,,,0.022828755840178457,215.58932142857142,,,raw_pruned,False,,,,,/home/pdblend4/results/v2/profile-7b-pdblend/raw.json,a8314fe5850e8feb607c95c3afa88132a4e2523c4168eea6540dbbe1d93b7cf5,,,
4d723fe53429560146dfcea5,,Qwen2.5-7B-Instruct,1,,decode,1800,16,,256,,unspecified,,,,,0.023648481215200117,227.2993103448276,,,raw_pruned,False,,,,,/home/pdblend4/results/v2/profile-7b-pdblend/raw.json,a8314fe5850e8feb607c95c3afa88132a4e2523c4168eea6540dbbe1d93b7cf5,,,
18d82f8ec9628086960e7a07,,Qwen2.5-7B-Instruct,1,,decode,1800,32,,256,,unspecified,,,,,0.027030487214365313,230.7181515151515,,,raw_pruned,False,,,,,/home/pdblend4/results/v2/profile-7b-pdblend/raw.json,a8314fe5850e8feb607c95c3afa88132a4e2523c4168eea6540dbbe1d93b7cf5,,,
54166363ece03918a9adadcf,,Qwen2.5-7B-Instruct,1,,decode,1800,64,,256,,unspecified,,,,,0.028935105569901004,238.35472222222222,,,raw_pruned,False,,,,,/home/pdblend4/results/v2/profile-7b-pdblend/raw.json,a8314fe5850e8feb607c95c3afa88132a4e2523c4168eea6540dbbe1d93b7cf5,,,
7cab432353973ffc6d14452e,,Qwen2.5-7B-Instruct,1,,decode,1800,128,,256,,unspecified,,,,,0.034891143677726624,265.41702272727275,,,raw_pruned,False,,,,,/home/pdblend4/results/v2/profile-7b-pdblend/raw.json,a8314fe5850e8feb607c95c3afa88132a4e2523c4168eea6540dbbe1d93b7cf5,,,
77f16fc8df3210bddb4b3426,,Qwen2.5-7B-Instruct,1,,decode,1800,256,,256,,unspecified,,,,,0.06496366516488497,261.699329113924,,,raw_pruned,False,,,,,/home/pdblend4/results/v2/profile-7b-pdblend/raw.json,a8314fe5850e8feb607c95c3afa88132a4e2523c4168eea6540dbbe1d93b7cf5,,,
410e32b7931ab6cd6685c960,,Qwen2.5-7B-Instruct,1,,decode,1800,1,,1024,,unspecified,,,,,0.02089741826057434,236.01774074074075,,,raw_pruned,False,,,,,/home/pdblend4/results/v2/profile-7b-pdblend/raw.json,a8314fe5850e8feb607c95c3afa88132a4e2523c4168eea6540dbbe1d93b7cf5,,,
28725f7ad39e7862361bc717,,Qwen2.5-7B-Instruct,1,,decode,1800,4,,1024,,unspecified,,,,,0.023204315093255812,224.8916551724138,,,raw_pruned,False,,,,,/home/pdblend4/results/v2/profile-7b-pdblend/raw.json,a8314fe5850e8feb607c95c3afa88132a4e2523c4168eea6540dbbe1d93b7cf5,,,
dea0d579863c36cc84e4b0e2,,Qwen2.5-7B-Instruct,1,,decode,1800,16,,1024,,unspecified,,,,,0.024673573432430145,233.70576666666665,,,raw_pruned,False,,,,,/home/pdblend4/results/v2/profile-7b-pdblend/raw.json,a8314fe5850e8feb607c95c3afa88132a4e2523c4168eea6540dbbe1d93b7cf5,,,
0832f71e91d5b4af9c3a6ea3,,Qwen2.5-7B-Instruct,1,,decode,1800,32,,1024,,unspecified,,,,,0.02929316028471916,233.31694444444443,,,raw_pruned,False,,,,,/home/pdblend4/results/v2/profile-7b-pdblend/raw.json,a8314fe5850e8feb607c95c3afa88132a4e2523c4168eea6540dbbe1d93b7cf5,,,
33832ad1ab10d5f53ef6199d,,Qwen2.5-7B-Instruct,1,,decode,1800,64,,1024,,unspecified,,,,,0.03307908196603098,237.57682926829267,,,raw_pruned,False,,,,,/home/pdblend4/results/v2/profile-7b-pdblend/raw.json,a8314fe5850e8feb607c95c3afa88132a4e2523c4168eea6540dbbe1d93b7cf5,,,
52fb77453c7314b4b449bcf3,,Qwen2.5-7B-Instruct,1,,decode,1800,128,,1024,,unspecified,,,,,0.04299631572905041,260.7792222222222,,,raw_pruned,False,,,,,/home/pdblend4/results/v2/profile-7b-pdblend/raw.json,a8314fe5850e8feb607c95c3afa88132a4e2523c4168eea6540dbbe1d93b7cf5,,,
fe5957e8b4f8e06ab3f32f46,,Qwen2.5-7B-Instruct,1,,decode,1800,256,,1024,,unspecified,,,,,0.0822232551262027,257.36756,,,raw_pruned,False,,,,,/home/pdblend4/results/v2/profile-7b-pdblend/raw.json,a8314fe5850e8feb607c95c3afa88132a4e2523c4168eea6540dbbe1d93b7cf5,,,
359755ddbfbf8a06da9d027b,,Qwen2.5-7B-Instruct,1,,decode,1800,1,,4096,,unspecified,,,,,0.021399907767772675,227.79214285714286,,,raw_pruned,False,,,,,/home/pdblend4/results/v2/profile-7b-pdblend/raw.json,a8314fe5850e8feb607c95c3afa88132a4e2523c4168eea6540dbbe1d93b7cf5,,,
7074bf3033d0199c0a7c7565,,Qwen2.5-7B-Instruct,1,,decode,1800,4,,4096,,unspecified,,,,,0.02361953164648822,221.33606666666668,,,raw_pruned,False,,,,,/home/pdblend4/results/v2/profile-7b-pdblend/raw.json,a8314fe5850e8feb607c95c3afa88132a4e2523c4168eea6540dbbe1d93b7cf5,,,
bbbc07827acc7a70493a1c52,,Qwen2.5-7B-Instruct,1,,decode,1800,16,,4096,,unspecified,,,,,0.028881715190026067,228.63474285714287,,,raw_pruned,False,,,,,/home/pdblend4/results/v2/profile-7b-pdblend/raw.json,a8314fe5850e8feb607c95c3afa88132a4e2523c4168eea6540dbbe1d93b7cf5,,,
5204d909ccf6a02e50095ace,,Qwen2.5-7B-Instruct,1,,decode,1800,32,,4096,,unspecified,,,,,0.037457962189951254,228.21904347826086,,,raw_pruned,False,,,,,/home/pdblend4/results/v2/profile-7b-pdblend/raw.json,a8314fe5850e8feb607c95c3afa88132a4e2523c4168eea6540dbbe1d93b7cf5,,,
7700e13959bf0022c2f3ad44,,Qwen2.5-7B-Instruct,1,,decode,1800,64,,4096,,unspecified,,,,,0.048329523631504605,238.86770491803279,,,raw_pruned,False,,,,,/home/pdblend4/results/v2/profile-7b-pdblend/raw.json,a8314fe5850e8feb607c95c3afa88132a4e2523c4168eea6540dbbe1d93b7cf5,,,
60e22d1e32abf73a02ce9002,,Qwen2.5-7B-Instruct,1,,decode,2100,1,,256,,unspecified,,,,,0.020659156143665314,176.3837037037037,,,raw_pruned,False,,,,,/home/pdblend4/results/v2/profile-7b-pdblend/raw.json,a8314fe5850e8feb607c95c3afa88132a4e2523c4168eea6540dbbe1d93b7cf5,,,
6ddd056b4ef2090e30f14c7d,,Qwen2.5-7B-Instruct,1,,decode,2100,4,,256,,unspecified,,,,,0.022515362308871363,222.692,,,raw_pruned,False,,,,,/home/pdblend4/results/v2/profile-7b-pdblend/raw.json,a8314fe5850e8feb607c95c3afa88132a4e2523c4168eea6540dbbe1d93b7cf5,,,
323f1992d6d537477841d7d0,,Qwen2.5-7B-Instruct,1,,decode,2100,16,,256,,unspecified,,,,,0.023325843195761402,237.0490344827586,,,raw_pruned,False,,,,,/home/pdblend4/results/v2/profile-7b-pdblend/raw.json,a8314fe5850e8feb607c95c3afa88132a4e2523c4168eea6540dbbe1d93b7cf5,,,
46947be33df492866a2240b5,,Qwen2.5-7B-Instruct,1,,decode,2100,32,,256,,unspecified,,,,,0.02662449498330393,240.374,,,raw_pruned,False,,,,,/home/pdblend4/results/v2/profile-7b-pdblend/raw.json,a8314fe5850e8feb607c95c3afa88132a4e2523c4168eea6540dbbe1d93b7cf5,,,
073db55186762102dd9f412a,,Qwen2.5-7B-Instruct,1,,decode,2100,64,,256,,unspecified,,,,,0.02851290087546072,250.4784571428571,,,raw_pruned,False,,,,,/home/pdblend4/results/v2/profile-7b-pdblend/raw.json,a8314fe5850e8feb607c95c3afa88132a4e2523c4168eea6540dbbe1d93b7cf5,,,
304daf7b4ee8dcd6fb0009b6,,Qwen2.5-7B-Instruct,1,,decode,2100,128,,256,,unspecified,,,,,0.03428648748705464,280.8675238095238,,,raw_pruned,False,,,,,/home/pdblend4/results/v2/profile-7b-pdblend/raw.json,a8314fe5850e8feb607c95c3afa88132a4e2523c4168eea6540dbbe1d93b7cf5,,,
5c55da1b6e394ad55cd6a9c3,,Qwen2.5-7B-Instruct,1,,decode,2100,256,,256,,unspecified,,,,,0.0580795163013896,286.7513142857143,,,raw_pruned,False,,,,,/home/pdblend4/results/v2/profile-7b-pdblend/raw.json,a8314fe5850e8feb607c95c3afa88132a4e2523c4168eea6540dbbe1d93b7cf5,,,
45b60dde17bbda4f7c60639a,,Qwen2.5-7B-Instruct,1,,decode,2100,1,,1024,,unspecified,,,,,0.02070852741599083,245.00253846153845,,,raw_pruned,False,,,,,/home/pdblend4/results/v2/profile-7b-pdblend/raw.json,a8314fe5850e8feb607c95c3afa88132a4e2523c4168eea6540dbbe1d93b7cf5,,,
1e147192da1a78f1fddc8f6d,,Qwen2.5-7B-Instruct,1,,decode,2100,4,,1024,,unspecified,,,,,0.022495920695955792,236.03207142857144,,,raw_pruned,False,,,,,/home/pdblend4/results/v2/profile-7b-pdblend/raw.json,a8314fe5850e8feb607c95c3afa88132a4e2523c4168eea6540dbbe1d93b7cf5,,,
e77f07dd4d178d340cd394af,,Qwen2.5-7B-Instruct,1,,decode,2100,16,,1024,,unspecified,,,,,0.024338499192268617,249.9074,,,raw_pruned,False,,,,,/home/pdblend4/results/v2/profile-7b-pdblend/raw.json,a8314fe5850e8feb607c95c3afa88132a4e2523c4168eea6540dbbe1d93b7cf5,,,
9901bd1a14b9c9122b375cfa,,Qwen2.5-7B-Instruct,1,,decode,2100,32,,1024,,unspecified,,,,,0.028838396072387695,247.97305555555556,,,raw_pruned,False,,,,,/home/pdblend4/results/v2/profile-7b-pdblend/raw.json,a8314fe5850e8feb607c95c3afa88132a4e2523c4168eea6540dbbe1d93b7cf5,,,
6b68f2b11223afd3abacaf6a,,Qwen2.5-7B-Instruct,1,,decode,2100,64,,1024,,unspecified,,,,,0.0326826149417508,251.11863414634146,,,raw_pruned,False,,,,,/home/pdblend4/results/v2/profile-7b-pdblend/raw.json,a8314fe5850e8feb607c95c3afa88132a4e2523c4168eea6540dbbe1d93b7cf5,,,
0c70540a43c738163ee2e165,,Qwen2.5-7B-Instruct,1,,decode,2100,128,,1024,,unspecified,,,,,0.04272376721905124,273.85071698113205,,,raw_pruned,False,,,,,/home/pdblend4/results/v2/profile-7b-pdblend/raw.json,a8314fe5850e8feb607c95c3afa88132a4e2523c4168eea6540dbbe1d93b7cf5,,,
1ae8baafa44b339416514535,,Qwen2.5-7B-Instruct,1,,decode,2100,256,,1024,,unspecified,,,,,0.07542284981149142,276.3100652173913,,,raw_pruned,False,,,,,/home/pdblend4/results/v2/profile-7b-pdblend/raw.json,a8314fe5850e8feb607c95c3afa88132a4e2523c4168eea6540dbbe1d93b7cf5,,,
b12c84e2c7f93e3b8c4722d1,,Qwen2.5-7B-Instruct,1,,decode,2100,1,,4096,,unspecified,,,,,0.021167326718568802,242.5735185185185,,,raw_pruned,False,,,,,/home/pdblend4/results/v2/profile-7b-pdblend/raw.json,a8314fe5850e8feb607c95c3afa88132a4e2523c4168eea6540dbbe1d93b7cf5,,,
2ea54a2792a318f938d584f0,,Qwen2.5-7B-Instruct,1,,decode,2100,4,,4096,,unspecified,,,,,0.023436118686009966,238.97746666666666,,,raw_pruned,False,,,,,/home/pdblend4/results/v2/profile-7b-pdblend/raw.json,a8314fe5850e8feb607c95c3afa88132a4e2523c4168eea6540dbbe1d93b7cf5,,,
d092398e3250302def81fd8b,,Qwen2.5-7B-Instruct,1,,decode,2100,16,,4096,,unspecified,,,,,0.028028136207943873,241.7826111111111,,,raw_pruned,False,,,,,/home/pdblend4/results/v2/profile-7b-pdblend/raw.json,a8314fe5850e8feb607c95c3afa88132a4e2523c4168eea6540dbbe1d93b7cf5,,,
e3812b7e098bd4515b43a377,,Qwen2.5-7B-Instruct,1,,decode,2100,32,,4096,,unspecified,,,,,0.03640988516429114,239.33899999999997,,,raw_pruned,False,,,,,/home/pdblend4/results/v2/profile-7b-pdblend/raw.json,a8314fe5850e8feb607c95c3afa88132a4e2523c4168eea6540dbbe1d93b7cf5,,,
f8e0918f38da1a5460d5a667,,Qwen2.5-7B-Instruct,1,,decode,2100,64,,4096,,unspecified,,,,,0.04881308155675088,246.53966666666665,,,raw_pruned,False,,,,,/home/pdblend4/results/v2/profile-7b-pdblend/raw.json,a8314fe5850e8feb607c95c3afa88132a4e2523c4168eea6540dbbe1d93b7cf5,,,
792e9ff6bf7b70c27f0d63ac,,Qwen2.5-7B-Instruct,1,,decode,2520,1,,256,,unspecified,,,,,0.02047806978225708,216.498,,,raw_pruned,False,,,,,/home/pdblend4/results/v2/profile-7b-pdblend/raw.json,a8314fe5850e8feb607c95c3afa88132a4e2523c4168eea6540dbbe1d93b7cf5,,,
04d66b355b24ae508fd3d335,,Qwen2.5-7B-Instruct,1,,decode,2520,4,,256,,unspecified,,,,,0.021875177110944475,261.04896296296295,,,raw_pruned,False,,,,,/home/pdblend4/results/v2/profile-7b-pdblend/raw.json,a8314fe5850e8feb607c95c3afa88132a4e2523c4168eea6540dbbe1d93b7cf5,,,
82141e2326976ea1e8c7cc60,,Qwen2.5-7B-Instruct,1,,decode,2520,16,,256,,unspecified,,,,,0.022660047288924928,278.08724137931034,,,raw_pruned,False,,,,,/home/pdblend4/results/v2/profile-7b-pdblend/raw.json,a8314fe5850e8feb607c95c3afa88132a4e2523c4168eea6540dbbe1d93b7cf5,,,
15eb6c093c2e54f6bd3760e3,,Qwen2.5-7B-Instruct,1,,decode,2520,32,,256,,unspecified,,,,,0.02621454961838261,286.2085757575758,,,raw_pruned,False,,,,,/home/pdblend4/results/v2/profile-7b-pdblend/raw.json,a8314fe5850e8feb607c95c3afa88132a4e2523c4168eea6540dbbe1d93b7cf5,,,
cb2f3f3efa4bdf730094437c,,Qwen2.5-7B-Instruct,1,,decode,2520,64,,256,,unspecified,,,,,0.028138195314714985,300.13291428571426,,,raw_pruned,False,,,,,/home/pdblend4/results/v2/profile-7b-pdblend/raw.json,a8314fe5850e8feb607c95c3afa88132a4e2523c4168eea6540dbbe1d93b7cf5,,,
4b74b58180ce42dfc6fcf9b6,,Qwen2.5-7B-Instruct,1,,decode,2520,128,,256,,unspecified,,,,,0.0338916047926872,348.47061904761904,,,raw_pruned,False,,,,,/home/pdblend4/results/v2/profile-7b-pdblend/raw.json,a8314fe5850e8feb607c95c3afa88132a4e2523c4168eea6540dbbe1d93b7cf5,,,
997818fb0454c406a92ef216,,Qwen2.5-7B-Instruct,1,,decode,2520,256,,256,,unspecified,,,,,0.052499505340075886,341.8785625,,,raw_pruned,False,,,,,/home/pdblend4/results/v2/profile-7b-pdblend/raw.json,a8314fe5850e8feb607c95c3afa88132a4e2523c4168eea6540dbbe1d93b7cf5,,,
0fb6cc2a8b2ac6b6ea7e1b37,,Qwen2.5-7B-Instruct,1,,decode,2520,1,,1024,,unspecified,,,,,0.02053137868642807,295.4364615384615,,,raw_pruned,False,,,,,/home/pdblend4/results/v2/profile-7b-pdblend/raw.json,a8314fe5850e8feb607c95c3afa88132a4e2523c4168eea6540dbbe1d93b7cf5,,,
b4d98665da10e8da5ab3b3d8,,Qwen2.5-7B-Instruct,1,,decode,2520,4,,1024,,unspecified,,,,,0.02217389666844928,282.43535714285713,,,raw_pruned,False,,,,,/home/pdblend4/results/v2/profile-7b-pdblend/raw.json,a8314fe5850e8feb607c95c3afa88132a4e2523c4168eea6540dbbe1d93b7cf5,,,
a6459a6575fc8655c49fcc8f,,Qwen2.5-7B-Instruct,1,,decode,2520,16,,1024,,unspecified,,,,,0.023825519561767577,290.6714827586207,,,raw_pruned,False,,,,,/home/pdblend4/results/v2/profile-7b-pdblend/raw.json,a8314fe5850e8feb607c95c3afa88132a4e2523c4168eea6540dbbe1d93b7cf5,,,
f363329f42a1eddb85453529,,Qwen2.5-7B-Instruct,1,,decode,2520,32,,1024,,unspecified,,,,,0.02845090819943336,293.3354166666667,,,raw_pruned,False,,,,,/home/pdblend4/results/v2/profile-7b-pdblend/raw.json,a8314fe5850e8feb607c95c3afa88132a4e2523c4168eea6540dbbe1d93b7cf5,,,
65ffe9357f3eb219589718fb,,Qwen2.5-7B-Instruct,1,,decode,2520,64,,1024,,unspecified,,,,,0.03231974186435822,299.7979,,,raw_pruned,False,,,,,/home/pdblend4/results/v2/profile-7b-pdblend/raw.json,a8314fe5850e8feb607c95c3afa88132a4e2523c4168eea6540dbbe1d93b7cf5,,,
fb307e713ef6b0b95766f10e,,Qwen2.5-7B-Instruct,1,,decode,2520,128,,1024,,unspecified,,,,,0.042145325291541316,325.74886792452827,,,raw_pruned,False,,,,,/home/pdblend4/results/v2/profile-7b-pdblend/raw.json,a8314fe5850e8feb607c95c3afa88132a4e2523c4168eea6540dbbe1d93b7cf5,,,
fd15814979678425bdda705e,,Qwen2.5-7B-Instruct,1,,decode,2520,256,,1024,,unspecified,,,,,0.06905400948446305,339.63495238095237,,,raw_pruned,False,,,,,/home/pdblend4/results/v2/profile-7b-pdblend/raw.json,a8314fe5850e8feb607c95c3afa88132a4e2523c4168eea6540dbbe1d93b7cf5,,,
302709e355382e49d8b79a0f,,Qwen2.5-7B-Instruct,1,,decode,2520,1,,4096,,unspecified,,,,,0.020965442061424255,296.0648888888889,,,raw_pruned,False,,,,,/home/pdblend4/results/v2/profile-7b-pdblend/raw.json,a8314fe5850e8feb607c95c3afa88132a4e2523c4168eea6540dbbe1d93b7cf5,,,
0cab5141884a7d883c3c3e5f,,Qwen2.5-7B-Instruct,1,,decode,2520,4,,4096,,unspecified,,,,,0.023485302925109863,286.0379655172414,,,raw_pruned,False,,,,,/home/pdblend4/results/v2/profile-7b-pdblend/raw.json,a8314fe5850e8feb607c95c3afa88132a4e2523c4168eea6540dbbe1d93b7cf5,,,
4594a7e6af41b39c4a893967,,Qwen2.5-7B-Instruct,1,,decode,2520,16,,4096,,unspecified,,,,,0.028105039750376055,289.2899428571428,,,raw_pruned,False,,,,,/home/pdblend4/results/v2/profile-7b-pdblend/raw.json,a8314fe5850e8feb607c95c3afa88132a4e2523c4168eea6540dbbe1d93b7cf5,,,
c5d45d7973d9fe166ae449c8,,Qwen2.5-7B-Instruct,1,,decode,2520,32,,4096,,unspecified,,,,,0.03651394382599862,286.40543478260867,,,raw_pruned,False,,,,,/home/pdblend4/results/v2/profile-7b-pdblend/raw.json,a8314fe5850e8feb607c95c3afa88132a4e2523c4168eea6540dbbe1d93b7cf5,,,
34c40170843a6a25c50cf838,,Qwen2.5-7B-Instruct,1,,decode,2520,64,,4096,,unspecified,,,,,0.048411338560042844,291.8574,,,raw_pruned,False,,,,,/home/pdblend4/results/v2/profile-7b-pdblend/raw.json,a8314fe5850e8feb607c95c3afa88132a4e2523c4168eea6540dbbe1d93b7cf5,,,
008db050a406e3df224885d8,,Qwen2.5-7B-Instruct,1,,mixed,1500,8,,1024,,unspecified,,,,,,,,,raw_pruned,False,,,,,/home/pdblend4/results/v2/profile-7b-pdblend/raw.json,a8314fe5850e8feb607c95c3afa88132a4e2523c4168eea6540dbbe1d93b7cf5,,,
e7744b0cee6ec9463943d77a,,Qwen2.5-7B-Instruct,1,,mixed,1500,8,,1024,,unspecified,,,,,,,,,raw_pruned,False,,,,,/home/pdblend4/results/v2/profile-7b-pdblend/raw.json,a8314fe5850e8feb607c95c3afa88132a4e2523c4168eea6540dbbe1d93b7cf5,,,
d8614464856eee168642326e,,Qwen2.5-7B-Instruct,1,,mixed,1500,32,,1024,,unspecified,,,,,,,,,raw_pruned,False,,,,,/home/pdblend4/results/v2/profile-7b-pdblend/raw.json,a8314fe5850e8feb607c95c3afa88132a4e2523c4168eea6540dbbe1d93b7cf5,,,
9a36944fe557529e9bb0f9b8,,Qwen2.5-7B-Instruct,1,,mixed,1500,32,,1024,,unspecified,,,,,,,,,raw_pruned,False,,,,,/home/pdblend4/results/v2/profile-7b-pdblend/raw.json,a8314fe5850e8feb607c95c3afa88132a4e2523c4168eea6540dbbe1d93b7cf5,,,
5f6ad907d3bb8751061e2866,,Qwen2.5-7B-Instruct,1,,mixed,2520,8,,1024,,unspecified,,,,,,,,,raw_pruned,False,,,,,/home/pdblend4/results/v2/profile-7b-pdblend/raw.json,a8314fe5850e8feb607c95c3afa88132a4e2523c4168eea6540dbbe1d93b7cf5,,,
e0931a489647b03d016081f6,,Qwen2.5-7B-Instruct,1,,mixed,2520,8,,1024,,unspecified,,,,,,,,,raw_pruned,False,,,,,/home/pdblend4/results/v2/profile-7b-pdblend/raw.json,a8314fe5850e8feb607c95c3afa88132a4e2523c4168eea6540dbbe1d93b7cf5,,,
85c16ae7118569287c31e739,,Qwen2.5-7B-Instruct,1,,mixed,2520,32,,1024,,unspecified,,,,,,,,,raw_pruned,False,,,,,/home/pdblend4/results/v2/profile-7b-pdblend/raw.json,a8314fe5850e8feb607c95c3afa88132a4e2523c4168eea6540dbbe1d93b7cf5,,,
19c4bd115630f9eb92846dc6,,Qwen2.5-7B-Instruct,1,,mixed,2520,32,,1024,,unspecified,,,,,,,,,raw_pruned,False,,,,,/home/pdblend4/results/v2/profile-7b-pdblend/raw.json,a8314fe5850e8feb607c95c3afa88132a4e2523c4168eea6540dbbe1d93b7cf5,,,
e099debd62baa1a58c655abf,,Qwen2.5-7B-Instruct,1,,transfer,,,512,,,unspecified,,3,,,,,,,raw_pruned,False,,,,,/home/pdblend4/results/v2/profile-7b-pdblend/raw.json,a8314fe5850e8feb607c95c3afa88132a4e2523c4168eea6540dbbe1d93b7cf5,,,
699041c1ea2cc18f59acb9a3,,Qwen2.5-7B-Instruct,1,,transfer,,,2048,,,unspecified,,3,,,,,,,raw_pruned,False,,,,,/home/pdblend4/results/v2/profile-7b-pdblend/raw.json,a8314fe5850e8feb607c95c3afa88132a4e2523c4168eea6540dbbe1d93b7cf5,,,
05db26d1d09388124382da5d,,Qwen2.5-7B-Instruct,1,,transfer,,,7168,,,unspecified,,3,,,,,,,raw_pruned,False,,,,,/home/pdblend4/results/v2/profile-7b-pdblend/raw.json,a8314fe5850e8feb607c95c3afa88132a4e2523c4168eea6540dbbe1d93b7cf5,,,
f962ca81b060dcbffb8bbffb,,Qwen2.5-7B-Instruct,1,,prefill,2100,,128,,,unspecified,,67,0.03020763397216797,,,228.5522180366555,,,raw_pruned,False,,,,,/home/pdblend4/results/2026-09-21/pdblend-optimization/calibration-2100-2520/measurement/raw.json,8583ae1e7990e2fe754614f88e12277a9032b03f273b16d7a13233f980c05fbe,,,
2911722b2cc5e8e17b9f63e0,,Qwen2.5-7B-Instruct,1,,prefill,2100,,512,,,unspecified,,25,0.08189773559570312,,,268.9827766433533,,,raw_pruned,False,,,,,/home/pdblend4/results/2026-09-21/pdblend-optimization/calibration-2100-2520/measurement/raw.json,8583ae1e7990e2fe754614f88e12277a9032b03f273b16d7a13233f980c05fbe,,,
c1428c0582f52542b9a46e56,,Qwen2.5-7B-Instruct,1,,prefill,2100,,1024,,,unspecified,,13,0.15788984298706055,,,278.10323976177324,,,raw_pruned,False,,,,,/home/pdblend4/results/2026-09-21/pdblend-optimization/calibration-2100-2520/measurement/raw.json,8583ae1e7990e2fe754614f88e12277a9032b03f273b16d7a13233f980c05fbe,,,
f53a9db0b5fca94cc909249f,,Qwen2.5-7B-Instruct,1,,prefill,2100,,2048,,,unspecified,,7,0.31098341941833496,,,266.8421969195764,,,raw_pruned,False,,,,,/home/pdblend4/results/2026-09-21/pdblend-optimization/calibration-2100-2520/measurement/raw.json,8583ae1e7990e2fe754614f88e12277a9032b03f273b16d7a13233f980c05fbe,,,
ecded2b82b6040f58a030ed2,,Qwen2.5-7B-Instruct,1,,prefill,2100,,4096,,,unspecified,,4,0.6354632377624512,,,262.4494529438661,,,raw_pruned,False,,,,,/home/pdblend4/results/2026-09-21/pdblend-optimization/calibration-2100-2520/measurement/raw.json,8583ae1e7990e2fe754614f88e12277a9032b03f273b16d7a13233f980c05fbe,,,
1ca7ac7c7bba1a529a27efd4,,Qwen2.5-7B-Instruct,1,,prefill,2100,,7168,,,unspecified,,3,1.1642673015594482,,,264.83514658200073,,,raw_pruned,False,,,,,/home/pdblend4/results/2026-09-21/pdblend-optimization/calibration-2100-2520/measurement/raw.json,8583ae1e7990e2fe754614f88e12277a9032b03f273b16d7a13233f980c05fbe,,,
be1838535407841b8465beff,,Qwen2.5-7B-Instruct,1,,prefill,2520,,128,,,unspecified,,68,0.0296708345413208,,,295.4419170777771,,,raw_pruned,False,,,,,/home/pdblend4/results/2026-09-21/pdblend-optimization/calibration-2100-2520/measurement/raw.json,8583ae1e7990e2fe754614f88e12277a9032b03f273b16d7a13233f980c05fbe,,,
b43afd18ded6b3629e20b027,,Qwen2.5-7B-Instruct,1,,prefill,2520,,512,,,unspecified,,28,0.07153749465942383,,,341.69379828900003,,,raw_pruned,False,,,,,/home/pdblend4/results/2026-09-21/pdblend-optimization/calibration-2100-2520/measurement/raw.json,8583ae1e7990e2fe754614f88e12277a9032b03f273b16d7a13233f980c05fbe,,,
f4ee5d0bf8c23c032ce10276,,Qwen2.5-7B-Instruct,1,,prefill,2520,,1024,,,unspecified,,15,0.1375272274017334,,,346.0916209465346,,,raw_pruned,False,,,,,/home/pdblend4/results/2026-09-21/pdblend-optimization/calibration-2100-2520/measurement/raw.json,8583ae1e7990e2fe754614f88e12277a9032b03f273b16d7a13233f980c05fbe,,,
c61eff0763f0b8e05a800e77,,Qwen2.5-7B-Instruct,1,,prefill,2520,,2048,,,unspecified,,8,0.2666177749633789,,,347.90140383650555,,,raw_pruned,False,,,,,/home/pdblend4/results/2026-09-21/pdblend-optimization/calibration-2100-2520/measurement/raw.json,8583ae1e7990e2fe754614f88e12277a9032b03f273b16d7a13233f980c05fbe,,,
6c4539715b2141f9cb788f4e,,Qwen2.5-7B-Instruct,1,,prefill,2520,,4096,,,unspecified,,4,0.5417540073394775,,,346.15037703851505,,,raw_pruned,False,,,,,/home/pdblend4/results/2026-09-21/pdblend-optimization/calibration-2100-2520/measurement/raw.json,8583ae1e7990e2fe754614f88e12277a9032b03f273b16d7a13233f980c05fbe,,,
191b679c6ae96f8253509366,,Qwen2.5-7B-Instruct,1,,prefill,2520,,7168,,,unspecified,,3,0.9971284866333008,,,349.3143612457579,,,raw_pruned,False,,,,,/home/pdblend4/results/2026-09-21/pdblend-optimization/calibration-2100-2520/measurement/raw.json,8583ae1e7990e2fe754614f88e12277a9032b03f273b16d7a13233f980c05fbe,,,
2eacd6a0e8bc1a7e87c56d97,,Qwen2.5-7B-Instruct,1,,decode,2100,1,,256,,unspecified,,,,,0.02065829560160637,180.47014814814816,,,raw_pruned,False,,,,,/home/pdblend4/results/2026-09-21/pdblend-optimization/calibration-2100-2520/measurement/raw.json,8583ae1e7990e2fe754614f88e12277a9032b03f273b16d7a13233f980c05fbe,,,
f4f008be26e3814e0e3b3a82,,Qwen2.5-7B-Instruct,1,,decode,2100,4,,256,,unspecified,,,,,0.022168931506928943,223.60092857142857,,,raw_pruned,False,,,,,/home/pdblend4/results/2026-09-21/pdblend-optimization/calibration-2100-2520/measurement/raw.json,8583ae1e7990e2fe754614f88e12277a9032b03f273b16d7a13233f980c05fbe,,,
d0ddb09560145f21d9b1e764,,Qwen2.5-7B-Instruct,1,,decode,2100,16,,256,,unspecified,,,,,0.023045244671049573,234.23479310344828,,,raw_pruned,False,,,,,/home/pdblend4/results/2026-09-21/pdblend-optimization/calibration-2100-2520/measurement/raw.json,8583ae1e7990e2fe754614f88e12277a9032b03f273b16d7a13233f980c05fbe,,,
afbb43931a021b9678675d87,,Qwen2.5-7B-Instruct,1,,decode,2100,32,,256,,unspecified,,,,,0.026193247901068792,242.61154545454545,,,raw_pruned,False,,,,,/home/pdblend4/results/2026-09-21/pdblend-optimization/calibration-2100-2520/measurement/raw.json,8583ae1e7990e2fe754614f88e12277a9032b03f273b16d7a13233f980c05fbe,,,
f13aa7794f300461294295ed,,Qwen2.5-7B-Instruct,1,,decode,2100,64,,256,,unspecified,,,,,0.028072463141547307,249.4171142857143,,,raw_pruned,False,,,,,/home/pdblend4/results/2026-09-21/pdblend-optimization/calibration-2100-2520/measurement/raw.json,8583ae1e7990e2fe754614f88e12277a9032b03f273b16d7a13233f980c05fbe,,,
88fd893c68e077a2870cc057,,Qwen2.5-7B-Instruct,1,,decode,2100,128,,256,,unspecified,,,,,0.040460606090358044,257.11908163265304,,,raw_pruned,False,,,,,/home/pdblend4/results/2026-09-21/pdblend-optimization/calibration-2100-2520/measurement/raw.json,8583ae1e7990e2fe754614f88e12277a9032b03f273b16d7a13233f980c05fbe,,,
79da01a6f15a280bd5c9c063,,Qwen2.5-7B-Instruct,1,,decode,2100,256,,256,,unspecified,,,,,0.05815181184987553,284.6549142857143,,,raw_pruned,False,,,,,/home/pdblend4/results/2026-09-21/pdblend-optimization/calibration-2100-2520/measurement/raw.json,8583ae1e7990e2fe754614f88e12277a9032b03f273b16d7a13233f980c05fbe,,,
485bf38d9917573ba17557d8,,Qwen2.5-7B-Instruct,1,,decode,2100,1,,1024,,unspecified,,,,,0.02068256214261055,242.37315384615385,,,raw_pruned,False,,,,,/home/pdblend4/results/2026-09-21/pdblend-optimization/calibration-2100-2520/measurement/raw.json,8583ae1e7990e2fe754614f88e12277a9032b03f273b16d7a13233f980c05fbe,,,
42c5ce45de001939732cdba3,,Qwen2.5-7B-Instruct,1,,decode,2100,4,,1024,,unspecified,,,,,0.02285107489555113,236.71264285714284,,,raw_pruned,False,,,,,/home/pdblend4/results/2026-09-21/pdblend-optimization/calibration-2100-2520/measurement/raw.json,8583ae1e7990e2fe754614f88e12277a9032b03f273b16d7a13233f980c05fbe,,,
26c5a1f395d76dbffb6075e7,,Qwen2.5-7B-Instruct,1,,decode,2100,16,,1024,,unspecified,,,,,0.02388530685788109,245.89326666666665,,,raw_pruned,False,,,,,/home/pdblend4/results/2026-09-21/pdblend-optimization/calibration-2100-2520/measurement/raw.json,8583ae1e7990e2fe754614f88e12277a9032b03f273b16d7a13233f980c05fbe,,,
af25a209b742fa1f232153e7,,Qwen2.5-7B-Instruct,1,,decode,2100,32,,1024,,unspecified,,,,,0.028300266417246017,244.9812777777778,,,raw_pruned,False,,,,,/home/pdblend4/results/2026-09-21/pdblend-optimization/calibration-2100-2520/measurement/raw.json,8583ae1e7990e2fe754614f88e12277a9032b03f273b16d7a13233f980c05fbe,,,
3c8882f9cb9772650d2585c7,,Qwen2.5-7B-Instruct,1,,decode,2100,64,,1024,,unspecified,,,,,0.032068721831790985,249.3934,,,raw_pruned,False,,,,,/home/pdblend4/results/2026-09-21/pdblend-optimization/calibration-2100-2520/measurement/raw.json,8583ae1e7990e2fe754614f88e12277a9032b03f273b16d7a13233f980c05fbe,,,
c6e06f73c809ee5e41706b3b,,Qwen2.5-7B-Instruct,1,,decode,2100,128,,1024,,unspecified,,,,,0.04191164364890447,271.8951153846154,,,raw_pruned,False,,,,,/home/pdblend4/results/2026-09-21/pdblend-optimization/calibration-2100-2520/measurement/raw.json,8583ae1e7990e2fe754614f88e12277a9032b03f273b16d7a13233f980c05fbe,,,
189994331913c6c1c29e5a29,,Qwen2.5-7B-Instruct,1,,decode,2100,256,,1024,,unspecified,,,,,0.07535492396745526,274.19194505494505,,,raw_pruned,False,,,,,/home/pdblend4/results/2026-09-21/pdblend-optimization/calibration-2100-2520/measurement/raw.json,8583ae1e7990e2fe754614f88e12277a9032b03f273b16d7a13233f980c05fbe,,,
51d44eb0ed4a763e92eec884,,Qwen2.5-7B-Instruct,1,,decode,2100,1,,4096,,unspecified,,,,,0.021150726824998856,240.98155555555556,,,raw_pruned,False,,,,,/home/pdblend4/results/2026-09-21/pdblend-optimization/calibration-2100-2520/measurement/raw.json,8583ae1e7990e2fe754614f88e12277a9032b03f273b16d7a13233f980c05fbe,,,
87da897b522e8b5ea7ac0d8b,,Qwen2.5-7B-Instruct,1,,decode,2100,4,,4096,,unspecified,,,,,0.023783610713097356,236.18596666666664,,,raw_pruned,False,,,,,/home/pdblend4/results/2026-09-21/pdblend-optimization/calibration-2100-2520/measurement/raw.json,8583ae1e7990e2fe754614f88e12277a9032b03f273b16d7a13233f980c05fbe,,,
48bf4a51bfcf3f02b2e05a3e,,Qwen2.5-7B-Instruct,1,,decode,2100,16,,4096,,unspecified,,,,,0.027950941570221433,239.0871111111111,,,raw_pruned,False,,,,,/home/pdblend4/results/2026-09-21/pdblend-optimization/calibration-2100-2520/measurement/raw.json,8583ae1e7990e2fe754614f88e12277a9032b03f273b16d7a13233f980c05fbe,,,
22d01f76a778315d5a28a44e,,Qwen2.5-7B-Instruct,1,,decode,2100,32,,4096,,unspecified,,,,,0.03634939118037148,237.73817391304348,,,raw_pruned,False,,,,,/home/pdblend4/results/2026-09-21/pdblend-optimization/calibration-2100-2520/measurement/raw.json,8583ae1e7990e2fe754614f88e12277a9032b03f273b16d7a13233f980c05fbe,,,
605baab2cc16b58560f2e31f,,Qwen2.5-7B-Instruct,1,,decode,2100,64,,4096,,unspecified,,,,,0.047926596232822964,247.92553333333333,,,raw_pruned,False,,,,,/home/pdblend4/results/2026-09-21/pdblend-optimization/calibration-2100-2520/measurement/raw.json,8583ae1e7990e2fe754614f88e12277a9032b03f273b16d7a13233f980c05fbe,,,
7799bc1ea32cdf76620dd0ab,,Qwen2.5-7B-Instruct,1,,decode,2520,1,,256,,unspecified,,,,,0.02045593410730362,209.42230769230767,,,raw_pruned,False,,,,,/home/pdblend4/results/2026-09-21/pdblend-optimization/calibration-2100-2520/measurement/raw.json,8583ae1e7990e2fe754614f88e12277a9032b03f273b16d7a13233f980c05fbe,,,
80590e594ada237a8cefb8ad,,Qwen2.5-7B-Instruct,1,,decode,2520,4,,256,,unspecified,,,,,0.02218785209040488,249.48214814814816,,,raw_pruned,False,,,,,/home/pdblend4/results/2026-09-21/pdblend-optimization/calibration-2100-2520/measurement/raw.json,8583ae1e7990e2fe754614f88e12277a9032b03f273b16d7a13233f980c05fbe,,,
f07ed2e081ff9482976d8209,,Qwen2.5-7B-Instruct,1,,decode,2520,16,,256,,unspecified,,,,,0.02299471055307696,278.07041379310346,,,raw_pruned,False,,,,,/home/pdblend4/results/2026-09-21/pdblend-optimization/calibration-2100-2520/measurement/raw.json,8583ae1e7990e2fe754614f88e12277a9032b03f273b16d7a13233f980c05fbe,,,
17165f0bf9cf2e01101efce3,,Qwen2.5-7B-Instruct,1,,decode,2520,32,,256,,unspecified,,,,,0.025774096685742574,293.35818181818183,,,raw_pruned,False,,,,,/home/pdblend4/results/2026-09-21/pdblend-optimization/calibration-2100-2520/measurement/raw.json,8583ae1e7990e2fe754614f88e12277a9032b03f273b16d7a13233f980c05fbe,,,
937f577f942683c6b60ef6c7,,Qwen2.5-7B-Instruct,1,,decode,2520,64,,256,,unspecified,,,,,0.02768859409150623,304.18328571428566,,,raw_pruned,False,,,,,/home/pdblend4/results/2026-09-21/pdblend-optimization/calibration-2100-2520/measurement/raw.json,8583ae1e7990e2fe754614f88e12277a9032b03f273b16d7a13233f980c05fbe,,,
2acb1d25be711c130f4ff1ff,,Qwen2.5-7B-Instruct,1,,decode,2520,128,,256,,unspecified,,,,,0.03383383058732556,319.1475476190476,,,raw_pruned,False,,,,,/home/pdblend4/results/2026-09-21/pdblend-optimization/calibration-2100-2520/measurement/raw.json,8583ae1e7990e2fe754614f88e12277a9032b03f273b16d7a13233f980c05fbe,,,
bb487957c6e2d67dc1a5446a,,Qwen2.5-7B-Instruct,1,,decode,2520,256,,256,,unspecified,,,,,0.052452251559398214,342.62440625,,,raw_pruned,False,,,,,/home/pdblend4/results/2026-09-21/pdblend-optimization/calibration-2100-2520/measurement/raw.json,8583ae1e7990e2fe754614f88e12277a9032b03f273b16d7a13233f980c05fbe,,,
5296419e905760bc2ee22074,,Qwen2.5-7B-Instruct,1,,decode,2520,1,,1024,,unspecified,,,,,0.02051963284611702,297.0572307692308,,,raw_pruned,False,,,,,/home/pdblend4/results/2026-09-21/pdblend-optimization/calibration-2100-2520/measurement/raw.json,8583ae1e7990e2fe754614f88e12277a9032b03f273b16d7a13233f980c05fbe,,,
f44d05c67e90decf6bfbda0a,,Qwen2.5-7B-Instruct,1,,decode,2520,4,,1024,,unspecified,,,,,0.022528675294691516,285.38685714285714,,,raw_pruned,False,,,,,/home/pdblend4/results/2026-09-21/pdblend-optimization/calibration-2100-2520/measurement/raw.json,8583ae1e7990e2fe754614f88e12277a9032b03f273b16d7a13233f980c05fbe,,,
70d575e7e437f91c7be9b693,,Qwen2.5-7B-Instruct,1,,decode,2520,16,,1024,,unspecified,,,,,0.024015811181837512,295.66973333333334,,,raw_pruned,False,,,,,/home/pdblend4/results/2026-09-21/pdblend-optimization/calibration-2100-2520/measurement/raw.json,8583ae1e7990e2fe754614f88e12277a9032b03f273b16d7a13233f980c05fbe,,,
ee67a7ec40ec7dd52b977290,,Qwen2.5-7B-Instruct,1,,decode,2520,32,,1024,,unspecified,,,,,0.027957848140171597,290.7900555555555,,,raw_pruned,False,,,,,/home/pdblend4/results/2026-09-21/pdblend-optimization/calibration-2100-2520/measurement/raw.json,8583ae1e7990e2fe754614f88e12277a9032b03f273b16d7a13233f980c05fbe,,,
d89e520e9100f054e405d957,,Qwen2.5-7B-Instruct,1,,decode,2520,64,,1024,,unspecified,,,,,0.03180029278709775,304.43295,,,raw_pruned,False,,,,,/home/pdblend4/results/2026-09-21/pdblend-optimization/calibration-2100-2520/measurement/raw.json,8583ae1e7990e2fe754614f88e12277a9032b03f273b16d7a13233f980c05fbe,,,
8d43b3b3fb3725544d744dae,,Qwen2.5-7B-Instruct,1,,decode,2520,128,,1024,,unspecified,,,,,0.04207594548502276,329.5119807692308,,,raw_pruned,False,,,,,/home/pdblend4/results/2026-09-21/pdblend-optimization/calibration-2100-2520/measurement/raw.json,8583ae1e7990e2fe754614f88e12277a9032b03f273b16d7a13233f980c05fbe,,,
7404106669d649f9f30d5049,,Qwen2.5-7B-Instruct,1,,decode,2520,256,,1024,,unspecified,,,,,0.06903671045772365,341.67784523809524,,,raw_pruned,False,,,,,/home/pdblend4/results/2026-09-21/pdblend-optimization/calibration-2100-2520/measurement/raw.json,8583ae1e7990e2fe754614f88e12277a9032b03f273b16d7a13233f980c05fbe,,,
481fe198dcddb7ff28359757,,Qwen2.5-7B-Instruct,1,,decode,2520,1,,4096,,unspecified,,,,,0.02095293626189232,295.97937037037036,,,raw_pruned,False,,,,,/home/pdblend4/results/2026-09-21/pdblend-optimization/calibration-2100-2520/measurement/raw.json,8583ae1e7990e2fe754614f88e12277a9032b03f273b16d7a13233f980c05fbe,,,
394690efc0f48af51e362f0d,,Qwen2.5-7B-Instruct,1,,decode,2520,4,,4096,,unspecified,,,,,0.023106828568473695,285.3989655172414,,,raw_pruned,False,,,,,/home/pdblend4/results/2026-09-21/pdblend-optimization/calibration-2100-2520/measurement/raw.json,8583ae1e7990e2fe754614f88e12277a9032b03f273b16d7a13233f980c05fbe,,,
41e7484884f79a52f76f44dd,,Qwen2.5-7B-Instruct,1,,decode,2520,16,,4096,,unspecified,,,,,0.027635150485568576,287.51261764705885,,,raw_pruned,False,,,,,/home/pdblend4/results/2026-09-21/pdblend-optimization/calibration-2100-2520/measurement/raw.json,8583ae1e7990e2fe754614f88e12277a9032b03f273b16d7a13233f980c05fbe,,,
051035369ba22b3089a6e3f2,,Qwen2.5-7B-Instruct,1,,decode,2520,32,,4096,,unspecified,,,,,0.03647657363645492,283.2372,,,raw_pruned,False,,,,,/home/pdblend4/results/2026-09-21/pdblend-optimization/calibration-2100-2520/measurement/raw.json,8583ae1e7990e2fe754614f88e12277a9032b03f273b16d7a13233f980c05fbe,,,
fcabb23807fea52137814e51,,Qwen2.5-7B-Instruct,1,,decode,2520,64,,4096,,unspecified,,,,,0.04842838164298765,292.77073333333334,,,raw_pruned,False,,,,,/home/pdblend4/results/2026-09-21/pdblend-optimization/calibration-2100-2520/measurement/raw.json,8583ae1e7990e2fe754614f88e12277a9032b03f273b16d7a13233f980c05fbe,,,
7f3dee4e9e7eaccca8627ab1,,Qwen2.5-7B-Instruct,1,,mixed,2100,8,,1024,,unspecified,,,,,,,,,raw_pruned,False,,,,,/home/pdblend4/results/2026-09-21/pdblend-optimization/calibration-2100-2520/measurement/raw.json,8583ae1e7990e2fe754614f88e12277a9032b03f273b16d7a13233f980c05fbe,,,
430e8c7752b06e7f64d39e41,,Qwen2.5-7B-Instruct,1,,mixed,2100,8,,1024,,unspecified,,,,,,,,,raw_pruned,False,,,,,/home/pdblend4/results/2026-09-21/pdblend-optimization/calibration-2100-2520/measurement/raw.json,8583ae1e7990e2fe754614f88e12277a9032b03f273b16d7a13233f980c05fbe,,,
191667f1da7c2f71748950f5,,Qwen2.5-7B-Instruct,1,,mixed,2100,32,,1024,,unspecified,,,,,,,,,raw_pruned,False,,,,,/home/pdblend4/results/2026-09-21/pdblend-optimization/calibration-2100-2520/measurement/raw.json,8583ae1e7990e2fe754614f88e12277a9032b03f273b16d7a13233f980c05fbe,,,
a42d45a88004d74a4b83bc83,,Qwen2.5-7B-Instruct,1,,mixed,2100,32,,1024,,unspecified,,,,,,,,,raw_pruned,False,,,,,/home/pdblend4/results/2026-09-21/pdblend-optimization/calibration-2100-2520/measurement/raw.json,8583ae1e7990e2fe754614f88e12277a9032b03f273b16d7a13233f980c05fbe,,,
b59ff647ab0248e72d22937f,,Qwen2.5-7B-Instruct,1,,mixed,2520,8,,1024,,unspecified,,,,,,,,,raw_pruned,False,,,,,/home/pdblend4/results/2026-09-21/pdblend-optimization/calibration-2100-2520/measurement/raw.json,8583ae1e7990e2fe754614f88e12277a9032b03f273b16d7a13233f980c05fbe,,,
b34595885d2e8c855a81abf8,,Qwen2.5-7B-Instruct,1,,mixed,2520,8,,1024,,unspecified,,,,,,,,,raw_pruned,False,,,,,/home/pdblend4/results/2026-09-21/pdblend-optimization/calibration-2100-2520/measurement/raw.json,8583ae1e7990e2fe754614f88e12277a9032b03f273b16d7a13233f980c05fbe,,,
b258a28dd56295688731b9c6,,Qwen2.5-7B-Instruct,1,,mixed,2520,32,,1024,,unspecified,,,,,,,,,raw_pruned,False,,,,,/home/pdblend4/results/2026-09-21/pdblend-optimization/calibration-2100-2520/measurement/raw.json,8583ae1e7990e2fe754614f88e12277a9032b03f273b16d7a13233f980c05fbe,,,
8a2a2cd0a524b96c943e60b1,,Qwen2.5-7B-Instruct,1,,mixed,2520,32,,1024,,unspecified,,,,,,,,,raw_pruned,False,,,,,/home/pdblend4/results/2026-09-21/pdblend-optimization/calibration-2100-2520/measurement/raw.json,8583ae1e7990e2fe754614f88e12277a9032b03f273b16d7a13233f980c05fbe,,,
63b1eef98f1dfb6cddaf9833,,Qwen2.5-7B-Instruct,1,,transfer,,,512,,,unspecified,,3,,,,,,,raw_pruned,False,,,,,/home/pdblend4/results/2026-09-21/pdblend-optimization/calibration-2100-2520/measurement/raw.json,8583ae1e7990e2fe754614f88e12277a9032b03f273b16d7a13233f980c05fbe,,,
fe06cdbcaa6a06ef0ff68f49,,Qwen2.5-7B-Instruct,1,,transfer,,,2048,,,unspecified,,3,,,,,,,raw_pruned,False,,,,,/home/pdblend4/results/2026-09-21/pdblend-optimization/calibration-2100-2520/measurement/raw.json,8583ae1e7990e2fe754614f88e12277a9032b03f273b16d7a13233f980c05fbe,,,
9c92306b7a1215e30e36715c,,Qwen2.5-7B-Instruct,1,,transfer,,,7168,,,unspecified,,3,,,,,,,raw_pruned,False,,,,,/home/pdblend4/results/2026-09-21/pdblend-optimization/calibration-2100-2520/measurement/raw.json,8583ae1e7990e2fe754614f88e12277a9032b03f273b16d7a13233f980c05fbe,,,
79e07648bdf0ef410897a54a,,Qwen2.5-7B-Instruct,1,,prefill,900,,128,,,unspecified,,40,0.05106675624847412,,,169.2110513050705,,,raw_pruned,False,8f2c590f629fa3ff1bfd0a11137bd0e841919bf9bb1049dfa81baec3630448d3,sha256:0da4d3e4d430f404f59944ee32c33062882bbcbb95d465c522501a3a192994d9,,,/home/pdblend4/results/2026-09-21/pdblend-optimization/profile-v2c/raw.json,53c7db9c54e152b688963a3066e6dbc1ea89be995d60d2e0c91064c95b7e9c5c,,,
a48ee9d2ceb84ec03066484c,,Qwen2.5-7B-Instruct,1,,prefill,900,,512,,,unspecified,,12,0.1782747507095337,,,183.5625270519415,,,raw_pruned,False,8f2c590f629fa3ff1bfd0a11137bd0e841919bf9bb1049dfa81baec3630448d3,sha256:0da4d3e4d430f404f59944ee32c33062882bbcbb95d465c522501a3a192994d9,,,/home/pdblend4/results/2026-09-21/pdblend-optimization/profile-v2c/raw.json,53c7db9c54e152b688963a3066e6dbc1ea89be995d60d2e0c91064c95b7e9c5c,,,
d28e00efc11d37ad65db4979,,Qwen2.5-7B-Instruct,1,,prefill,900,,1024,,,unspecified,,6,0.35102391242980957,,,168.81091718613845,,,raw_pruned,False,8f2c590f629fa3ff1bfd0a11137bd0e841919bf9bb1049dfa81baec3630448d3,sha256:0da4d3e4d430f404f59944ee32c33062882bbcbb95d465c522501a3a192994d9,,,/home/pdblend4/results/2026-09-21/pdblend-optimization/profile-v2c/raw.json,53c7db9c54e152b688963a3066e6dbc1ea89be995d60d2e0c91064c95b7e9c5c,,,
0809da3ad4fe4e7509222b6d,,Qwen2.5-7B-Instruct,1,,prefill,900,,2048,,,unspecified,,3,0.6967923641204834,,,156.71966354432797,,,raw_pruned,False,8f2c590f629fa3ff1bfd0a11137bd0e841919bf9bb1049dfa81baec3630448d3,sha256:0da4d3e4d430f404f59944ee32c33062882bbcbb95d465c522501a3a192994d9,,,/home/pdblend4/results/2026-09-21/pdblend-optimization/profile-v2c/raw.json,53c7db9c54e152b688963a3066e6dbc1ea89be995d60d2e0c91064c95b7e9c5c,,,
ba9fc1f2ff7ae286464b03af,,Qwen2.5-7B-Instruct,1,,prefill,900,,4096,,,unspecified,,3,1.4304070472717285,,,156.63945214827203,,,raw_pruned,False,8f2c590f629fa3ff1bfd0a11137bd0e841919bf9bb1049dfa81baec3630448d3,sha256:0da4d3e4d430f404f59944ee32c33062882bbcbb95d465c522501a3a192994d9,,,/home/pdblend4/results/2026-09-21/pdblend-optimization/profile-v2c/raw.json,53c7db9c54e152b688963a3066e6dbc1ea89be995d60d2e0c91064c95b7e9c5c,,,
978a020efd1493d99655d796,,Qwen2.5-7B-Instruct,1,,prefill,900,,7168,,,unspecified,,3,2.625613212585449,,,158.399492827462,,,raw_pruned,False,8f2c590f629fa3ff1bfd0a11137bd0e841919bf9bb1049dfa81baec3630448d3,sha256:0da4d3e4d430f404f59944ee32c33062882bbcbb95d465c522501a3a192994d9,,,/home/pdblend4/results/2026-09-21/pdblend-optimization/profile-v2c/raw.json,53c7db9c54e152b688963a3066e6dbc1ea89be995d60d2e0c91064c95b7e9c5c,,,
dffa40aa2a2ff95d208e4a10,,Qwen2.5-7B-Instruct,1,,prefill,1200,,128,,,unspecified,,50,0.04027962684631348,,,208.3891164932183,,,raw_pruned,False,8f2c590f629fa3ff1bfd0a11137bd0e841919bf9bb1049dfa81baec3630448d3,sha256:0da4d3e4d430f404f59944ee32c33062882bbcbb95d465c522501a3a192994d9,,,/home/pdblend4/results/2026-09-21/pdblend-optimization/profile-v2c/raw.json,53c7db9c54e152b688963a3066e6dbc1ea89be995d60d2e0c91064c95b7e9c5c,,,
2197cf29f5712d6514fcd245,,Qwen2.5-7B-Instruct,1,,prefill,1200,,512,,,unspecified,,15,0.1360025405883789,,,208.93431555495553,,,raw_pruned,False,8f2c590f629fa3ff1bfd0a11137bd0e841919bf9bb1049dfa81baec3630448d3,sha256:0da4d3e4d430f404f59944ee32c33062882bbcbb95d465c522501a3a192994d9,,,/home/pdblend4/results/2026-09-21/pdblend-optimization/profile-v2c/raw.json,53c7db9c54e152b688963a3066e6dbc1ea89be995d60d2e0c91064c95b7e9c5c,,,
ba8c9c83c1b69917b85c6202,,Qwen2.5-7B-Instruct,1,,prefill,1200,,1024,,,unspecified,,8,0.26606082916259766,,,202.1447308204186,,,raw_pruned,False,8f2c590f629fa3ff1bfd0a11137bd0e841919bf9bb1049dfa81baec3630448d3,sha256:0da4d3e4d430f404f59944ee32c33062882bbcbb95d465c522501a3a192994d9,,,/home/pdblend4/results/2026-09-21/pdblend-optimization/profile-v2c/raw.json,53c7db9c54e152b688963a3066e6dbc1ea89be995d60d2e0c91064c95b7e9c5c,,,
c525e120c7f3037f290db5de,,Qwen2.5-7B-Instruct,1,,prefill,1200,,2048,,,unspecified,,4,0.5280359983444214,,,191.1582663245333,,,raw_pruned,False,8f2c590f629fa3ff1bfd0a11137bd0e841919bf9bb1049dfa81baec3630448d3,sha256:0da4d3e4d430f404f59944ee32c33062882bbcbb95d465c522501a3a192994d9,,,/home/pdblend4/results/2026-09-21/pdblend-optimization/profile-v2c/raw.json,53c7db9c54e152b688963a3066e6dbc1ea89be995d60d2e0c91064c95b7e9c5c,,,
ff39814d29b4213f868e486e,,Qwen2.5-7B-Instruct,1,,prefill,1200,,4096,,,unspecified,,3,1.0824382305145264,,,184.94326517149332,,,raw_pruned,False,8f2c590f629fa3ff1bfd0a11137bd0e841919bf9bb1049dfa81baec3630448d3,sha256:0da4d3e4d430f404f59944ee32c33062882bbcbb95d465c522501a3a192994d9,,,/home/pdblend4/results/2026-09-21/pdblend-optimization/profile-v2c/raw.json,53c7db9c54e152b688963a3066e6dbc1ea89be995d60d2e0c91064c95b7e9c5c,,,
b161fd86389cca619a138081,,Qwen2.5-7B-Instruct,1,,prefill,1200,,7168,,,unspecified,,3,1.986393690109253,,,188.29263665396235,,,raw_pruned,False,8f2c590f629fa3ff1bfd0a11137bd0e841919bf9bb1049dfa81baec3630448d3,sha256:0da4d3e4d430f404f59944ee32c33062882bbcbb95d465c522501a3a192994d9,,,/home/pdblend4/results/2026-09-21/pdblend-optimization/profile-v2c/raw.json,53c7db9c54e152b688963a3066e6dbc1ea89be995d60d2e0c91064c95b7e9c5c,,,
430e61406170ba6f75ce7928,,Qwen2.5-7B-Instruct,1,,prefill,1500,,128,,,unspecified,,59,0.03385353088378906,,,222.51731240454492,,,raw_pruned,False,8f2c590f629fa3ff1bfd0a11137bd0e841919bf9bb1049dfa81baec3630448d3,sha256:0da4d3e4d430f404f59944ee32c33062882bbcbb95d465c522501a3a192994d9,,,/home/pdblend4/results/2026-09-21/pdblend-optimization/profile-v2c/raw.json,53c7db9c54e152b688963a3066e6dbc1ea89be995d60d2e0c91064c95b7e9c5c,,,
a9fc3287ae1cdad24057f704,,Qwen2.5-7B-Instruct,1,,prefill,1500,,512,,,unspecified,,19,0.11016178131103516,,,240.7418410814605,,,raw_pruned,False,8f2c590f629fa3ff1bfd0a11137bd0e841919bf9bb1049dfa81baec3630448d3,sha256:0da4d3e4d430f404f59944ee32c33062882bbcbb95d465c522501a3a192994d9,,,/home/pdblend4/results/2026-09-21/pdblend-optimization/profile-v2c/raw.json,53c7db9c54e152b688963a3066e6dbc1ea89be995d60d2e0c91064c95b7e9c5c,,,
dae955de0bd242c1a819e7cc,,Qwen2.5-7B-Instruct,1,,prefill,1500,,1024,,,unspecified,,10,0.2154841423034668,,,229.0986938571595,,,raw_pruned,False,8f2c590f629fa3ff1bfd0a11137bd0e841919bf9bb1049dfa81baec3630448d3,sha256:0da4d3e4d430f404f59944ee32c33062882bbcbb95d465c522501a3a192994d9,,,/home/pdblend4/results/2026-09-21/pdblend-optimization/profile-v2c/raw.json,53c7db9c54e152b688963a3066e6dbc1ea89be995d60d2e0c91064c95b7e9c5c,,,
b527ec056fd8bd5317bc4342,,Qwen2.5-7B-Instruct,1,,prefill,1500,,2048,,,unspecified,,5,0.4271378517150879,,,220.10756034908133,,,raw_pruned,False,8f2c590f629fa3ff1bfd0a11137bd0e841919bf9bb1049dfa81baec3630448d3,sha256:0da4d3e4d430f404f59944ee32c33062882bbcbb95d465c522501a3a192994d9,,,/home/pdblend4/results/2026-09-21/pdblend-optimization/profile-v2c/raw.json,53c7db9c54e152b688963a3066e6dbc1ea89be995d60d2e0c91064c95b7e9c5c,,,
99f4ff250f27665572cc46e4,,Qwen2.5-7B-Instruct,1,,prefill,1500,,4096,,,unspecified,,3,0.8733668327331543,,,213.57942222160588,,,raw_pruned,False,8f2c590f629fa3ff1bfd0a11137bd0e841919bf9bb1049dfa81baec3630448d3,sha256:0da4d3e4d430f404f59944ee32c33062882bbcbb95d465c522501a3a192994d9,,,/home/pdblend4/results/2026-09-21/pdblend-optimization/profile-v2c/raw.json,53c7db9c54e152b688963a3066e6dbc1ea89be995d60d2e0c91064c95b7e9c5c,,,
5d833d160370bb02a0b3fe5e,,Qwen2.5-7B-Instruct,1,,prefill,1500,,7168,,,unspecified,,3,1.6028292179107666,,,212.27957306325231,,,raw_pruned,False,8f2c590f629fa3ff1bfd0a11137bd0e841919bf9bb1049dfa81baec3630448d3,sha256:0da4d3e4d430f404f59944ee32c33062882bbcbb95d465c522501a3a192994d9,,,/home/pdblend4/results/2026-09-21/pdblend-optimization/profile-v2c/raw.json,53c7db9c54e152b688963a3066e6dbc1ea89be995d60d2e0c91064c95b7e9c5c,,,
04b34ba303525cb7a53d73b8,,Qwen2.5-7B-Instruct,1,,prefill,1800,,128,,,unspecified,,65,0.030931949615478516,,,247.60668797899018,,,raw_pruned,False,8f2c590f629fa3ff1bfd0a11137bd0e841919bf9bb1049dfa81baec3630448d3,sha256:0da4d3e4d430f404f59944ee32c33062882bbcbb95d465c522501a3a192994d9,,,/home/pdblend4/results/2026-09-21/pdblend-optimization/profile-v2c/raw.json,53c7db9c54e152b688963a3066e6dbc1ea89be995d60d2e0c91064c95b7e9c5c,,,
ef49af100aa0984d5276047a,,Qwen2.5-7B-Instruct,1,,prefill,1800,,512,,,unspecified,,22,0.09360599517822266,,,261.15869449956244,,,raw_pruned,False,8f2c590f629fa3ff1bfd0a11137bd0e841919bf9bb1049dfa81baec3630448d3,sha256:0da4d3e4d430f404f59944ee32c33062882bbcbb95d465c522501a3a192994d9,,,/home/pdblend4/results/2026-09-21/pdblend-optimization/profile-v2c/raw.json,53c7db9c54e152b688963a3066e6dbc1ea89be995d60d2e0c91064c95b7e9c5c,,,
cbdd5e20f4d5cee56ee665cc,,Qwen2.5-7B-Instruct,1,,prefill,1800,,1024,,,unspecified,,11,0.18188929557800293,,,257.07030887557255,,,raw_pruned,False,8f2c590f629fa3ff1bfd0a11137bd0e841919bf9bb1049dfa81baec3630448d3,sha256:0da4d3e4d430f404f59944ee32c33062882bbcbb95d465c522501a3a192994d9,,,/home/pdblend4/results/2026-09-21/pdblend-optimization/profile-v2c/raw.json,53c7db9c54e152b688963a3066e6dbc1ea89be995d60d2e0c91064c95b7e9c5c,,,
37886f3a878c85de4dbf56d9,,Qwen2.5-7B-Instruct,1,,prefill,1800,,2048,,,unspecified,,6,0.3587697744369507,,,246.72960545556208,,,raw_pruned,False,8f2c590f629fa3ff1bfd0a11137bd0e841919bf9bb1049dfa81baec3630448d3,sha256:0da4d3e4d430f404f59944ee32c33062882bbcbb95d465c522501a3a192994d9,,,/home/pdblend4/results/2026-09-21/pdblend-optimization/profile-v2c/raw.json,53c7db9c54e152b688963a3066e6dbc1ea89be995d60d2e0c91064c95b7e9c5c,,,
852693e8b2accf3602c69499,,Qwen2.5-7B-Instruct,1,,prefill,1800,,4096,,,unspecified,,3,0.734717845916748,,,238.66346166157737,,,raw_pruned,False,8f2c590f629fa3ff1bfd0a11137bd0e841919bf9bb1049dfa81baec3630448d3,sha256:0da4d3e4d430f404f59944ee32c33062882bbcbb95d465c522501a3a192994d9,,,/home/pdblend4/results/2026-09-21/pdblend-optimization/profile-v2c/raw.json,53c7db9c54e152b688963a3066e6dbc1ea89be995d60d2e0c91064c95b7e9c5c,,,
67932b3453183e8cf2e475d0,,Qwen2.5-7B-Instruct,1,,prefill,1800,,7168,,,unspecified,,3,1.3473420143127441,,,244.6777113181113,,,raw_pruned,False,8f2c590f629fa3ff1bfd0a11137bd0e841919bf9bb1049dfa81baec3630448d3,sha256:0da4d3e4d430f404f59944ee32c33062882bbcbb95d465c522501a3a192994d9,,,/home/pdblend4/results/2026-09-21/pdblend-optimization/profile-v2c/raw.json,53c7db9c54e152b688963a3066e6dbc1ea89be995d60d2e0c91064c95b7e9c5c,,,
749fc6b66791acbfe39e2e78,,Qwen2.5-7B-Instruct,1,,prefill,2100,,128,,,unspecified,,66,0.0302736759185791,,,259.6160501276891,,,raw_pruned,False,8f2c590f629fa3ff1bfd0a11137bd0e841919bf9bb1049dfa81baec3630448d3,sha256:0da4d3e4d430f404f59944ee32c33062882bbcbb95d465c522501a3a192994d9,,,/home/pdblend4/results/2026-09-21/pdblend-optimization/profile-v2c/raw.json,53c7db9c54e152b688963a3066e6dbc1ea89be995d60d2e0c91064c95b7e9c5c,,,
f36000288881674d95a9f877,,Qwen2.5-7B-Instruct,1,,prefill,2100,,512,,,unspecified,,25,0.08187389373779297,,,280.6176843124439,,,raw_pruned,False,8f2c590f629fa3ff1bfd0a11137bd0e841919bf9bb1049dfa81baec3630448d3,sha256:0da4d3e4d430f404f59944ee32c33062882bbcbb95d465c522501a3a192994d9,,,/home/pdblend4/results/2026-09-21/pdblend-optimization/profile-v2c/raw.json,53c7db9c54e152b688963a3066e6dbc1ea89be995d60d2e0c91064c95b7e9c5c,,,
f18c54eac47b2be8e7c8f453,,Qwen2.5-7B-Instruct,1,,prefill,2100,,1024,,,unspecified,,12,0.15826916694641113,,,275.8470404730574,,,raw_pruned,False,8f2c590f629fa3ff1bfd0a11137bd0e841919bf9bb1049dfa81baec3630448d3,sha256:0da4d3e4d430f404f59944ee32c33062882bbcbb95d465c522501a3a192994d9,,,/home/pdblend4/results/2026-09-21/pdblend-optimization/profile-v2c/raw.json,53c7db9c54e152b688963a3066e6dbc1ea89be995d60d2e0c91064c95b7e9c5c,,,
4c7f33b70a729890dc586c87,,Qwen2.5-7B-Instruct,1,,prefill,2100,,2048,,,unspecified,,7,0.31093859672546387,,,254.3010934881447,,,raw_pruned,False,8f2c590f629fa3ff1bfd0a11137bd0e841919bf9bb1049dfa81baec3630448d3,sha256:0da4d3e4d430f404f59944ee32c33062882bbcbb95d465c522501a3a192994d9,,,/home/pdblend4/results/2026-09-21/pdblend-optimization/profile-v2c/raw.json,53c7db9c54e152b688963a3066e6dbc1ea89be995d60d2e0c91064c95b7e9c5c,,,
b80f8a691629f7a8a423f467,,Qwen2.5-7B-Instruct,1,,prefill,2100,,4096,,,unspecified,,4,0.6355509757995605,,,263.6708057684951,,,raw_pruned,False,8f2c590f629fa3ff1bfd0a11137bd0e841919bf9bb1049dfa81baec3630448d3,sha256:0da4d3e4d430f404f59944ee32c33062882bbcbb95d465c522501a3a192994d9,,,/home/pdblend4/results/2026-09-21/pdblend-optimization/profile-v2c/raw.json,53c7db9c54e152b688963a3066e6dbc1ea89be995d60d2e0c91064c95b7e9c5c,,,
45d579e62e85397d1a364730,,Qwen2.5-7B-Instruct,1,,prefill,2100,,7168,,,unspecified,,3,1.1651098728179932,,,273.33397997001765,,,raw_pruned,False,8f2c590f629fa3ff1bfd0a11137bd0e841919bf9bb1049dfa81baec3630448d3,sha256:0da4d3e4d430f404f59944ee32c33062882bbcbb95d465c522501a3a192994d9,,,/home/pdblend4/results/2026-09-21/pdblend-optimization/profile-v2c/raw.json,53c7db9c54e152b688963a3066e6dbc1ea89be995d60d2e0c91064c95b7e9c5c,,,
a91fca82c5e9f0c8adad15fb,,Qwen2.5-7B-Instruct,1,,prefill,2520,,128,,,unspecified,,67,0.029810428619384766,,,300.8153854818337,,,raw_pruned,False,8f2c590f629fa3ff1bfd0a11137bd0e841919bf9bb1049dfa81baec3630448d3,sha256:0da4d3e4d430f404f59944ee32c33062882bbcbb95d465c522501a3a192994d9,,,/home/pdblend4/results/2026-09-21/pdblend-optimization/profile-v2c/raw.json,53c7db9c54e152b688963a3066e6dbc1ea89be995d60d2e0c91064c95b7e9c5c,,,
08dc8930dd4b15e6536b50fa,,Qwen2.5-7B-Instruct,1,,prefill,2520,,512,,,unspecified,,28,0.07193052768707275,,,341.6641947785994,,,raw_pruned,False,8f2c590f629fa3ff1bfd0a11137bd0e841919bf9bb1049dfa81baec3630448d3,sha256:0da4d3e4d430f404f59944ee32c33062882bbcbb95d465c522501a3a192994d9,,,/home/pdblend4/results/2026-09-21/pdblend-optimization/profile-v2c/raw.json,53c7db9c54e152b688963a3066e6dbc1ea89be995d60d2e0c91064c95b7e9c5c,,,
9d6f4b385447ab533ec60e66,,Qwen2.5-7B-Instruct,1,,prefill,2520,,1024,,,unspecified,,15,0.13842058181762695,,,348.2047398170301,,,raw_pruned,False,8f2c590f629fa3ff1bfd0a11137bd0e841919bf9bb1049dfa81baec3630448d3,sha256:0da4d3e4d430f404f59944ee32c33062882bbcbb95d465c522501a3a192994d9,,,/home/pdblend4/results/2026-09-21/pdblend-optimization/profile-v2c/raw.json,53c7db9c54e152b688963a3066e6dbc1ea89be995d60d2e0c91064c95b7e9c5c,,,
9a75dbc9fa26a44d2250f0da,,Qwen2.5-7B-Instruct,1,,prefill,2520,,2048,,,unspecified,,8,0.2677791118621826,,,344.4700220332429,,,raw_pruned,False,8f2c590f629fa3ff1bfd0a11137bd0e841919bf9bb1049dfa81baec3630448d3,sha256:0da4d3e4d430f404f59944ee32c33062882bbcbb95d465c522501a3a192994d9,,,/home/pdblend4/results/2026-09-21/pdblend-optimization/profile-v2c/raw.json,53c7db9c54e152b688963a3066e6dbc1ea89be995d60d2e0c91064c95b7e9c5c,,,
5cc7be000dac88485be08795,,Qwen2.5-7B-Instruct,1,,prefill,2520,,4096,,,unspecified,,4,0.5439798831939697,,,349.651536445391,,,raw_pruned,False,8f2c590f629fa3ff1bfd0a11137bd0e841919bf9bb1049dfa81baec3630448d3,sha256:0da4d3e4d430f404f59944ee32c33062882bbcbb95d465c522501a3a192994d9,,,/home/pdblend4/results/2026-09-21/pdblend-optimization/profile-v2c/raw.json,53c7db9c54e152b688963a3066e6dbc1ea89be995d60d2e0c91064c95b7e9c5c,,,
1691adeed9f62fee8922878b,,Qwen2.5-7B-Instruct,1,,prefill,2520,,7168,,,unspecified,,3,1.00077223777771,,,338.97232103605955,,,raw_pruned,False,8f2c590f629fa3ff1bfd0a11137bd0e841919bf9bb1049dfa81baec3630448d3,sha256:0da4d3e4d430f404f59944ee32c33062882bbcbb95d465c522501a3a192994d9,,,/home/pdblend4/results/2026-09-21/pdblend-optimization/profile-v2c/raw.json,53c7db9c54e152b688963a3066e6dbc1ea89be995d60d2e0c91064c95b7e9c5c,,,
d5b51fcb21cd35dfbd8bc831,,Qwen2.5-7B-Instruct,1,,decode,900,1,,477.0,,unspecified,0,,,,0.02212723061046769,206.73789,,,raw_pruned,False,8f2c590f629fa3ff1bfd0a11137bd0e841919bf9bb1049dfa81baec3630448d3,sha256:0da4d3e4d430f404f59944ee32c33062882bbcbb95d465c522501a3a192994d9,,,/home/pdblend4/results/2026-09-21/pdblend-optimization/profile-v2c/raw.json,53c7db9c54e152b688963a3066e6dbc1ea89be995d60d2e0c91064c95b7e9c5c,samples/d-900-256-1-r0.json,,
8b87566412c171f041e8610f,,Qwen2.5-7B-Instruct,1,,decode,900,1,,477.0,,unspecified,1,,,,0.022126098649691693,206.03714,,,raw_pruned,False,8f2c590f629fa3ff1bfd0a11137bd0e841919bf9bb1049dfa81baec3630448d3,sha256:0da4d3e4d430f404f59944ee32c33062882bbcbb95d465c522501a3a192994d9,,,/home/pdblend4/results/2026-09-21/pdblend-optimization/profile-v2c/raw.json,53c7db9c54e152b688963a3066e6dbc1ea89be995d60d2e0c91064c95b7e9c5c,samples/d-900-256-1-r1.json,,
a770fc5a70f4a2d70f82e263,,Qwen2.5-7B-Instruct,1,,decode,900,1,,477.0,,unspecified,2,,,,0.022128872111835313,205.28642,,,raw_pruned,False,8f2c590f629fa3ff1bfd0a11137bd0e841919bf9bb1049dfa81baec3630448d3,sha256:0da4d3e4d430f404f59944ee32c33062882bbcbb95d465c522501a3a192994d9,,,/home/pdblend4/results/2026-09-21/pdblend-optimization/profile-v2c/raw.json,53c7db9c54e152b688963a3066e6dbc1ea89be995d60d2e0c91064c95b7e9c5c,samples/d-900-256-1-r2.json,,
f54842c050d21ab4f29c6616,,Qwen2.5-7B-Instruct,1,,decode,900,4,,447.125,,unspecified,0,,,,0.025777675441859924,183.58949,,,raw_pruned,False,8f2c590f629fa3ff1bfd0a11137bd0e841919bf9bb1049dfa81baec3630448d3,sha256:0da4d3e4d430f404f59944ee32c33062882bbcbb95d465c522501a3a192994d9,,,/home/pdblend4/results/2026-09-21/pdblend-optimization/profile-v2c/raw.json,53c7db9c54e152b688963a3066e6dbc1ea89be995d60d2e0c91064c95b7e9c5c,samples/d-900-256-4-r0.json,,
3ee182e4fd791db8a7782b39,,Qwen2.5-7B-Instruct,1,,decode,900,4,,446.75,,unspecified,1,,,,0.025914447912898087,183.59949,,,raw_pruned,False,8f2c590f629fa3ff1bfd0a11137bd0e841919bf9bb1049dfa81baec3630448d3,sha256:0da4d3e4d430f404f59944ee32c33062882bbcbb95d465c522501a3a192994d9,,,/home/pdblend4/results/2026-09-21/pdblend-optimization/profile-v2c/raw.json,53c7db9c54e152b688963a3066e6dbc1ea89be995d60d2e0c91064c95b7e9c5c,samples/d-900-256-4-r1.json,,
67ef432c15f494ea728dbfab,,Qwen2.5-7B-Instruct,1,,decode,900,4,,446.75,,unspecified,2,,,,0.025910261381475418,183.67725,,,raw_pruned,False,8f2c590f629fa3ff1bfd0a11137bd0e841919bf9bb1049dfa81baec3630448d3,sha256:0da4d3e4d430f404f59944ee32c33062882bbcbb95d465c522501a3a192994d9,,,/home/pdblend4/results/2026-09-21/pdblend-optimization/profile-v2c/raw.json,53c7db9c54e152b688963a3066e6dbc1ea89be995d60d2e0c91064c95b7e9c5c,samples/d-900-256-4-r2.json,,
1ad108b6ed28f1ec15c49e02,,Qwen2.5-7B-Instruct,1,,decode,900,8,,442.125,,unspecified,0,,,,0.026605244646681115,185.42683,,,raw_pruned,False,8f2c590f629fa3ff1bfd0a11137bd0e841919bf9bb1049dfa81baec3630448d3,sha256:0da4d3e4d430f404f59944ee32c33062882bbcbb95d465c522501a3a192994d9,,,/home/pdblend4/results/2026-09-21/pdblend-optimization/profile-v2c/raw.json,53c7db9c54e152b688963a3066e6dbc1ea89be995d60d2e0c91064c95b7e9c5c,samples/d-900-256-8-r0.json,,
9fe490a8618130977ab769fc,,Qwen2.5-7B-Instruct,1,,decode,900,8,,442.125,,unspecified,1,,,,0.02660458265466893,185.8268585858586,,,raw_pruned,False,8f2c590f629fa3ff1bfd0a11137bd0e841919bf9bb1049dfa81baec3630448d3,sha256:0da4d3e4d430f404f59944ee32c33062882bbcbb95d465c522501a3a192994d9,,,/home/pdblend4/results/2026-09-21/pdblend-optimization/profile-v2c/raw.json,53c7db9c54e152b688963a3066e6dbc1ea89be995d60d2e0c91064c95b7e9c5c,samples/d-900-256-8-r1.json,,
653c1d758d801ca9cfe2ab20,,Qwen2.5-7B-Instruct,1,,decode,900,8,,442.125,,unspecified,2,,,,0.026600648748113753,185.52471000000003,,,raw_pruned,False,8f2c590f629fa3ff1bfd0a11137bd0e841919bf9bb1049dfa81baec3630448d3,sha256:0da4d3e4d430f404f59944ee32c33062882bbcbb95d465c522501a3a192994d9,,,/home/pdblend4/results/2026-09-21/pdblend-optimization/profile-v2c/raw.json,53c7db9c54e152b688963a3066e6dbc1ea89be995d60d2e0c91064c95b7e9c5c,samples/d-900-256-8-r2.json,,
d531166d918282236b9fc644,,Qwen2.5-7B-Instruct,1,,decode,900,16,,438.5625,,unspecified,0,,,,0.02732834008222069,192.42566,,,raw_pruned,False,8f2c590f629fa3ff1bfd0a11137bd0e841919bf9bb1049dfa81baec3630448d3,sha256:0da4d3e4d430f404f59944ee32c33062882bbcbb95d465c522501a3a192994d9,,,/home/pdblend4/results/2026-09-21/pdblend-optimization/profile-v2c/raw.json,53c7db9c54e152b688963a3066e6dbc1ea89be995d60d2e0c91064c95b7e9c5c,samples/d-900-256-16-r0.json,,
5ad631022f34cb4dec36e975,,Qwen2.5-7B-Instruct,1,,decode,900,16,,439.0625,,unspecified,1,,,,0.027177718670471855,192.22661616161616,,,raw_pruned,False,8f2c590f629fa3ff1bfd0a11137bd0e841919bf9bb1049dfa81baec3630448d3,sha256:0da4d3e4d430f404f59944ee32c33062882bbcbb95d465c522501a3a192994d9,,,/home/pdblend4/results/2026-09-21/pdblend-optimization/profile-v2c/raw.json,53c7db9c54e152b688963a3066e6dbc1ea89be995d60d2e0c91064c95b7e9c5c,samples/d-900-256-16-r1.json,,
1ee1a71bcf17b958983a0e7d,,Qwen2.5-7B-Instruct,1,,decode,900,16,,439.0625,,unspecified,2,,,,0.027179614357326343,192.81895,,,raw_pruned,False,8f2c590f629fa3ff1bfd0a11137bd0e841919bf9bb1049dfa81baec3630448d3,sha256:0da4d3e4d430f404f59944ee32c33062882bbcbb95d465c522501a3a192994d9,,,/home/pdblend4/results/2026-09-21/pdblend-optimization/profile-v2c/raw.json,53c7db9c54e152b688963a3066e6dbc1ea89be995d60d2e0c91064c95b7e9c5c,samples/d-900-256-16-r2.json,,
9d806583d5aa9661b11df63f,,Qwen2.5-7B-Instruct,1,,decode,900,32,,429.53125,,unspecified,0,,,,0.02793355627432882,227.46171999999999,,,raw_pruned,False,8f2c590f629fa3ff1bfd0a11137bd0e841919bf9bb1049dfa81baec3630448d3,sha256:0da4d3e4d430f404f59944ee32c33062882bbcbb95d465c522501a3a192994d9,,,/home/pdblend4/results/2026-09-21/pdblend-optimization/profile-v2c/raw.json,53c7db9c54e152b688963a3066e6dbc1ea89be995d60d2e0c91064c95b7e9c5c,samples/d-900-256-32-r0.json,,
861aa6aa411b8caad256badd,,Qwen2.5-7B-Instruct,1,,decode,900,32,,445.03125,,unspecified,1,,,,0.026318708219026266,259.9541,,,raw_pruned,False,8f2c590f629fa3ff1bfd0a11137bd0e841919bf9bb1049dfa81baec3630448d3,sha256:0da4d3e4d430f404f59944ee32c33062882bbcbb95d465c522501a3a192994d9,,,/home/pdblend4/results/2026-09-21/pdblend-optimization/profile-v2c/raw.json,53c7db9c54e152b688963a3066e6dbc1ea89be995d60d2e0c91064c95b7e9c5c,samples/d-900-256-32-r1.json,,
bf26f70175ac742d4adab96a,,Qwen2.5-7B-Instruct,1,,decode,900,32,,445.03125,,unspecified,2,,,,0.02632035581689132,258.96846,,,raw_pruned,False,8f2c590f629fa3ff1bfd0a11137bd0e841919bf9bb1049dfa81baec3630448d3,sha256:0da4d3e4d430f404f59944ee32c33062882bbcbb95d465c522501a3a192994d9,,,/home/pdblend4/results/2026-09-21/pdblend-optimization/profile-v2c/raw.json,53c7db9c54e152b688963a3066e6dbc1ea89be995d60d2e0c91064c95b7e9c5c,samples/d-900-256-32-r2.json,,
738722d13147387a0c3aeed9,,Qwen2.5-7B-Instruct,1,,decode,900,64,,433.015625,,unspecified,0,,,,0.028573826381138392,277.4058,,,raw_pruned,False,8f2c590f629fa3ff1bfd0a11137bd0e841919bf9bb1049dfa81baec3630448d3,sha256:0da4d3e4d430f404f59944ee32c33062882bbcbb95d465c522501a3a192994d9,,,/home/pdblend4/results/2026-09-21/pdblend-optimization/profile-v2c/raw.json,53c7db9c54e152b688963a3066e6dbc1ea89be995d60d2e0c91064c95b7e9c5c,samples/d-900-256-64-r0.json,,
6087e2aecd2b0a6e920b2124,,Qwen2.5-7B-Instruct,1,,decode,900,64,,433.015625,,unspecified,1,,,,0.028577142442975725,274.70869,,,raw_pruned,False,8f2c590f629fa3ff1bfd0a11137bd0e841919bf9bb1049dfa81baec3630448d3,sha256:0da4d3e4d430f404f59944ee32c33062882bbcbb95d465c522501a3a192994d9,,,/home/pdblend4/results/2026-09-21/pdblend-optimization/profile-v2c/raw.json,53c7db9c54e152b688963a3066e6dbc1ea89be995d60d2e0c91064c95b7e9c5c,samples/d-900-256-64-r1.json,,
f22820667f8a8bc1db2e6ad0,,Qwen2.5-7B-Instruct,1,,decode,900,64,,376.015625,,unspecified,2,,,,0.05883789342992446,316.43754,,,raw_pruned,False,8f2c590f629fa3ff1bfd0a11137bd0e841919bf9bb1049dfa81baec3630448d3,sha256:0da4d3e4d430f404f59944ee32c33062882bbcbb95d465c522501a3a192994d9,,,/home/pdblend4/results/2026-09-21/pdblend-optimization/profile-v2c/raw.json,53c7db9c54e152b688963a3066e6dbc1ea89be995d60d2e0c91064c95b7e9c5c,samples/d-900-256-64-r2.json,,
6253b9de02cd5fc393dfae01,,Qwen2.5-7B-Instruct,1,,decode,900,128,,336.328125,,unspecified,0,,,,0.06579169474150005,341.85443,,,raw_pruned,False,8f2c590f629fa3ff1bfd0a11137bd0e841919bf9bb1049dfa81baec3630448d3,sha256:0da4d3e4d430f404f59944ee32c33062882bbcbb95d465c522501a3a192994d9,,,/home/pdblend4/results/2026-09-21/pdblend-optimization/profile-v2c/raw.json,53c7db9c54e152b688963a3066e6dbc1ea89be995d60d2e0c91064c95b7e9c5c,samples/d-900-256-128-r0.json,,
3fc00156fcfe336fb0e50514,,Qwen2.5-7B-Instruct,1,,decode,900,128,,325.4765625,,unspecified,1,,,,0.13159017186415822,342.89247,,,raw_pruned,False,8f2c590f629fa3ff1bfd0a11137bd0e841919bf9bb1049dfa81baec3630448d3,sha256:0da4d3e4d430f404f59944ee32c33062882bbcbb95d465c522501a3a192994d9,,,/home/pdblend4/results/2026-09-21/pdblend-optimization/profile-v2c/raw.json,53c7db9c54e152b688963a3066e6dbc1ea89be995d60d2e0c91064c95b7e9c5c,samples/d-900-256-128-r1.json,,
e34f82cfdc244f07cdef4520,,Qwen2.5-7B-Instruct,1,,decode,900,128,,406.5078125,,unspecified,2,,,,0.0347270667552948,333.4638,,,raw_pruned,False,8f2c590f629fa3ff1bfd0a11137bd0e841919bf9bb1049dfa81baec3630448d3,sha256:0da4d3e4d430f404f59944ee32c33062882bbcbb95d465c522501a3a192994d9,,,/home/pdblend4/results/2026-09-21/pdblend-optimization/profile-v2c/raw.json,53c7db9c54e152b688963a3066e6dbc1ea89be995d60d2e0c91064c95b7e9c5c,samples/d-900-256-128-r2.json,,
c9f2c7e1bea1b8ffa932777e,,Qwen2.5-7B-Instruct,1,,decode,900,256,,362.421875,,unspecified,0,,,,0.05319674471591381,341.83946000000003,,,raw_pruned,False,8f2c590f629fa3ff1bfd0a11137bd0e841919bf9bb1049dfa81baec3630448d3,sha256:0da4d3e4d430f404f59944ee32c33062882bbcbb95d465c522501a3a192994d9,,,/home/pdblend4/results/2026-09-21/pdblend-optimization/profile-v2c/raw.json,53c7db9c54e152b688963a3066e6dbc1ea89be995d60d2e0c91064c95b7e9c5c,samples/d-900-256-256-r0.json,,
382087a94dc3d3a7a4238ce9,,Qwen2.5-7B-Instruct,1,,decode,900,256,,362.4765625,,unspecified,1,,,,0.05319779730857687,342.43557999999996,,,raw_pruned,False,8f2c590f629fa3ff1bfd0a11137bd0e841919bf9bb1049dfa81baec3630448d3,sha256:0da4d3e4d430f404f59944ee32c33062882bbcbb95d465c522501a3a192994d9,,,/home/pdblend4/results/2026-09-21/pdblend-optimization/profile-v2c/raw.json,53c7db9c54e152b688963a3066e6dbc1ea89be995d60d2e0c91064c95b7e9c5c,samples/d-900-256-256-r1.json,,
67286a7b59d0cc1c0beb24aa,,Qwen2.5-7B-Instruct,1,,decode,900,256,,362.4765625,,unspecified,2,,,,0.053197099807414605,341.96506,,,raw_pruned,False,8f2c590f629fa3ff1bfd0a11137bd0e841919bf9bb1049dfa81baec3630448d3,sha256:0da4d3e4d430f404f59944ee32c33062882bbcbb95d465c522501a3a192994d9,,,/home/pdblend4/results/2026-09-21/pdblend-optimization/profile-v2c/raw.json,53c7db9c54e152b688963a3066e6dbc1ea89be995d60d2e0c91064c95b7e9c5c,samples/d-900-256-256-r2.json,,
d2f059d0961274a8c731d545,,Qwen2.5-7B-Instruct,1,,decode,900,1,,1259.5,,unspecified,0,,,,0.020577948770405335,260.15865,,,raw_pruned,False,8f2c590f629fa3ff1bfd0a11137bd0e841919bf9bb1049dfa81baec3630448d3,sha256:0da4d3e4d430f404f59944ee32c33062882bbcbb95d465c522501a3a192994d9,,,/home/pdblend4/results/2026-09-21/pdblend-optimization/profile-v2c/raw.json,53c7db9c54e152b688963a3066e6dbc1ea89be995d60d2e0c91064c95b7e9c5c,samples/d-900-1024-1-r0.json,,
fc8783a829fc82b6a536d723,,Qwen2.5-7B-Instruct,1,,decode,900,1,,1259.5,,unspecified,1,,,,0.020579473471935884,257.0381313131313,,,raw_pruned,False,8f2c590f629fa3ff1bfd0a11137bd0e841919bf9bb1049dfa81baec3630448d3,sha256:0da4d3e4d430f404f59944ee32c33062882bbcbb95d465c522501a3a192994d9,,,/home/pdblend4/results/2026-09-21/pdblend-optimization/profile-v2c/raw.json,53c7db9c54e152b688963a3066e6dbc1ea89be995d60d2e0c91064c95b7e9c5c,samples/d-900-1024-1-r1.json,,
1fafe6ab77a26d2a091744a9,,Qwen2.5-7B-Instruct,1,,decode,900,1,,1259.5,,unspecified,2,,,,0.020579844345281154,260.04292000000004,,,raw_pruned,False,8f2c590f629fa3ff1bfd0a11137bd0e841919bf9bb1049dfa81baec3630448d3,sha256:0da4d3e4d430f404f59944ee32c33062882bbcbb95d465c522501a3a192994d9,,,/home/pdblend4/results/2026-09-21/pdblend-optimization/profile-v2c/raw.json,53c7db9c54e152b688963a3066e6dbc1ea89be995d60d2e0c91064c95b7e9c5c,samples/d-900-1024-1-r2.json,,
8a56711e80518feb3bb72262,,Qwen2.5-7B-Instruct,1,,decode,900,4,,1243.75,,unspecified,0,,,,0.022226441701253256,237.72506,,,raw_pruned,False,8f2c590f629fa3ff1bfd0a11137bd0e841919bf9bb1049dfa81baec3630448d3,sha256:0da4d3e4d430f404f59944ee32c33062882bbcbb95d465c522501a3a192994d9,,,/home/pdblend4/results/2026-09-21/pdblend-optimization/profile-v2c/raw.json,53c7db9c54e152b688963a3066e6dbc1ea89be995d60d2e0c91064c95b7e9c5c,samples/d-900-1024-4-r0.json,,
0746773c2d3c0d4ee9b6f143,,Qwen2.5-7B-Instruct,1,,decode,900,4,,1243.75,,unspecified,1,,,,0.022223212983873156,238.34067676767677,,,raw_pruned,False,8f2c590f629fa3ff1bfd0a11137bd0e841919bf9bb1049dfa81baec3630448d3,sha256:0da4d3e4d430f404f59944ee32c33062882bbcbb95d465c522501a3a192994d9,,,/home/pdblend4/results/2026-09-21/pdblend-optimization/profile-v2c/raw.json,53c7db9c54e152b688963a3066e6dbc1ea89be995d60d2e0c91064c95b7e9c5c,samples/d-900-1024-4-r1.json,,
9c810c1017705c160d6e088c,,Qwen2.5-7B-Instruct,1,,decode,900,4,,1243.75,,unspecified,2,,,,0.02222450786166721,238.00346000000002,,,raw_pruned,False,8f2c590f629fa3ff1bfd0a11137bd0e841919bf9bb1049dfa81baec3630448d3,sha256:0da4d3e4d430f404f59944ee32c33062882bbcbb95d465c522501a3a192994d9,,,/home/pdblend4/results/2026-09-21/pdblend-optimization/profile-v2c/raw.json,53c7db9c54e152b688963a3066e6dbc1ea89be995d60d2e0c91064c95b7e9c5c,samples/d-900-1024-4-r2.json,,
16a65c83047979d405c5a616,,Qwen2.5-7B-Instruct,1,,decode,900,8,,1238.125,,unspecified,0,,,,0.0229375799861523,243.72639999999998,,,raw_pruned,False,8f2c590f629fa3ff1bfd0a11137bd0e841919bf9bb1049dfa81baec3630448d3,sha256:0da4d3e4d430f404f59944ee32c33062882bbcbb95d465c522501a3a192994d9,,,/home/pdblend4/results/2026-09-21/pdblend-optimization/profile-v2c/raw.json,53c7db9c54e152b688963a3066e6dbc1ea89be995d60d2e0c91064c95b7e9c5c,samples/d-900-1024-8-r0.json,,
55ffc84ac3d5aef3d4213bb4,,Qwen2.5-7B-Instruct,1,,decode,900,8,,1238.1875,,unspecified,1,,,,0.02293913736255891,243.00044000000003,,,raw_pruned,False,8f2c590f629fa3ff1bfd0a11137bd0e841919bf9bb1049dfa81baec3630448d3,sha256:0da4d3e4d430f404f59944ee32c33062882bbcbb95d465c522501a3a192994d9,,,/home/pdblend4/results/2026-09-21/pdblend-optimization/profile-v2c/raw.json,53c7db9c54e152b688963a3066e6dbc1ea89be995d60d2e0c91064c95b7e9c5c,samples/d-900-1024-8-r1.json,,
0a755507889801edf6549264,,Qwen2.5-7B-Instruct,1,,decode,900,8,,1238.625,,unspecified,2,,,,0.02283966813457611,242.11132,,,raw_pruned,False,8f2c590f629fa3ff1bfd0a11137bd0e841919bf9bb1049dfa81baec3630448d3,sha256:0da4d3e4d430f404f59944ee32c33062882bbcbb95d465c522501a3a192994d9,,,/home/pdblend4/results/2026-09-21/pdblend-optimization/profile-v2c/raw.json,53c7db9c54e152b688963a3066e6dbc1ea89be995d60d2e0c91064c95b7e9c5c,samples/d-900-1024-8-r2.json,,
75fed8760409f1a153e4f6c1,,Qwen2.5-7B-Instruct,1,,decode,900,16,,1230.5625,,unspecified,0,,,,0.023812715212504068,251.79588,,,raw_pruned,False,8f2c590f629fa3ff1bfd0a11137bd0e841919bf9bb1049dfa81baec3630448d3,sha256:0da4d3e4d430f404f59944ee32c33062882bbcbb95d465c522501a3a192994d9,,,/home/pdblend4/results/2026-09-21/pdblend-optimization/profile-v2c/raw.json,53c7db9c54e152b688963a3066e6dbc1ea89be995d60d2e0c91064c95b7e9c5c,samples/d-900-1024-16-r0.json,,
206da224f67cbde70ab5781f,,Qwen2.5-7B-Instruct,1,,decode,900,16,,1230.0625,,unspecified,1,,,,0.023924501318680614,253.0961,,,raw_pruned,False,8f2c590f629fa3ff1bfd0a11137bd0e841919bf9bb1049dfa81baec3630448d3,sha256:0da4d3e4d430f404f59944ee32c33062882bbcbb95d465c522501a3a192994d9,,,/home/pdblend4/results/2026-09-21/pdblend-optimization/profile-v2c/raw.json,53c7db9c54e152b688963a3066e6dbc1ea89be995d60d2e0c91064c95b7e9c5c,samples/d-900-1024-16-r1.json,,
d79160302751087f4c216f65,,Qwen2.5-7B-Instruct,1,,decode,900,16,,1230.0625,,unspecified,2,,,,0.023927439913224945,251.67603,,,raw_pruned,False,8f2c590f629fa3ff1bfd0a11137bd0e841919bf9bb1049dfa81baec3630448d3,sha256:0da4d3e4d430f404f59944ee32c33062882bbcbb95d465c522501a3a192994d9,,,/home/pdblend4/results/2026-09-21/pdblend-optimization/profile-v2c/raw.json,53c7db9c54e152b688963a3066e6dbc1ea89be995d60d2e0c91064c95b7e9c5c,samples/d-900-1024-16-r2.json,,
891bab18640477d4e9151e7d,,Qwen2.5-7B-Instruct,1,,decode,900,32,,1201.53125,,unspecified,0,,,,0.028418042443015358,256.7095,,,raw_pruned,False,8f2c590f629fa3ff1bfd0a11137bd0e841919bf9bb1049dfa81baec3630448d3,sha256:0da4d3e4d430f404f59944ee32c33062882bbcbb95d465c522501a3a192994d9,,,/home/pdblend4/results/2026-09-21/pdblend-optimization/profile-v2c/raw.json,53c7db9c54e152b688963a3066e6dbc1ea89be995d60d2e0c91064c95b7e9c5c,samples/d-900-1024-32-r0.json,,
9802fa271209919da004a54c,,Qwen2.5-7B-Instruct,1,,decode,900,32,,1201.53125,,unspecified,1,,,,0.028410693461244755,257.18195,,,raw_pruned,False,8f2c590f629fa3ff1bfd0a11137bd0e841919bf9bb1049dfa81baec3630448d3,sha256:0da4d3e4d430f404f59944ee32c33062882bbcbb95d465c522501a3a192994d9,,,/home/pdblend4/results/2026-09-21/pdblend-optimization/profile-v2c/raw.json,53c7db9c54e152b688963a3066e6dbc1ea89be995d60d2e0c91064c95b7e9c5c,samples/d-900-1024-32-r1.json,,
4b2012e39223365fc1495aae,,Qwen2.5-7B-Instruct,1,,decode,900,32,,1201.53125,,unspecified,2,,,,0.028418847105719826,259.02422,,,raw_pruned,False,8f2c590f629fa3ff1bfd0a11137bd0e841919bf9bb1049dfa81baec3630448d3,sha256:0da4d3e4d430f404f59944ee32c33062882bbcbb95d465c522501a3a192994d9,,,/home/pdblend4/results/2026-09-21/pdblend-optimization/profile-v2c/raw.json,53c7db9c54e152b688963a3066e6dbc1ea89be995d60d2e0c91064c95b7e9c5c,samples/d-900-1024-32-r2.json,,
f36c1225f54af0739f9c1116,,Qwen2.5-7B-Instruct,1,,decode,900,64,,1184.515625,,unspecified,0,,,,0.0324734573240404,272.45364,,,raw_pruned,False,8f2c590f629fa3ff1bfd0a11137bd0e841919bf9bb1049dfa81baec3630448d3,sha256:0da4d3e4d430f404f59944ee32c33062882bbcbb95d465c522501a3a192994d9,,,/home/pdblend4/results/2026-09-21/pdblend-optimization/profile-v2c/raw.json,53c7db9c54e152b688963a3066e6dbc1ea89be995d60d2e0c91064c95b7e9c5c,samples/d-900-1024-64-r0.json,,
4a47653189bf10d45c36443a,,Qwen2.5-7B-Instruct,1,,decode,900,64,,1184.515625,,unspecified,1,,,,0.03247074182931479,271.28464,,,raw_pruned,False,8f2c590f629fa3ff1bfd0a11137bd0e841919bf9bb1049dfa81baec3630448d3,sha256:0da4d3e4d430f404f59944ee32c33062882bbcbb95d465c522501a3a192994d9,,,/home/pdblend4/results/2026-09-21/pdblend-optimization/profile-v2c/raw.json,53c7db9c54e152b688963a3066e6dbc1ea89be995d60d2e0c91064c95b7e9c5c,samples/d-900-1024-64-r1.json,,
aebae9abe1e871964d51cb76,,Qwen2.5-7B-Instruct,1,,decode,900,64,,1184.515625,,unspecified,2,,,,0.03247036407520244,274.63612,,,raw_pruned,False,8f2c590f629fa3ff1bfd0a11137bd0e841919bf9bb1049dfa81baec3630448d3,sha256:0da4d3e4d430f404f59944ee32c33062882bbcbb95d465c522501a3a192994d9,,,/home/pdblend4/results/2026-09-21/pdblend-optimization/profile-v2c/raw.json,53c7db9c54e152b688963a3066e6dbc1ea89be995d60d2e0c91064c95b7e9c5c,samples/d-900-1024-64-r2.json,,
21b9c95b68159ae8114b2596,,Qwen2.5-7B-Instruct,1,,decode,900,128,,1155.5078125,,unspecified,0,,,,0.04237480486853648,324.87194999999997,,,raw_pruned,False,8f2c590f629fa3ff1bfd0a11137bd0e841919bf9bb1049dfa81baec3630448d3,sha256:0da4d3e4d430f404f59944ee32c33062882bbcbb95d465c522501a3a192994d9,,,/home/pdblend4/results/2026-09-21/pdblend-optimization/profile-v2c/raw.json,53c7db9c54e152b688963a3066e6dbc1ea89be995d60d2e0c91064c95b7e9c5c,samples/d-900-1024-128-r0.json,,
a2414dd3dc721943207feb08,,Qwen2.5-7B-Instruct,1,,decode,900,128,,1155.5078125,,unspecified,1,,,,0.04237881757445255,323.33711999999997,,,raw_pruned,False,8f2c590f629fa3ff1bfd0a11137bd0e841919bf9bb1049dfa81baec3630448d3,sha256:0da4d3e4d430f404f59944ee32c33062882bbcbb95d465c522501a3a192994d9,,,/home/pdblend4/results/2026-09-21/pdblend-optimization/profile-v2c/raw.json,53c7db9c54e152b688963a3066e6dbc1ea89be995d60d2e0c91064c95b7e9c5c,samples/d-900-1024-128-r1.json,,
222b9658fa14280367992685,,Qwen2.5-7B-Instruct,1,,decode,900,128,,1155.5078125,,unspecified,2,,,,0.04237671827865859,322.96274,,,raw_pruned,False,8f2c590f629fa3ff1bfd0a11137bd0e841919bf9bb1049dfa81baec3630448d3,sha256:0da4d3e4d430f404f59944ee32c33062882bbcbb95d465c522501a3a192994d9,,,/home/pdblend4/results/2026-09-21/pdblend-optimization/profile-v2c/raw.json,53c7db9c54e152b688963a3066e6dbc1ea89be995d60d2e0c91064c95b7e9c5c,samples/d-900-1024-128-r2.json,,
f6f30c204958944527c58c82,,Qwen2.5-7B-Instruct,1,,decode,900,256,,1122.390625,,unspecified,0,,,,0.06944836841689216,339.17569000000003,,,raw_pruned,False,8f2c590f629fa3ff1bfd0a11137bd0e841919bf9bb1049dfa81baec3630448d3,sha256:0da4d3e4d430f404f59944ee32c33062882bbcbb95d465c522501a3a192994d9,,,/home/pdblend4/results/2026-09-21/pdblend-optimization/profile-v2c/raw.json,53c7db9c54e152b688963a3066e6dbc1ea89be995d60d2e0c91064c95b7e9c5c,samples/d-900-1024-256-r0.json,,
d8276be8a3a9d2e7a8f17fde,,Qwen2.5-7B-Instruct,1,,decode,900,256,,1119.51953125,,unspecified,1,,,,0.07577133539951209,313.05,,,raw_pruned,False,8f2c590f629fa3ff1bfd0a11137bd0e841919bf9bb1049dfa81baec3630448d3,sha256:0da4d3e4d430f404f59944ee32c33062882bbcbb95d465c522501a3a192994d9,,,/home/pdblend4/results/2026-09-21/pdblend-optimization/profile-v2c/raw.json,53c7db9c54e152b688963a3066e6dbc1ea89be995d60d2e0c91064c95b7e9c5c,samples/d-900-1024-256-r1.json,,
ad5bfc716e3028f3d48e7560,,Qwen2.5-7B-Instruct,1,,decode,900,256,,1122.890625,,unspecified,2,,,,0.06850436942218101,340.03042,,,raw_pruned,False,8f2c590f629fa3ff1bfd0a11137bd0e841919bf9bb1049dfa81baec3630448d3,sha256:0da4d3e4d430f404f59944ee32c33062882bbcbb95d465c522501a3a192994d9,,,/home/pdblend4/results/2026-09-21/pdblend-optimization/profile-v2c/raw.json,53c7db9c54e152b688963a3066e6dbc1ea89be995d60d2e0c91064c95b7e9c5c,samples/d-900-1024-256-r2.json,,
d1029798584d4df6724e98b6,,Qwen2.5-7B-Instruct,1,,decode,900,1,,4327.5,,unspecified,0,,,,0.020923066837518284,257.36474,,,raw_pruned,False,8f2c590f629fa3ff1bfd0a11137bd0e841919bf9bb1049dfa81baec3630448d3,sha256:0da4d3e4d430f404f59944ee32c33062882bbcbb95d465c522501a3a192994d9,,,/home/pdblend4/results/2026-09-21/pdblend-optimization/profile-v2c/raw.json,53c7db9c54e152b688963a3066e6dbc1ea89be995d60d2e0c91064c95b7e9c5c,samples/d-900-4096-1-r0.json,,
6c735146bed2634847d17df2,,Qwen2.5-7B-Instruct,1,,decode,900,1,,4327.5,,unspecified,1,,,,0.0209225081998434,256.04109,,,raw_pruned,False,8f2c590f629fa3ff1bfd0a11137bd0e841919bf9bb1049dfa81baec3630448d3,sha256:0da4d3e4d430f404f59944ee32c33062882bbcbb95d465c522501a3a192994d9,,,/home/pdblend4/results/2026-09-21/pdblend-optimization/profile-v2c/raw.json,53c7db9c54e152b688963a3066e6dbc1ea89be995d60d2e0c91064c95b7e9c5c,samples/d-900-4096-1-r1.json,,
65940aed1c4ed31c494035b3,,Qwen2.5-7B-Instruct,1,,decode,900,1,,4327.5,,unspecified,2,,,,0.020921254257776748,257.64529,,,raw_pruned,False,8f2c590f629fa3ff1bfd0a11137bd0e841919bf9bb1049dfa81baec3630448d3,sha256:0da4d3e4d430f404f59944ee32c33062882bbcbb95d465c522501a3a192994d9,,,/home/pdblend4/results/2026-09-21/pdblend-optimization/profile-v2c/raw.json,53c7db9c54e152b688963a3066e6dbc1ea89be995d60d2e0c91064c95b7e9c5c,samples/d-900-4096-1-r2.json,,
a13d9b0c7ac00730bef96530,,Qwen2.5-7B-Instruct,1,,decode,900,4,,4307.25,,unspecified,0,,,,0.023259690750476927,238.8492,,,raw_pruned,False,8f2c590f629fa3ff1bfd0a11137bd0e841919bf9bb1049dfa81baec3630448d3,sha256:0da4d3e4d430f404f59944ee32c33062882bbcbb95d465c522501a3a192994d9,,,/home/pdblend4/results/2026-09-21/pdblend-optimization/profile-v2c/raw.json,53c7db9c54e152b688963a3066e6dbc1ea89be995d60d2e0c91064c95b7e9c5c,samples/d-900-4096-4-r0.json,,
05e02e70e9e6470d1a1914f6,,Qwen2.5-7B-Instruct,1,,decode,900,4,,4307.25,,unspecified,1,,,,0.023259122981581577,238.51692,,,raw_pruned,False,8f2c590f629fa3ff1bfd0a11137bd0e841919bf9bb1049dfa81baec3630448d3,sha256:0da4d3e4d430f404f59944ee32c33062882bbcbb95d465c522501a3a192994d9,,,/home/pdblend4/results/2026-09-21/pdblend-optimization/profile-v2c/raw.json,53c7db9c54e152b688963a3066e6dbc1ea89be995d60d2e0c91064c95b7e9c5c,samples/d-900-4096-4-r1.json,,
bd1a4f7645379282a362bf9e,,Qwen2.5-7B-Instruct,1,,decode,900,4,,4307.75,,unspecified,2,,,,0.0232645079146984,237.87615999999997,,,raw_pruned,False,8f2c590f629fa3ff1bfd0a11137bd0e841919bf9bb1049dfa81baec3630448d3,sha256:0da4d3e4d430f404f59944ee32c33062882bbcbb95d465c522501a3a192994d9,,,/home/pdblend4/results/2026-09-21/pdblend-optimization/profile-v2c/raw.json,53c7db9c54e152b688963a3066e6dbc1ea89be995d60d2e0c91064c95b7e9c5c,samples/d-900-4096-4-r2.json,,
374198539faeb1fa97313794,,Qwen2.5-7B-Instruct,1,,decode,900,8,,4297.125,,unspecified,0,,,,0.024757391155356228,244.88599000000002,,,raw_pruned,False,8f2c590f629fa3ff1bfd0a11137bd0e841919bf9bb1049dfa81baec3630448d3,sha256:0da4d3e4d430f404f59944ee32c33062882bbcbb95d465c522501a3a192994d9,,,/home/pdblend4/results/2026-09-21/pdblend-optimization/profile-v2c/raw.json,53c7db9c54e152b688963a3066e6dbc1ea89be995d60d2e0c91064c95b7e9c5c,samples/d-900-4096-8-r0.json,,
21b963813b5771afefe4563d,,Qwen2.5-7B-Instruct,1,,decode,900,8,,4296.625,,unspecified,1,,,,0.024756956808637865,244.75579000000002,,,raw_pruned,False,8f2c590f629fa3ff1bfd0a11137bd0e841919bf9bb1049dfa81baec3630448d3,sha256:0da4d3e4d430f404f59944ee32c33062882bbcbb95d465c522501a3a192994d9,,,/home/pdblend4/results/2026-09-21/pdblend-optimization/profile-v2c/raw.json,53c7db9c54e152b688963a3066e6dbc1ea89be995d60d2e0c91064c95b7e9c5c,samples/d-900-4096-8-r1.json,,
2541bb5e50f29f7aaabf3684,,Qwen2.5-7B-Instruct,1,,decode,900,8,,4296.625,,unspecified,2,,,,0.02475677740455854,246.60046999999997,,,raw_pruned,False,8f2c590f629fa3ff1bfd0a11137bd0e841919bf9bb1049dfa81baec3630448d3,sha256:0da4d3e4d430f404f59944ee32c33062882bbcbb95d465c522501a3a192994d9,,,/home/pdblend4/results/2026-09-21/pdblend-optimization/profile-v2c/raw.json,53c7db9c54e152b688963a3066e6dbc1ea89be995d60d2e0c91064c95b7e9c5c,samples/d-900-4096-8-r2.json,,
035b444e22e5dd891b2795f8,,Qwen2.5-7B-Instruct,1,,decode,900,16,,4278.5625,,unspecified,0,,,,0.027782328923543296,256.20702,,,raw_pruned,False,8f2c590f629fa3ff1bfd0a11137bd0e841919bf9bb1049dfa81baec3630448d3,sha256:0da4d3e4d430f404f59944ee32c33062882bbcbb95d465c522501a3a192994d9,,,/home/pdblend4/results/2026-09-21/pdblend-optimization/profile-v2c/raw.json,53c7db9c54e152b688963a3066e6dbc1ea89be995d60d2e0c91064c95b7e9c5c,samples/d-900-4096-16-r0.json,,
631684182c1394b9fe039b1f,,Qwen2.5-7B-Instruct,1,,decode,900,16,,4278.5625,,unspecified,1,,,,0.02777875132030911,254.03969,,,raw_pruned,False,8f2c590f629fa3ff1bfd0a11137bd0e841919bf9bb1049dfa81baec3630448d3,sha256:0da4d3e4d430f404f59944ee32c33062882bbcbb95d465c522501a3a192994d9,,,/home/pdblend4/results/2026-09-21/pdblend-optimization/profile-v2c/raw.json,53c7db9c54e152b688963a3066e6dbc1ea89be995d60d2e0c91064c95b7e9c5c,samples/d-900-4096-16-r1.json,,
b56bdfe597e51718f4c7cee6,,Qwen2.5-7B-Instruct,1,,decode,900,16,,4278.0625,,unspecified,2,,,,0.02793563278027753,254.06849999999997,,,raw_pruned,False,8f2c590f629fa3ff1bfd0a11137bd0e841919bf9bb1049dfa81baec3630448d3,sha256:0da4d3e4d430f404f59944ee32c33062882bbcbb95d465c522501a3a192994d9,,,/home/pdblend4/results/2026-09-21/pdblend-optimization/profile-v2c/raw.json,53c7db9c54e152b688963a3066e6dbc1ea89be995d60d2e0c91064c95b7e9c5c,samples/d-900-4096-16-r2.json,,
2c3f19b5fc97cbcdd1d7bd3e,,Qwen2.5-7B-Instruct,1,,decode,900,32,,4244.53125,,unspecified,0,,,,0.03623317808344744,260.02562,,,raw_pruned,False,8f2c590f629fa3ff1bfd0a11137bd0e841919bf9bb1049dfa81baec3630448d3,sha256:0da4d3e4d430f404f59944ee32c33062882bbcbb95d465c522501a3a192994d9,,,/home/pdblend4/results/2026-09-21/pdblend-optimization/profile-v2c/raw.json,53c7db9c54e152b688963a3066e6dbc1ea89be995d60d2e0c91064c95b7e9c5c,samples/d-900-4096-32-r0.json,,
dcdbf55e459fa4cb68ada647,,Qwen2.5-7B-Instruct,1,,decode,900,32,,4244.53125,,unspecified,1,,,,0.03623855805051499,261.01349,,,raw_pruned,False,8f2c590f629fa3ff1bfd0a11137bd0e841919bf9bb1049dfa81baec3630448d3,sha256:0da4d3e4d430f404f59944ee32c33062882bbcbb95d465c522501a3a192994d9,,,/home/pdblend4/results/2026-09-21/pdblend-optimization/profile-v2c/raw.json,53c7db9c54e152b688963a3066e6dbc1ea89be995d60d2e0c91064c95b7e9c5c,samples/d-900-4096-32-r1.json,,
646dce16ae402c78f4b4e5a3,,Qwen2.5-7B-Instruct,1,,decode,900,32,,4244.53125,,unspecified,2,,,,0.03623381904933764,261.05652,,,raw_pruned,False,8f2c590f629fa3ff1bfd0a11137bd0e841919bf9bb1049dfa81baec3630448d3,sha256:0da4d3e4d430f404f59944ee32c33062882bbcbb95d465c522501a3a192994d9,,,/home/pdblend4/results/2026-09-21/pdblend-optimization/profile-v2c/raw.json,53c7db9c54e152b688963a3066e6dbc1ea89be995d60d2e0c91064c95b7e9c5c,samples/d-900-4096-32-r2.json,,
2cc8fd7a85f77aeb837cb5ad,,Qwen2.5-7B-Instruct,1,,prefill,900,,128,,,unspecified,,40,0.05118417739868164,,,177.16333916666665,,,raw_pruned,False,89ab277e1a5442a6e3770f29df37971e6ae54fb9dd95c32877afb223fa2e2ed7,sha256:0da4d3e4d430f404f59944ee32c33062882bbcbb95d465c522501a3a192994d9,,,/home/pdblend4/results/2026-09-21/pdblend-optimization/profile-v2/raw.json,a35cd43b790aaabe08fd504a0def71b5e7b4fdd63a5803de180571a86ca761e6,,,
42e4e601e561e8c3bcf6da1c,,Qwen2.5-7B-Instruct,1,,prefill,900,,512,,,unspecified,,12,0.1779191493988037,,,179.00407051547015,,,raw_pruned,False,89ab277e1a5442a6e3770f29df37971e6ae54fb9dd95c32877afb223fa2e2ed7,sha256:0da4d3e4d430f404f59944ee32c33062882bbcbb95d465c522501a3a192994d9,,,/home/pdblend4/results/2026-09-21/pdblend-optimization/profile-v2/raw.json,a35cd43b790aaabe08fd504a0def71b5e7b4fdd63a5803de180571a86ca761e6,,,
ec54e6be273f951715f08d72,,Qwen2.5-7B-Instruct,1,,prefill,900,,1024,,,unspecified,,6,0.349889874458313,,,170.2141064889935,,,raw_pruned,False,89ab277e1a5442a6e3770f29df37971e6ae54fb9dd95c32877afb223fa2e2ed7,sha256:0da4d3e4d430f404f59944ee32c33062882bbcbb95d465c522501a3a192994d9,,,/home/pdblend4/results/2026-09-21/pdblend-optimization/profile-v2/raw.json,a35cd43b790aaabe08fd504a0def71b5e7b4fdd63a5803de180571a86ca761e6,,,
91ec4507c32c7f3131df3e35,,Qwen2.5-7B-Instruct,1,,prefill,900,,2048,,,unspecified,,3,0.6964633464813232,,,159.41521613689918,,,raw_pruned,False,89ab277e1a5442a6e3770f29df37971e6ae54fb9dd95c32877afb223fa2e2ed7,sha256:0da4d3e4d430f404f59944ee32c33062882bbcbb95d465c522501a3a192994d9,,,/home/pdblend4/results/2026-09-21/pdblend-optimization/profile-v2/raw.json,a35cd43b790aaabe08fd504a0def71b5e7b4fdd63a5803de180571a86ca761e6,,,
050a473288b8fec0292cf5a4,,Qwen2.5-7B-Instruct,1,,prefill,900,,4096,,,unspecified,,3,1.4297032356262207,,,155.70603167947655,,,raw_pruned,False,89ab277e1a5442a6e3770f29df37971e6ae54fb9dd95c32877afb223fa2e2ed7,sha256:0da4d3e4d430f404f59944ee32c33062882bbcbb95d465c522501a3a192994d9,,,/home/pdblend4/results/2026-09-21/pdblend-optimization/profile-v2/raw.json,a35cd43b790aaabe08fd504a0def71b5e7b4fdd63a5803de180571a86ca761e6,,,
295f4b1165e19e6b97bd929f,,Qwen2.5-7B-Instruct,1,,prefill,900,,7168,,,unspecified,,3,2.625356674194336,,,158.51420813978294,,,raw_pruned,False,89ab277e1a5442a6e3770f29df37971e6ae54fb9dd95c32877afb223fa2e2ed7,sha256:0da4d3e4d430f404f59944ee32c33062882bbcbb95d465c522501a3a192994d9,,,/home/pdblend4/results/2026-09-21/pdblend-optimization/profile-v2/raw.json,a35cd43b790aaabe08fd504a0def71b5e7b4fdd63a5803de180571a86ca761e6,,,
6414f37f1f842064f3cb6c2a,,Qwen2.5-7B-Instruct,1,,prefill,1200,,128,,,unspecified,,50,0.040139198303222656,,,199.84178920553123,,,raw_pruned,False,89ab277e1a5442a6e3770f29df37971e6ae54fb9dd95c32877afb223fa2e2ed7,sha256:0da4d3e4d430f404f59944ee32c33062882bbcbb95d465c522501a3a192994d9,,,/home/pdblend4/results/2026-09-21/pdblend-optimization/profile-v2/raw.json,a35cd43b790aaabe08fd504a0def71b5e7b4fdd63a5803de180571a86ca761e6,,,
e586eeb6b4e7ff2f0d975834,,Qwen2.5-7B-Instruct,1,,prefill,1200,,512,,,unspecified,,15,0.1354680061340332,,,209.18908753807628,,,raw_pruned,False,89ab277e1a5442a6e3770f29df37971e6ae54fb9dd95c32877afb223fa2e2ed7,sha256:0da4d3e4d430f404f59944ee32c33062882bbcbb95d465c522501a3a192994d9,,,/home/pdblend4/results/2026-09-21/pdblend-optimization/profile-v2/raw.json,a35cd43b790aaabe08fd504a0def71b5e7b4fdd63a5803de180571a86ca761e6,,,
bed7edd7468d026d48f28a52,,Qwen2.5-7B-Instruct,1,,prefill,1200,,1024,,,unspecified,,8,0.2652702331542969,,,197.01987768741745,,,raw_pruned,False,89ab277e1a5442a6e3770f29df37971e6ae54fb9dd95c32877afb223fa2e2ed7,sha256:0da4d3e4d430f404f59944ee32c33062882bbcbb95d465c522501a3a192994d9,,,/home/pdblend4/results/2026-09-21/pdblend-optimization/profile-v2/raw.json,a35cd43b790aaabe08fd504a0def71b5e7b4fdd63a5803de180571a86ca761e6,,,
d3b90cf42995226b42a5d41e,,Qwen2.5-7B-Instruct,1,,prefill,1200,,2048,,,unspecified,,4,0.526882529258728,,,191.6781512261924,,,raw_pruned,False,89ab277e1a5442a6e3770f29df37971e6ae54fb9dd95c32877afb223fa2e2ed7,sha256:0da4d3e4d430f404f59944ee32c33062882bbcbb95d465c522501a3a192994d9,,,/home/pdblend4/results/2026-09-21/pdblend-optimization/profile-v2/raw.json,a35cd43b790aaabe08fd504a0def71b5e7b4fdd63a5803de180571a86ca761e6,,,
979cb1b4dc5e668493a4050a,,Qwen2.5-7B-Instruct,1,,prefill,1200,,4096,,,unspecified,,3,1.0811610221862793,,,186.1810542862075,,,raw_pruned,False,89ab277e1a5442a6e3770f29df37971e6ae54fb9dd95c32877afb223fa2e2ed7,sha256:0da4d3e4d430f404f59944ee32c33062882bbcbb95d465c522501a3a192994d9,,,/home/pdblend4/results/2026-09-21/pdblend-optimization/profile-v2/raw.json,a35cd43b790aaabe08fd504a0def71b5e7b4fdd63a5803de180571a86ca761e6,,,
71c91f74a824b966b46578ef,,Qwen2.5-7B-Instruct,1,,prefill,1200,,7168,,,unspecified,,3,1.985884428024292,,,187.42399756929143,,,raw_pruned,False,89ab277e1a5442a6e3770f29df37971e6ae54fb9dd95c32877afb223fa2e2ed7,sha256:0da4d3e4d430f404f59944ee32c33062882bbcbb95d465c522501a3a192994d9,,,/home/pdblend4/results/2026-09-21/pdblend-optimization/profile-v2/raw.json,a35cd43b790aaabe08fd504a0def71b5e7b4fdd63a5803de180571a86ca761e6,,,
7aa3fc2b5a0b0a6f754fb7f4,,Qwen2.5-7B-Instruct,1,,prefill,1500,,128,,,unspecified,,59,0.033954620361328125,,,224.98861549630408,,,raw_pruned,False,89ab277e1a5442a6e3770f29df37971e6ae54fb9dd95c32877afb223fa2e2ed7,sha256:0da4d3e4d430f404f59944ee32c33062882bbcbb95d465c522501a3a192994d9,,,/home/pdblend4/results/2026-09-21/pdblend-optimization/profile-v2/raw.json,a35cd43b790aaabe08fd504a0def71b5e7b4fdd63a5803de180571a86ca761e6,,,
83b6317498ffb851e63d3a0c,,Qwen2.5-7B-Instruct,1,,prefill,1500,,512,,,unspecified,,19,0.11019229888916016,,,236.75590430582224,,,raw_pruned,False,89ab277e1a5442a6e3770f29df37971e6ae54fb9dd95c32877afb223fa2e2ed7,sha256:0da4d3e4d430f404f59944ee32c33062882bbcbb95d465c522501a3a192994d9,,,/home/pdblend4/results/2026-09-21/pdblend-optimization/profile-v2/raw.json,a35cd43b790aaabe08fd504a0def71b5e7b4fdd63a5803de180571a86ca761e6,,,
3245035475f68ccb72e55c21,,Qwen2.5-7B-Instruct,1,,prefill,1500,,1024,,,unspecified,,10,0.21465051174163818,,,228.61865995948204,,,raw_pruned,False,89ab277e1a5442a6e3770f29df37971e6ae54fb9dd95c32877afb223fa2e2ed7,sha256:0da4d3e4d430f404f59944ee32c33062882bbcbb95d465c522501a3a192994d9,,,/home/pdblend4/results/2026-09-21/pdblend-optimization/profile-v2/raw.json,a35cd43b790aaabe08fd504a0def71b5e7b4fdd63a5803de180571a86ca761e6,,,
1f361219daa8c64acca9ddaa,,Qwen2.5-7B-Instruct,1,,prefill,1500,,2048,,,unspecified,,5,0.42597293853759766,,,218.44324454366085,,,raw_pruned,False,89ab277e1a5442a6e3770f29df37971e6ae54fb9dd95c32877afb223fa2e2ed7,sha256:0da4d3e4d430f404f59944ee32c33062882bbcbb95d465c522501a3a192994d9,,,/home/pdblend4/results/2026-09-21/pdblend-optimization/profile-v2/raw.json,a35cd43b790aaabe08fd504a0def71b5e7b4fdd63a5803de180571a86ca761e6,,,
a275b7e57ef18cf29fba5b2c,,Qwen2.5-7B-Instruct,1,,prefill,1500,,4096,,,unspecified,,3,0.872401237487793,,,211.42278242194104,,,raw_pruned,False,89ab277e1a5442a6e3770f29df37971e6ae54fb9dd95c32877afb223fa2e2ed7,sha256:0da4d3e4d430f404f59944ee32c33062882bbcbb95d465c522501a3a192994d9,,,/home/pdblend4/results/2026-09-21/pdblend-optimization/profile-v2/raw.json,a35cd43b790aaabe08fd504a0def71b5e7b4fdd63a5803de180571a86ca761e6,,,
dc34218cb12c63d80d1060c8,,Qwen2.5-7B-Instruct,1,,prefill,1500,,7168,,,unspecified,,3,1.6030304431915283,,,215.70710712920356,,,raw_pruned,False,89ab277e1a5442a6e3770f29df37971e6ae54fb9dd95c32877afb223fa2e2ed7,sha256:0da4d3e4d430f404f59944ee32c33062882bbcbb95d465c522501a3a192994d9,,,/home/pdblend4/results/2026-09-21/pdblend-optimization/profile-v2/raw.json,a35cd43b790aaabe08fd504a0def71b5e7b4fdd63a5803de180571a86ca761e6,,,
67704063f50a954517041d00,,Qwen2.5-7B-Instruct,1,,prefill,1800,,128,,,unspecified,,65,0.03095841407775879,,,249.1807296791749,,,raw_pruned,False,89ab277e1a5442a6e3770f29df37971e6ae54fb9dd95c32877afb223fa2e2ed7,sha256:0da4d3e4d430f404f59944ee32c33062882bbcbb95d465c522501a3a192994d9,,,/home/pdblend4/results/2026-09-21/pdblend-optimization/profile-v2/raw.json,a35cd43b790aaabe08fd504a0def71b5e7b4fdd63a5803de180571a86ca761e6,,,
8c309316ef96bf0f28de22e0,,Qwen2.5-7B-Instruct,1,,prefill,1800,,512,,,unspecified,,22,0.09361004829406738,,,259.2248516505535,,,raw_pruned,False,89ab277e1a5442a6e3770f29df37971e6ae54fb9dd95c32877afb223fa2e2ed7,sha256:0da4d3e4d430f404f59944ee32c33062882bbcbb95d465c522501a3a192994d9,,,/home/pdblend4/results/2026-09-21/pdblend-optimization/profile-v2/raw.json,a35cd43b790aaabe08fd504a0def71b5e7b4fdd63a5803de180571a86ca761e6,,,
d4bbf2c04d0e65f65a7b1461,,Qwen2.5-7B-Instruct,1,,prefill,1800,,1024,,,unspecified,,11,0.18198847770690918,,,254.81141355357738,,,raw_pruned,False,89ab277e1a5442a6e3770f29df37971e6ae54fb9dd95c32877afb223fa2e2ed7,sha256:0da4d3e4d430f404f59944ee32c33062882bbcbb95d465c522501a3a192994d9,,,/home/pdblend4/results/2026-09-21/pdblend-optimization/profile-v2/raw.json,a35cd43b790aaabe08fd504a0def71b5e7b4fdd63a5803de180571a86ca761e6,,,
6a8b25c1053b3eabfdce6812,,Qwen2.5-7B-Instruct,1,,prefill,1800,,2048,,,unspecified,,6,0.3581364154815674,,,245.81660401194313,,,raw_pruned,False,89ab277e1a5442a6e3770f29df37971e6ae54fb9dd95c32877afb223fa2e2ed7,sha256:0da4d3e4d430f404f59944ee32c33062882bbcbb95d465c522501a3a192994d9,,,/home/pdblend4/results/2026-09-21/pdblend-optimization/profile-v2/raw.json,a35cd43b790aaabe08fd504a0def71b5e7b4fdd63a5803de180571a86ca761e6,,,
3b9b7122329891b976ffb247,,Qwen2.5-7B-Instruct,1,,prefill,1800,,4096,,,unspecified,,3,0.7348353862762451,,,239.45787251434416,,,raw_pruned,False,89ab277e1a5442a6e3770f29df37971e6ae54fb9dd95c32877afb223fa2e2ed7,sha256:0da4d3e4d430f404f59944ee32c33062882bbcbb95d465c522501a3a192994d9,,,/home/pdblend4/results/2026-09-21/pdblend-optimization/profile-v2/raw.json,a35cd43b790aaabe08fd504a0def71b5e7b4fdd63a5803de180571a86ca761e6,,,
c932ef6e94ecc31bcb5558f4,,Qwen2.5-7B-Instruct,1,,prefill,1800,,7168,,,unspecified,,3,1.347191333770752,,,239.92052222243709,,,raw_pruned,False,89ab277e1a5442a6e3770f29df37971e6ae54fb9dd95c32877afb223fa2e2ed7,sha256:0da4d3e4d430f404f59944ee32c33062882bbcbb95d465c522501a3a192994d9,,,/home/pdblend4/results/2026-09-21/pdblend-optimization/profile-v2/raw.json,a35cd43b790aaabe08fd504a0def71b5e7b4fdd63a5803de180571a86ca761e6,,,
73066c62969741ae564d2827,,Qwen2.5-7B-Instruct,1,,prefill,2100,,128,,,unspecified,,66,0.030318140983581543,,,257.8385840153889,,,raw_pruned,False,89ab277e1a5442a6e3770f29df37971e6ae54fb9dd95c32877afb223fa2e2ed7,sha256:0da4d3e4d430f404f59944ee32c33062882bbcbb95d465c522501a3a192994d9,,,/home/pdblend4/results/2026-09-21/pdblend-optimization/profile-v2/raw.json,a35cd43b790aaabe08fd504a0def71b5e7b4fdd63a5803de180571a86ca761e6,,,
39cbeb90aa2d9ae8e2b2f3e4,,Qwen2.5-7B-Instruct,1,,prefill,2100,,512,,,unspecified,,25,0.08173322677612305,,,281.15664181361427,,,raw_pruned,False,89ab277e1a5442a6e3770f29df37971e6ae54fb9dd95c32877afb223fa2e2ed7,sha256:0da4d3e4d430f404f59944ee32c33062882bbcbb95d465c522501a3a192994d9,,,/home/pdblend4/results/2026-09-21/pdblend-optimization/profile-v2/raw.json,a35cd43b790aaabe08fd504a0def71b5e7b4fdd63a5803de180571a86ca761e6,,,
b0403905d36910fa39c67d8f,,Qwen2.5-7B-Instruct,1,,prefill,2100,,1024,,,unspecified,,12,0.15774798393249512,,,279.40182114607893,,,raw_pruned,False,89ab277e1a5442a6e3770f29df37971e6ae54fb9dd95c32877afb223fa2e2ed7,sha256:0da4d3e4d430f404f59944ee32c33062882bbcbb95d465c522501a3a192994d9,,,/home/pdblend4/results/2026-09-21/pdblend-optimization/profile-v2/raw.json,a35cd43b790aaabe08fd504a0def71b5e7b4fdd63a5803de180571a86ca761e6,,,
a0347df308fee4f66f5956fd,,Qwen2.5-7B-Instruct,1,,prefill,2100,,2048,,,unspecified,,7,0.3101189136505127,,,256.73333487222,,,raw_pruned,False,89ab277e1a5442a6e3770f29df37971e6ae54fb9dd95c32877afb223fa2e2ed7,sha256:0da4d3e4d430f404f59944ee32c33062882bbcbb95d465c522501a3a192994d9,,,/home/pdblend4/results/2026-09-21/pdblend-optimization/profile-v2/raw.json,a35cd43b790aaabe08fd504a0def71b5e7b4fdd63a5803de180571a86ca761e6,,,
597ffd2411f0f257c1358f62,,Qwen2.5-7B-Instruct,1,,prefill,2100,,4096,,,unspecified,,4,0.6348662376403809,,,266.73827689387736,,,raw_pruned,False,89ab277e1a5442a6e3770f29df37971e6ae54fb9dd95c32877afb223fa2e2ed7,sha256:0da4d3e4d430f404f59944ee32c33062882bbcbb95d465c522501a3a192994d9,,,/home/pdblend4/results/2026-09-21/pdblend-optimization/profile-v2/raw.json,a35cd43b790aaabe08fd504a0def71b5e7b4fdd63a5803de180571a86ca761e6,,,
d3c501f069fb9366d7e8c074,,Qwen2.5-7B-Instruct,1,,prefill,2100,,7168,,,unspecified,,3,1.1646337509155273,,,270.59449996305653,,,raw_pruned,False,89ab277e1a5442a6e3770f29df37971e6ae54fb9dd95c32877afb223fa2e2ed7,sha256:0da4d3e4d430f404f59944ee32c33062882bbcbb95d465c522501a3a192994d9,,,/home/pdblend4/results/2026-09-21/pdblend-optimization/profile-v2/raw.json,a35cd43b790aaabe08fd504a0def71b5e7b4fdd63a5803de180571a86ca761e6,,,
353243f8d392d378b0147b7f,,Qwen2.5-7B-Instruct,1,,prefill,2520,,128,,,unspecified,,67,0.029802322387695312,,,298.7179915197267,,,raw_pruned,False,89ab277e1a5442a6e3770f29df37971e6ae54fb9dd95c32877afb223fa2e2ed7,sha256:0da4d3e4d430f404f59944ee32c33062882bbcbb95d465c522501a3a192994d9,,,/home/pdblend4/results/2026-09-21/pdblend-optimization/profile-v2/raw.json,a35cd43b790aaabe08fd504a0def71b5e7b4fdd63a5803de180571a86ca761e6,,,
b8cb5e289922571d68ecfa0b,,Qwen2.5-7B-Instruct,1,,prefill,2520,,512,,,unspecified,,28,0.07232809066772461,,,335.0824937821062,,,raw_pruned,False,89ab277e1a5442a6e3770f29df37971e6ae54fb9dd95c32877afb223fa2e2ed7,sha256:0da4d3e4d430f404f59944ee32c33062882bbcbb95d465c522501a3a192994d9,,,/home/pdblend4/results/2026-09-21/pdblend-optimization/profile-v2/raw.json,a35cd43b790aaabe08fd504a0def71b5e7b4fdd63a5803de180571a86ca761e6,,,
4bdaf69ab8f7b7938a0e9cce,,Qwen2.5-7B-Instruct,1,,prefill,2520,,1024,,,unspecified,,15,0.13914752006530762,,,346.8965933500814,,,raw_pruned,False,89ab277e1a5442a6e3770f29df37971e6ae54fb9dd95c32877afb223fa2e2ed7,sha256:0da4d3e4d430f404f59944ee32c33062882bbcbb95d465c522501a3a192994d9,,,/home/pdblend4/results/2026-09-21/pdblend-optimization/profile-v2/raw.json,a35cd43b790aaabe08fd504a0def71b5e7b4fdd63a5803de180571a86ca761e6,,,
a15a60a5c1968331a48a2770,,Qwen2.5-7B-Instruct,1,,prefill,2520,,2048,,,unspecified,,8,0.2692021131515503,,,351.047198210721,,,raw_pruned,False,89ab277e1a5442a6e3770f29df37971e6ae54fb9dd95c32877afb223fa2e2ed7,sha256:0da4d3e4d430f404f59944ee32c33062882bbcbb95d465c522501a3a192994d9,,,/home/pdblend4/results/2026-09-21/pdblend-optimization/profile-v2/raw.json,a35cd43b790aaabe08fd504a0def71b5e7b4fdd63a5803de180571a86ca761e6,,,
e6a86e261a56aec818984029,,Qwen2.5-7B-Instruct,1,,prefill,2520,,4096,,,unspecified,,4,0.5460617542266846,,,348.32054018710113,,,raw_pruned,False,89ab277e1a5442a6e3770f29df37971e6ae54fb9dd95c32877afb223fa2e2ed7,sha256:0da4d3e4d430f404f59944ee32c33062882bbcbb95d465c522501a3a192994d9,,,/home/pdblend4/results/2026-09-21/pdblend-optimization/profile-v2/raw.json,a35cd43b790aaabe08fd504a0def71b5e7b4fdd63a5803de180571a86ca761e6,,,
5b63aa2c2677752e28f1bc10,,Qwen2.5-7B-Instruct,1,,prefill,2520,,7168,,,unspecified,,3,1.0022399425506592,,,351.90012079105816,,,raw_pruned,False,89ab277e1a5442a6e3770f29df37971e6ae54fb9dd95c32877afb223fa2e2ed7,sha256:0da4d3e4d430f404f59944ee32c33062882bbcbb95d465c522501a3a192994d9,,,/home/pdblend4/results/2026-09-21/pdblend-optimization/profile-v2/raw.json,a35cd43b790aaabe08fd504a0def71b5e7b4fdd63a5803de180571a86ca761e6,,,
4b565b0f7863fdbdd35e2a72,,Qwen2.5-7B-Instruct,1,,decode,900,1,,256,,unspecified,,,,,0.022065494574752507,205.16484955752213,,,raw_pruned,False,89ab277e1a5442a6e3770f29df37971e6ae54fb9dd95c32877afb223fa2e2ed7,sha256:0da4d3e4d430f404f59944ee32c33062882bbcbb95d465c522501a3a192994d9,,,/home/pdblend4/results/2026-09-21/pdblend-optimization/profile-v2/raw.json,a35cd43b790aaabe08fd504a0def71b5e7b4fdd63a5803de180571a86ca761e6,,,
2615e20cd8d467f8fda010bb,,Qwen2.5-7B-Instruct,1,,decode,900,4,,256,,unspecified,,,,,0.02587844916349332,183.44976335877863,,,raw_pruned,False,89ab277e1a5442a6e3770f29df37971e6ae54fb9dd95c32877afb223fa2e2ed7,sha256:0da4d3e4d430f404f59944ee32c33062882bbcbb95d465c522501a3a192994d9,,,/home/pdblend4/results/2026-09-21/pdblend-optimization/profile-v2/raw.json,a35cd43b790aaabe08fd504a0def71b5e7b4fdd63a5803de180571a86ca761e6,,,
debc4215741116e9d4d68da1,,Qwen2.5-7B-Instruct,1,,decode,900,8,,256,,unspecified,,,,,0.026536443102078176,183.95626865671642,,,raw_pruned,False,89ab277e1a5442a6e3770f29df37971e6ae54fb9dd95c32877afb223fa2e2ed7,sha256:0da4d3e4d430f404f59944ee32c33062882bbcbb95d465c522501a3a192994d9,,,/home/pdblend4/results/2026-09-21/pdblend-optimization/profile-v2/raw.json,a35cd43b790aaabe08fd504a0def71b5e7b4fdd63a5803de180571a86ca761e6,,,
87ff46a37bd3bed3de21e702,,Qwen2.5-7B-Instruct,1,,decode,900,16,,256,,unspecified,,,,,0.027155420996926048,188.70708759124088,,,raw_pruned,False,89ab277e1a5442a6e3770f29df37971e6ae54fb9dd95c32877afb223fa2e2ed7,sha256:0da4d3e4d430f404f59944ee32c33062882bbcbb95d465c522501a3a192994d9,,,/home/pdblend4/results/2026-09-21/pdblend-optimization/profile-v2/raw.json,a35cd43b790aaabe08fd504a0def71b5e7b4fdd63a5803de180571a86ca761e6,,,
2a4fa8a07b2a972eee217dbc,,Qwen2.5-7B-Instruct,1,,decode,900,32,,256,,unspecified,,,,,0.030471735792197727,197.90946405228757,,,raw_pruned,False,89ab277e1a5442a6e3770f29df37971e6ae54fb9dd95c32877afb223fa2e2ed7,sha256:0da4d3e4d430f404f59944ee32c33062882bbcbb95d465c522501a3a192994d9,,,/home/pdblend4/results/2026-09-21/pdblend-optimization/profile-v2/raw.json,a35cd43b790aaabe08fd504a0def71b5e7b4fdd63a5803de180571a86ca761e6,,,
b828397477ca26bf89d65840,,Qwen2.5-7B-Instruct,1,,decode,900,64,,256,,unspecified,,,,,0.0332309433392116,208.20959281437126,,,raw_pruned,False,89ab277e1a5442a6e3770f29df37971e6ae54fb9dd95c32877afb223fa2e2ed7,sha256:0da4d3e4d430f404f59944ee32c33062882bbcbb95d465c522501a3a192994d9,,,/home/pdblend4/results/2026-09-21/pdblend-optimization/profile-v2/raw.json,a35cd43b790aaabe08fd504a0def71b5e7b4fdd63a5803de180571a86ca761e6,,,
fc767c714f5e253338139e69,,Qwen2.5-7B-Instruct,1,,decode,900,128,,256,,unspecified,,,,,0.06039694404602051,200.4666179401993,,,raw_pruned,False,89ab277e1a5442a6e3770f29df37971e6ae54fb9dd95c32877afb223fa2e2ed7,sha256:0da4d3e4d430f404f59944ee32c33062882bbcbb95d465c522501a3a192994d9,,,/home/pdblend4/results/2026-09-21/pdblend-optimization/profile-v2/raw.json,a35cd43b790aaabe08fd504a0def71b5e7b4fdd63a5803de180571a86ca761e6,,,
48c2473544a40c2698edca0e,,Qwen2.5-7B-Instruct,1,,decode,900,256,,256,,unspecified,,,,,0.11776227269853864,189.44524131944445,,,raw_pruned,False,89ab277e1a5442a6e3770f29df37971e6ae54fb9dd95c32877afb223fa2e2ed7,sha256:0da4d3e4d430f404f59944ee32c33062882bbcbb95d465c522501a3a192994d9,,,/home/pdblend4/results/2026-09-21/pdblend-optimization/profile-v2/raw.json,a35cd43b790aaabe08fd504a0def71b5e7b4fdd63a5803de180571a86ca761e6,,,
7da11957f5d7a9e769286940,,Qwen2.5-7B-Instruct,1,,decode,900,1,,1024,,unspecified,,,,,0.02216622315201105,204.07298214285714,,,raw_pruned,False,89ab277e1a5442a6e3770f29df37971e6ae54fb9dd95c32877afb223fa2e2ed7,sha256:0da4d3e4d430f404f59944ee32c33062882bbcbb95d465c522501a3a192994d9,,,/home/pdblend4/results/2026-09-21/pdblend-optimization/profile-v2/raw.json,a35cd43b790aaabe08fd504a0def71b5e7b4fdd63a5803de180571a86ca761e6,,,
769b8557c73643b711305000,,Qwen2.5-7B-Instruct,1,,prefill,900,,128,,,unspecified,,40,0.0510636568069458,,,172.79223726073582,,,raw_pruned,False,1210c606499874a286056e7e1b6af84dc9e6d2ffc691d3aeb200596d6365c69c,sha256:0da4d3e4d430f404f59944ee32c33062882bbcbb95d465c522501a3a192994d9,,,/home/pdblend4/results/2026-09-21/pdblend-optimization/profile-v2-parallel/raw.json,63df6c50e9d2fd4581db6abb289a202046365ddf0eb415df38a0790cb5efef79,,,
14e9d4725c2b48c6641200e0,,Qwen2.5-7B-Instruct,1,,prefill,900,,512,,,unspecified,,12,0.17875587940216064,,,178.7394397168959,,,raw_pruned,False,1210c606499874a286056e7e1b6af84dc9e6d2ffc691d3aeb200596d6365c69c,sha256:0da4d3e4d430f404f59944ee32c33062882bbcbb95d465c522501a3a192994d9,,,/home/pdblend4/results/2026-09-21/pdblend-optimization/profile-v2-parallel/raw.json,63df6c50e9d2fd4581db6abb289a202046365ddf0eb415df38a0790cb5efef79,,,
af76c87256159e9221cfba79,,Qwen2.5-7B-Instruct,1,,prefill,900,,1024,,,unspecified,,6,0.3510955572128296,,,166.0065192386062,,,raw_pruned,False,1210c606499874a286056e7e1b6af84dc9e6d2ffc691d3aeb200596d6365c69c,sha256:0da4d3e4d430f404f59944ee32c33062882bbcbb95d465c522501a3a192994d9,,,/home/pdblend4/results/2026-09-21/pdblend-optimization/profile-v2-parallel/raw.json,63df6c50e9d2fd4581db6abb289a202046365ddf0eb415df38a0790cb5efef79,,,
a945a63645598e5df345c38f,,Qwen2.5-7B-Instruct,1,,prefill,900,,2048,,,unspecified,,3,0.6973752975463867,,,152.8708402493411,,,raw_pruned,False,1210c606499874a286056e7e1b6af84dc9e6d2ffc691d3aeb200596d6365c69c,sha256:0da4d3e4d430f404f59944ee32c33062882bbcbb95d465c522501a3a192994d9,,,/home/pdblend4/results/2026-09-21/pdblend-optimization/profile-v2-parallel/raw.json,63df6c50e9d2fd4581db6abb289a202046365ddf0eb415df38a0790cb5efef79,,,
5ae86499cdc5214163aeac24,,Qwen2.5-7B-Instruct,1,,prefill,900,,4096,,,unspecified,,3,1.430708408355713,,,153.58690114064024,,,raw_pruned,False,1210c606499874a286056e7e1b6af84dc9e6d2ffc691d3aeb200596d6365c69c,sha256:0da4d3e4d430f404f59944ee32c33062882bbcbb95d465c522501a3a192994d9,,,/home/pdblend4/results/2026-09-21/pdblend-optimization/profile-v2-parallel/raw.json,63df6c50e9d2fd4581db6abb289a202046365ddf0eb415df38a0790cb5efef79,,,
7b0973a29e4bbfeca67c9b7f,,Qwen2.5-7B-Instruct,1,,prefill,900,,7168,,,unspecified,,3,2.6257612705230713,,,154.4816826862629,,,raw_pruned,False,1210c606499874a286056e7e1b6af84dc9e6d2ffc691d3aeb200596d6365c69c,sha256:0da4d3e4d430f404f59944ee32c33062882bbcbb95d465c522501a3a192994d9,,,/home/pdblend4/results/2026-09-21/pdblend-optimization/profile-v2-parallel/raw.json,63df6c50e9d2fd4581db6abb289a202046365ddf0eb415df38a0790cb5efef79,,,
8bbcb918303aad69a50b9b15,,Qwen2.5-7B-Instruct,1,,prefill,1200,,128,,,unspecified,,50,0.04009890556335449,,,198.92448770442542,,,raw_pruned,False,1210c606499874a286056e7e1b6af84dc9e6d2ffc691d3aeb200596d6365c69c,sha256:0da4d3e4d430f404f59944ee32c33062882bbcbb95d465c522501a3a192994d9,,,/home/pdblend4/results/2026-09-21/pdblend-optimization/profile-v2-parallel/raw.json,63df6c50e9d2fd4581db6abb289a202046365ddf0eb415df38a0790cb5efef79,,,
d75f0de9d92623a0b767a897,,Qwen2.5-7B-Instruct,1,,prefill,1200,,512,,,unspecified,,15,0.1358203887939453,,,205.2726320933812,,,raw_pruned,False,1210c606499874a286056e7e1b6af84dc9e6d2ffc691d3aeb200596d6365c69c,sha256:0da4d3e4d430f404f59944ee32c33062882bbcbb95d465c522501a3a192994d9,,,/home/pdblend4/results/2026-09-21/pdblend-optimization/profile-v2-parallel/raw.json,63df6c50e9d2fd4581db6abb289a202046365ddf0eb415df38a0790cb5efef79,,,
2ffc5f55f3372f3635c99aad,,Qwen2.5-7B-Instruct,1,,prefill,1200,,1024,,,unspecified,,8,0.2662712335586548,,,198.26916859587823,,,raw_pruned,False,1210c606499874a286056e7e1b6af84dc9e6d2ffc691d3aeb200596d6365c69c,sha256:0da4d3e4d430f404f59944ee32c33062882bbcbb95d465c522501a3a192994d9,,,/home/pdblend4/results/2026-09-21/pdblend-optimization/profile-v2-parallel/raw.json,63df6c50e9d2fd4581db6abb289a202046365ddf0eb415df38a0790cb5efef79,,,
853dce7bd0960ab04f60f0b0,,Qwen2.5-7B-Instruct,1,,prefill,1200,,2048,,,unspecified,,4,0.5279810428619385,,,187.6873939840352,,,raw_pruned,False,1210c606499874a286056e7e1b6af84dc9e6d2ffc691d3aeb200596d6365c69c,sha256:0da4d3e4d430f404f59944ee32c33062882bbcbb95d465c522501a3a192994d9,,,/home/pdblend4/results/2026-09-21/pdblend-optimization/profile-v2-parallel/raw.json,63df6c50e9d2fd4581db6abb289a202046365ddf0eb415df38a0790cb5efef79,,,
2d5009b71e1e4ff201889158,,Qwen2.5-7B-Instruct,1,,prefill,1200,,4096,,,unspecified,,3,1.0831704139709473,,,180.0612014015323,,,raw_pruned,False,1210c606499874a286056e7e1b6af84dc9e6d2ffc691d3aeb200596d6365c69c,sha256:0da4d3e4d430f404f59944ee32c33062882bbcbb95d465c522501a3a192994d9,,,/home/pdblend4/results/2026-09-21/pdblend-optimization/profile-v2-parallel/raw.json,63df6c50e9d2fd4581db6abb289a202046365ddf0eb415df38a0790cb5efef79,,,
2fffbe70e6522412e0c79e40,,Qwen2.5-7B-Instruct,1,,prefill,1200,,7168,,,unspecified,,3,1.9863665103912354,,,184.3182944464057,,,raw_pruned,False,1210c606499874a286056e7e1b6af84dc9e6d2ffc691d3aeb200596d6365c69c,sha256:0da4d3e4d430f404f59944ee32c33062882bbcbb95d465c522501a3a192994d9,,,/home/pdblend4/results/2026-09-21/pdblend-optimization/profile-v2-parallel/raw.json,63df6c50e9d2fd4581db6abb289a202046365ddf0eb415df38a0790cb5efef79,,,
039be17f26df3f797d985f66,,Qwen2.5-7B-Instruct,1,,prefill,1500,,128,,,unspecified,,58,0.03421461582183838,,,215.39279357660345,,,raw_pruned,False,1210c606499874a286056e7e1b6af84dc9e6d2ffc691d3aeb200596d6365c69c,sha256:0da4d3e4d430f404f59944ee32c33062882bbcbb95d465c522501a3a192994d9,,,/home/pdblend4/results/2026-09-21/pdblend-optimization/profile-v2-parallel/raw.json,63df6c50e9d2fd4581db6abb289a202046365ddf0eb415df38a0790cb5efef79,,,
c545b8743a7ec456c16856f5,,Qwen2.5-7B-Instruct,1,,prefill,1500,,512,,,unspecified,,19,0.1103363037109375,,,237.46982892371088,,,raw_pruned,False,1210c606499874a286056e7e1b6af84dc9e6d2ffc691d3aeb200596d6365c69c,sha256:0da4d3e4d430f404f59944ee32c33062882bbcbb95d465c522501a3a192994d9,,,/home/pdblend4/results/2026-09-21/pdblend-optimization/profile-v2-parallel/raw.json,63df6c50e9d2fd4581db6abb289a202046365ddf0eb415df38a0790cb5efef79,,,
9bf5eabdb4275a11cdd18e2a,,Qwen2.5-7B-Instruct,1,,prefill,1500,,1024,,,unspecified,,10,0.21532785892486572,,,228.9760761190748,,,raw_pruned,False,1210c606499874a286056e7e1b6af84dc9e6d2ffc691d3aeb200596d6365c69c,sha256:0da4d3e4d430f404f59944ee32c33062882bbcbb95d465c522501a3a192994d9,,,/home/pdblend4/results/2026-09-21/pdblend-optimization/profile-v2-parallel/raw.json,63df6c50e9d2fd4581db6abb289a202046365ddf0eb415df38a0790cb5efef79,,,
7931104fcf4b3b3a1319a571,,Qwen2.5-7B-Instruct,1,,prefill,1500,,2048,,,unspecified,,5,0.42669034004211426,,,216.18003154362114,,,raw_pruned,False,1210c606499874a286056e7e1b6af84dc9e6d2ffc691d3aeb200596d6365c69c,sha256:0da4d3e4d430f404f59944ee32c33062882bbcbb95d465c522501a3a192994d9,,,/home/pdblend4/results/2026-09-21/pdblend-optimization/profile-v2-parallel/raw.json,63df6c50e9d2fd4581db6abb289a202046365ddf0eb415df38a0790cb5efef79,,,
6f99febe013776dfd18e9884,,Qwen2.5-7B-Instruct,1,,prefill,1500,,4096,,,unspecified,,3,0.8739161491394043,,,211.06654969579054,,,raw_pruned,False,1210c606499874a286056e7e1b6af84dc9e6d2ffc691d3aeb200596d6365c69c,sha256:0da4d3e4d430f404f59944ee32c33062882bbcbb95d465c522501a3a192994d9,,,/home/pdblend4/results/2026-09-21/pdblend-optimization/profile-v2-parallel/raw.json,63df6c50e9d2fd4581db6abb289a202046365ddf0eb415df38a0790cb5efef79,,,
f23855c052ab9b180baaf13a,,Qwen2.5-7B-Instruct,1,,prefill,1500,,7168,,,unspecified,,3,1.60298752784729,,,211.05012615896968,,,raw_pruned,False,1210c606499874a286056e7e1b6af84dc9e6d2ffc691d3aeb200596d6365c69c,sha256:0da4d3e4d430f404f59944ee32c33062882bbcbb95d465c522501a3a192994d9,,,/home/pdblend4/results/2026-09-21/pdblend-optimization/profile-v2-parallel/raw.json,63df6c50e9d2fd4581db6abb289a202046365ddf0eb415df38a0790cb5efef79,,,
e0af18bffe8d42205b296c6d,,Qwen2.5-7B-Instruct,1,,prefill,1800,,128,,,unspecified,,65,0.0309293270111084,,,244.22062517724623,,,raw_pruned,False,1210c606499874a286056e7e1b6af84dc9e6d2ffc691d3aeb200596d6365c69c,sha256:0da4d3e4d430f404f59944ee32c33062882bbcbb95d465c522501a3a192994d9,,,/home/pdblend4/results/2026-09-21/pdblend-optimization/profile-v2-parallel/raw.json,63df6c50e9d2fd4581db6abb289a202046365ddf0eb415df38a0790cb5efef79,,,
de86bd39c39ad2a4aee9cb96,,Qwen2.5-7B-Instruct,1,,prefill,1800,,512,,,unspecified,,22,0.0935666561126709,,,262.0359643668217,,,raw_pruned,False,1210c606499874a286056e7e1b6af84dc9e6d2ffc691d3aeb200596d6365c69c,sha256:0da4d3e4d430f404f59944ee32c33062882bbcbb95d465c522501a3a192994d9,,,/home/pdblend4/results/2026-09-21/pdblend-optimization/profile-v2-parallel/raw.json,63df6c50e9d2fd4581db6abb289a202046365ddf0eb415df38a0790cb5efef79,,,
625393cfdf66f79708f6e86c,,Qwen2.5-7B-Instruct,1,,prefill,1800,,1024,,,unspecified,,11,0.1819601058959961,,,257.9818936143522,,,raw_pruned,False,1210c606499874a286056e7e1b6af84dc9e6d2ffc691d3aeb200596d6365c69c,sha256:0da4d3e4d430f404f59944ee32c33062882bbcbb95d465c522501a3a192994d9,,,/home/pdblend4/results/2026-09-21/pdblend-optimization/profile-v2-parallel/raw.json,63df6c50e9d2fd4581db6abb289a202046365ddf0eb415df38a0790cb5efef79,,,
6d59b480a245aaafd4a32453,,Qwen2.5-7B-Instruct,1,,prefill,1800,,2048,,,unspecified,,6,0.35841166973114014,,,246.59448240136,,,raw_pruned,False,1210c606499874a286056e7e1b6af84dc9e6d2ffc691d3aeb200596d6365c69c,sha256:0da4d3e4d430f404f59944ee32c33062882bbcbb95d465c522501a3a192994d9,,,/home/pdblend4/results/2026-09-21/pdblend-optimization/profile-v2-parallel/raw.json,63df6c50e9d2fd4581db6abb289a202046365ddf0eb415df38a0790cb5efef79,,,
23c12794dfb74ec1f46c8683,,Qwen2.5-7B-Instruct,1,,prefill,1800,,4096,,,unspecified,,3,0.7348883152008057,,,239.10756674352376,,,raw_pruned,False,1210c606499874a286056e7e1b6af84dc9e6d2ffc691d3aeb200596d6365c69c,sha256:0da4d3e4d430f404f59944ee32c33062882bbcbb95d465c522501a3a192994d9,,,/home/pdblend4/results/2026-09-21/pdblend-optimization/profile-v2-parallel/raw.json,63df6c50e9d2fd4581db6abb289a202046365ddf0eb415df38a0790cb5efef79,,,
43e7f541e94b53c32e247550,,Qwen2.5-7B-Instruct,1,,prefill,1800,,7168,,,unspecified,,3,1.3471691608428955,,,244.42945284859348,,,raw_pruned,False,1210c606499874a286056e7e1b6af84dc9e6d2ffc691d3aeb200596d6365c69c,sha256:0da4d3e4d430f404f59944ee32c33062882bbcbb95d465c522501a3a192994d9,,,/home/pdblend4/results/2026-09-21/pdblend-optimization/profile-v2-parallel/raw.json,63df6c50e9d2fd4581db6abb289a202046365ddf0eb415df38a0790cb5efef79,,,
eb4fec2e9575abd6ac683a7c,,Qwen2.5-7B-Instruct,1,,prefill,2100,,128,,,unspecified,,65,0.030904054641723633,,,230.30942489041314,,,raw_pruned,False,1210c606499874a286056e7e1b6af84dc9e6d2ffc691d3aeb200596d6365c69c,sha256:0da4d3e4d430f404f59944ee32c33062882bbcbb95d465c522501a3a192994d9,,,/home/pdblend4/results/2026-09-21/pdblend-optimization/profile-v2-parallel/raw.json,63df6c50e9d2fd4581db6abb289a202046365ddf0eb415df38a0790cb5efef79,,,
48202f9f2c3f05f79530d17f,,Qwen2.5-7B-Instruct,1,,prefill,2100,,512,,,unspecified,,25,0.08228325843811035,,,274.7608355185636,,,raw_pruned,False,1210c606499874a286056e7e1b6af84dc9e6d2ffc691d3aeb200596d6365c69c,sha256:0da4d3e4d430f404f59944ee32c33062882bbcbb95d465c522501a3a192994d9,,,/home/pdblend4/results/2026-09-21/pdblend-optimization/profile-v2-parallel/raw.json,63df6c50e9d2fd4581db6abb289a202046365ddf0eb415df38a0790cb5efef79,,,
215bee30846a3ae61756910e,,Qwen2.5-7B-Instruct,1,,prefill,2100,,1024,,,unspecified,,13,0.15812206268310547,,,281.82238262445753,,,raw_pruned,False,1210c606499874a286056e7e1b6af84dc9e6d2ffc691d3aeb200596d6365c69c,sha256:0da4d3e4d430f404f59944ee32c33062882bbcbb95d465c522501a3a192994d9,,,/home/pdblend4/results/2026-09-21/pdblend-optimization/profile-v2-parallel/raw.json,63df6c50e9d2fd4581db6abb289a202046365ddf0eb415df38a0790cb5efef79,,,
705612b2f8ba01f81f68751d,,Qwen2.5-7B-Instruct,1,,prefill,2100,,2048,,,unspecified,,7,0.31091737747192383,,,275.09449995982345,,,raw_pruned,False,1210c606499874a286056e7e1b6af84dc9e6d2ffc691d3aeb200596d6365c69c,sha256:0da4d3e4d430f404f59944ee32c33062882bbcbb95d465c522501a3a192994d9,,,/home/pdblend4/results/2026-09-21/pdblend-optimization/profile-v2-parallel/raw.json,63df6c50e9d2fd4581db6abb289a202046365ddf0eb415df38a0790cb5efef79,,,
6c24fa22d1b661efbad24ba4,,Qwen2.5-7B-Instruct,1,,prefill,2100,,4096,,,unspecified,,4,0.6362791061401367,,,268.2381529487175,,,raw_pruned,False,1210c606499874a286056e7e1b6af84dc9e6d2ffc691d3aeb200596d6365c69c,sha256:0da4d3e4d430f404f59944ee32c33062882bbcbb95d465c522501a3a192994d9,,,/home/pdblend4/results/2026-09-21/pdblend-optimization/profile-v2-parallel/raw.json,63df6c50e9d2fd4581db6abb289a202046365ddf0eb415df38a0790cb5efef79,,,
ec3db2adffa047255a11e57e,,Qwen2.5-7B-Instruct,1,,prefill,2100,,7168,,,unspecified,,3,1.1656713485717773,,,270.10663242951864,,,raw_pruned,False,1210c606499874a286056e7e1b6af84dc9e6d2ffc691d3aeb200596d6365c69c,sha256:0da4d3e4d430f404f59944ee32c33062882bbcbb95d465c522501a3a192994d9,,,/home/pdblend4/results/2026-09-21/pdblend-optimization/profile-v2-parallel/raw.json,63df6c50e9d2fd4581db6abb289a202046365ddf0eb415df38a0790cb5efef79,,,
915c4e14f0fde82eef5d86a8,,Qwen2.5-7B-Instruct,1,,prefill,2520,,128,,,unspecified,,67,0.029821157455444336,,,269.750219441062,,,raw_pruned,False,1210c606499874a286056e7e1b6af84dc9e6d2ffc691d3aeb200596d6365c69c,sha256:0da4d3e4d430f404f59944ee32c33062882bbcbb95d465c522501a3a192994d9,,,/home/pdblend4/results/2026-09-21/pdblend-optimization/profile-v2-parallel/raw.json,63df6c50e9d2fd4581db6abb289a202046365ddf0eb415df38a0790cb5efef79,,,
aa94dbc56cf70da095171fe0,,Qwen2.5-7B-Instruct,1,,prefill,2520,,512,,,unspecified,,28,0.07267212867736816,,,337.4332635902123,,,raw_pruned,False,1210c606499874a286056e7e1b6af84dc9e6d2ffc691d3aeb200596d6365c69c,sha256:0da4d3e4d430f404f59944ee32c33062882bbcbb95d465c522501a3a192994d9,,,/home/pdblend4/results/2026-09-21/pdblend-optimization/profile-v2-parallel/raw.json,63df6c50e9d2fd4581db6abb289a202046365ddf0eb415df38a0790cb5efef79,,,
c3ab8b4d5302647091a55c9c,,Qwen2.5-7B-Instruct,1,,prefill,2520,,1024,,,unspecified,,15,0.13984203338623047,,,344.7201866363379,,,raw_pruned,False,1210c606499874a286056e7e1b6af84dc9e6d2ffc691d3aeb200596d6365c69c,sha256:0da4d3e4d430f404f59944ee32c33062882bbcbb95d465c522501a3a192994d9,,,/home/pdblend4/results/2026-09-21/pdblend-optimization/profile-v2-parallel/raw.json,63df6c50e9d2fd4581db6abb289a202046365ddf0eb415df38a0790cb5efef79,,,
f43fb82e701e56eb4aa5e5a6,,Qwen2.5-7B-Instruct,1,,prefill,2520,,2048,,,unspecified,,8,0.2706763744354248,,,349.0996250395335,,,raw_pruned,False,1210c606499874a286056e7e1b6af84dc9e6d2ffc691d3aeb200596d6365c69c,sha256:0da4d3e4d430f404f59944ee32c33062882bbcbb95d465c522501a3a192994d9,,,/home/pdblend4/results/2026-09-21/pdblend-optimization/profile-v2-parallel/raw.json,63df6c50e9d2fd4581db6abb289a202046365ddf0eb415df38a0790cb5efef79,,,
fb18d575aa62f77dd5b50083,,Qwen2.5-7B-Instruct,1,,prefill,2520,,4096,,,unspecified,,4,0.5495274066925049,,,349.64721404457197,,,raw_pruned,False,1210c606499874a286056e7e1b6af84dc9e6d2ffc691d3aeb200596d6365c69c,sha256:0da4d3e4d430f404f59944ee32c33062882bbcbb95d465c522501a3a192994d9,,,/home/pdblend4/results/2026-09-21/pdblend-optimization/profile-v2-parallel/raw.json,63df6c50e9d2fd4581db6abb289a202046365ddf0eb415df38a0790cb5efef79,,,
16380e6714d06fc349e8fe3b,,Qwen2.5-7B-Instruct,1,,prefill,2520,,7168,,,unspecified,,3,1.0131397247314453,,,352.87317788148914,,,raw_pruned,False,1210c606499874a286056e7e1b6af84dc9e6d2ffc691d3aeb200596d6365c69c,sha256:0da4d3e4d430f404f59944ee32c33062882bbcbb95d465c522501a3a192994d9,,,/home/pdblend4/results/2026-09-21/pdblend-optimization/profile-v2-parallel/raw.json,63df6c50e9d2fd4581db6abb289a202046365ddf0eb415df38a0790cb5efef79,,,
2db948c3caa4c2f6f1e69c41,,Qwen2.5-7B-Instruct,1,,decode,900,1,,477.0,,unspecified,0,,,,0.022124565808118973,201.44974,,,raw_pruned,False,1210c606499874a286056e7e1b6af84dc9e6d2ffc691d3aeb200596d6365c69c,sha256:0da4d3e4d430f404f59944ee32c33062882bbcbb95d465c522501a3a192994d9,,,/home/pdblend4/results/2026-09-21/pdblend-optimization/profile-v2-parallel/raw.json,63df6c50e9d2fd4581db6abb289a202046365ddf0eb415df38a0790cb5efef79,pair-01/samples/d-900-256-1-r0.json,53c9d0989a64318c816c1e6b92b61f33b9bb64fa5e98f7e8df233673ea732b5c,
8aa9e232583a9261332666b0,,Qwen2.5-7B-Instruct,1,,decode,900,1,,477.0,,unspecified,1,,,,0.02212559543879686,202.32254,,,raw_pruned,False,1210c606499874a286056e7e1b6af84dc9e6d2ffc691d3aeb200596d6365c69c,sha256:0da4d3e4d430f404f59944ee32c33062882bbcbb95d465c522501a3a192994d9,,,/home/pdblend4/results/2026-09-21/pdblend-optimization/profile-v2-parallel/raw.json,63df6c50e9d2fd4581db6abb289a202046365ddf0eb415df38a0790cb5efef79,pair-01/samples/d-900-256-1-r1.json,6370e5640adf067bfbe3d9374f1c9c8358190243f73dd7a0364c5ea69399a7fe,
a5753a4a38461e908d3fe8f8,,Qwen2.5-7B-Instruct,1,,decode,900,1,,477.0,,unspecified,2,,,,0.02213100838450204,202.34833999999998,,,raw_pruned,False,1210c606499874a286056e7e1b6af84dc9e6d2ffc691d3aeb200596d6365c69c,sha256:0da4d3e4d430f404f59944ee32c33062882bbcbb95d465c522501a3a192994d9,,,/home/pdblend4/results/2026-09-21/pdblend-optimization/profile-v2-parallel/raw.json,63df6c50e9d2fd4581db6abb289a202046365ddf0eb415df38a0790cb5efef79,pair-01/samples/d-900-256-1-r2.json,1c1cdea41d7f8b32c068ef2e7020d2577f6e00ca2fa0146c2d7c5373532f0aed,
c18584337e31fbf877f85f5d,,Qwen2.5-7B-Instruct,1,,decode,900,4,,447.25,,unspecified,0,,,,0.02577686432710628,182.0744,,,raw_pruned,False,1210c606499874a286056e7e1b6af84dc9e6d2ffc691d3aeb200596d6365c69c,sha256:0da4d3e4d430f404f59944ee32c33062882bbcbb95d465c522501a3a192994d9,,,/home/pdblend4/results/2026-09-21/pdblend-optimization/profile-v2-parallel/raw.json,63df6c50e9d2fd4581db6abb289a202046365ddf0eb415df38a0790cb5efef79,pair-01/samples/d-900-256-4-r0.json,213b85a7c3c89afb5b6c06b89a4f99e9fe9e328030aaf467f98cae8ba5a06568,
9b67db6272d65861aa222c46,,Qwen2.5-7B-Instruct,1,,decode,900,4,,446.75,,unspecified,1,,,,0.025907481890268275,181.12143,,,raw_pruned,False,1210c606499874a286056e7e1b6af84dc9e6d2ffc691d3aeb200596d6365c69c,sha256:0da4d3e4d430f404f59944ee32c33062882bbcbb95d465c522501a3a192994d9,,,/home/pdblend4/results/2026-09-21/pdblend-optimization/profile-v2-parallel/raw.json,63df6c50e9d2fd4581db6abb289a202046365ddf0eb415df38a0790cb5efef79,pair-01/samples/d-900-256-4-r1.json,b9bd1112be7dd704b3f65cc1f74fa327c630213aa60be3530b38b2b6b204b99f,
9124f8ebe3e3d51e8a01fac9,,Qwen2.5-7B-Instruct,1,,decode,900,4,,447.25,,unspecified,2,,,,0.025778329249509832,182.05737373737375,,,raw_pruned,False,1210c606499874a286056e7e1b6af84dc9e6d2ffc691d3aeb200596d6365c69c,sha256:0da4d3e4d430f404f59944ee32c33062882bbcbb95d465c522501a3a192994d9,,,/home/pdblend4/results/2026-09-21/pdblend-optimization/profile-v2-parallel/raw.json,63df6c50e9d2fd4581db6abb289a202046365ddf0eb415df38a0790cb5efef79,pair-01/samples/d-900-256-4-r2.json,ff010606db7621316ce4eb2b0d1d0bf5509f5a31b2859a468af6f4986641f41b,
29a1060e8f0132deece24c97,,Qwen2.5-7B-Instruct,1,,decode,900,8,,442.125,,unspecified,0,,,,0.02659857653556986,183.52008,,,raw_pruned,False,1210c606499874a286056e7e1b6af84dc9e6d2ffc691d3aeb200596d6365c69c,sha256:0da4d3e4d430f404f59944ee32c33062882bbcbb95d465c522501a3a192994d9,,,/home/pdblend4/results/2026-09-21/pdblend-optimization/profile-v2-parallel/raw.json,63df6c50e9d2fd4581db6abb289a202046365ddf0eb415df38a0790cb5efef79,pair-01/samples/d-900-256-8-r0.json,e20e72650c405eba044217e5cb700d4f3ddc78c17fee24f12bc6d682fdce4b75,
ce851a5486ea9015aa60fbdf,,Qwen2.5-7B-Instruct,1,,decode,900,8,,442.125,,unspecified,1,,,,0.02659787269348794,183.96808000000001,,,raw_pruned,False,1210c606499874a286056e7e1b6af84dc9e6d2ffc691d3aeb200596d6365c69c,sha256:0da4d3e4d430f404f59944ee32c33062882bbcbb95d465c522501a3a192994d9,,,/home/pdblend4/results/2026-09-21/pdblend-optimization/profile-v2-parallel/raw.json,63df6c50e9d2fd4581db6abb289a202046365ddf0eb415df38a0790cb5efef79,pair-01/samples/d-900-256-8-r1.json,1698b944876c8ec5952d221f4d798820f564bffb78f8c93a16378aa0f6b67555,
7db233a9413858d8788d06c3,,Qwen2.5-7B-Instruct,1,,decode,900,8,,442.125,,unspecified,2,,,,0.026598272171426327,183.77858,,,raw_pruned,False,1210c606499874a286056e7e1b6af84dc9e6d2ffc691d3aeb200596d6365c69c,sha256:0da4d3e4d430f404f59944ee32c33062882bbcbb95d465c522501a3a192994d9,,,/home/pdblend4/results/2026-09-21/pdblend-optimization/profile-v2-parallel/raw.json,63df6c50e9d2fd4581db6abb289a202046365ddf0eb415df38a0790cb5efef79,pair-01/samples/d-900-256-8-r2.json,c186754496bd3afca71bbb515024c5e1a942ea6b1757219ab037e584d389c733,
9998566dd18c7d13be954402,,Qwen2.5-7B-Instruct,1,,decode,900,16,,439.0625,,unspecified,0,,,,0.027184486389160156,189.39976,,,raw_pruned,False,1210c606499874a286056e7e1b6af84dc9e6d2ffc691d3aeb200596d6365c69c,sha256:0da4d3e4d430f404f59944ee32c33062882bbcbb95d465c522501a3a192994d9,,,/home/pdblend4/results/2026-09-21/pdblend-optimization/profile-v2-parallel/raw.json,63df6c50e9d2fd4581db6abb289a202046365ddf0eb415df38a0790cb5efef79,pair-01/samples/d-900-256-16-r0.json,ec0a69612bda12ecb9fd74110005b995284ec4db2cb06ddf22b285842374f259,
996c9974cf2b13703cfd1094,,Qwen2.5-7B-Instruct,1,,decode,900,16,,439.0625,,unspecified,1,,,,0.027175239894701088,188.87771,,,raw_pruned,False,1210c606499874a286056e7e1b6af84dc9e6d2ffc691d3aeb200596d6365c69c,sha256:0da4d3e4d430f404f59944ee32c33062882bbcbb95d465c522501a3a192994d9,,,/home/pdblend4/results/2026-09-21/pdblend-optimization/profile-v2-parallel/raw.json,63df6c50e9d2fd4581db6abb289a202046365ddf0eb415df38a0790cb5efef79,pair-01/samples/d-900-256-16-r1.json,cd5f1884f0f5edaa778a3d1eb00eacaf6f370c797ebb115cb9b60d12b9078a58,
42cc3ff45469b23b6fb9ac47,,Qwen2.5-7B-Instruct,1,,decode,900,16,,439.0625,,unspecified,2,,,,0.02717778734538866,189.14804,,,raw_pruned,False,1210c606499874a286056e7e1b6af84dc9e6d2ffc691d3aeb200596d6365c69c,sha256:0da4d3e4d430f404f59944ee32c33062882bbcbb95d465c522501a3a192994d9,,,/home/pdblend4/results/2026-09-21/pdblend-optimization/profile-v2-parallel/raw.json,63df6c50e9d2fd4581db6abb289a202046365ddf0eb415df38a0790cb5efef79,pair-01/samples/d-900-256-16-r2.json,2966994b6a96a75e60a99dac1fcbba19664e3a3fb794ab4a8c7312a66b90b5ff,
1f1134ca4a1691073a5c0798,,Qwen2.5-7B-Instruct,1,,decode,900,32,,421.53125,,unspecified,0,,,,0.030681133270263672,195.60583,,,raw_pruned,False,1210c606499874a286056e7e1b6af84dc9e6d2ffc691d3aeb200596d6365c69c,sha256:0da4d3e4d430f404f59944ee32c33062882bbcbb95d465c522501a3a192994d9,,,/home/pdblend4/results/2026-09-21/pdblend-optimization/profile-v2-parallel/raw.json,63df6c50e9d2fd4581db6abb289a202046365ddf0eb415df38a0790cb5efef79,pair-01/samples/d-900-256-32-r0.json,5fd918c2eade30b5cf06b3c09d73fe3e291bcffb42b38355a543f33ab458f0ff,
70902248d08cfaa3ea7c49ca,,Qwen2.5-7B-Instruct,1,,decode,900,32,,421.53125,,unspecified,1,,,,0.030677504334713054,196.16706,,,raw_pruned,False,1210c606499874a286056e7e1b6af84dc9e6d2ffc691d3aeb200596d6365c69c,sha256:0da4d3e4d430f404f59944ee32c33062882bbcbb95d465c522501a3a192994d9,,,/home/pdblend4/results/2026-09-21/pdblend-optimization/profile-v2-parallel/raw.json,63df6c50e9d2fd4581db6abb289a202046365ddf0eb415df38a0790cb5efef79,pair-01/samples/d-900-256-32-r1.json,c32d025b6b07e8dd45c6338fcc39c17b7598a57cab4125bc95958c1eb1767e52,
4bcfd6e433e48aea458a0468,,Qwen2.5-7B-Instruct,1,,decode,900,32,,421.53125,,unspecified,2,,,,0.03067605334556907,195.72312999999997,,,raw_pruned,False,1210c606499874a286056e7e1b6af84dc9e6d2ffc691d3aeb200596d6365c69c,sha256:0da4d3e4d430f404f59944ee32c33062882bbcbb95d465c522501a3a192994d9,,,/home/pdblend4/results/2026-09-21/pdblend-optimization/profile-v2-parallel/raw.json,63df6c50e9d2fd4581db6abb289a202046365ddf0eb415df38a0790cb5efef79,pair-01/samples/d-900-256-32-r2.json,c2f8ca938573f7a7683feefbba9eef0c1445d52d64a2abf1fa63c51943c13e81,
0a98b94c11f97b68d1698c84,,Qwen2.5-7B-Instruct,1,,decode,900,64,,409.515625,,unspecified,0,,,,0.03333574295043945,205.69432,,,raw_pruned,False,1210c606499874a286056e7e1b6af84dc9e6d2ffc691d3aeb200596d6365c69c,sha256:0da4d3e4d430f404f59944ee32c33062882bbcbb95d465c522501a3a192994d9,,,/home/pdblend4/results/2026-09-21/pdblend-optimization/profile-v2-parallel/raw.json,63df6c50e9d2fd4581db6abb289a202046365ddf0eb415df38a0790cb5efef79,pair-01/samples/d-900-256-64-r0.json,72f9a07bd8b7d28fd777cdb117764911f305ed7de716c53b023d406f312d4985,
398540a075955aed66447970,,Qwen2.5-7B-Instruct,1,,decode,900,64,,409.515625,,unspecified,1,,,,0.033338130315144855,204.74831999999998,,,raw_pruned,False,1210c606499874a286056e7e1b6af84dc9e6d2ffc691d3aeb200596d6365c69c,sha256:0da4d3e4d430f404f59944ee32c33062882bbcbb95d465c522501a3a192994d9,,,/home/pdblend4/results/2026-09-21/pdblend-optimization/profile-v2-parallel/raw.json,63df6c50e9d2fd4581db6abb289a202046365ddf0eb415df38a0790cb5efef79,pair-01/samples/d-900-256-64-r1.json,b27fb15d11dcffbb20a39fad5d6398458b1e8d053b1417e9b9a638d410e22bbd,
6c980777674adadf537181af,,Qwen2.5-7B-Instruct,1,,decode,900,64,,409.515625,,unspecified,2,,,,0.03333670616149902,205.04367,,,raw_pruned,False,1210c606499874a286056e7e1b6af84dc9e6d2ffc691d3aeb200596d6365c69c,sha256:0da4d3e4d430f404f59944ee32c33062882bbcbb95d465c522501a3a192994d9,,,/home/pdblend4/results/2026-09-21/pdblend-optimization/profile-v2-parallel/raw.json,63df6c50e9d2fd4581db6abb289a202046365ddf0eb415df38a0790cb5efef79,pair-01/samples/d-900-256-64-r2.json,8ff42bb8cec746d3641aa85baead2ab61a8c1c0bdc03711ddfb84c773abdaaec,
ffd9fe01f1129a8536f58383,,Qwen2.5-7B-Instruct,1,,decode,900,128,,350.5078125,,unspecified,0,,,,0.059532057671319874,197.25376,,,raw_pruned,False,1210c606499874a286056e7e1b6af84dc9e6d2ffc691d3aeb200596d6365c69c,sha256:0da4d3e4d430f404f59944ee32c33062882bbcbb95d465c522501a3a192994d9,,,/home/pdblend4/results/2026-09-21/pdblend-optimization/profile-v2-parallel/raw.json,63df6c50e9d2fd4581db6abb289a202046365ddf0eb415df38a0790cb5efef79,pair-01/samples/d-900-256-128-r0.json,96888d12c36dfaa810f4bbedb68ee810ddba51e10110f89ede9a36fff567baf8,
72267085b470e50f6ad4e991,,Qwen2.5-7B-Instruct,1,,decode,900,128,,349.5078125,,unspecified,1,,,,0.059534575257982524,196.16137999999998,,,raw_pruned,False,1210c606499874a286056e7e1b6af84dc9e6d2ffc691d3aeb200596d6365c69c,sha256:0da4d3e4d430f404f59944ee32c33062882bbcbb95d465c522501a3a192994d9,,,/home/pdblend4/results/2026-09-21/pdblend-optimization/profile-v2-parallel/raw.json,63df6c50e9d2fd4581db6abb289a202046365ddf0eb415df38a0790cb5efef79,pair-01/samples/d-900-256-128-r1.json,e6f5bf1e70d584a774db4ec75eac82614bd10a4fd6449811df750983cddb7a0e,
ea60fd3e4ba72c363601a622,,Qwen2.5-7B-Instruct,1,,decode,900,128,,350.0078125,,unspecified,2,,,,0.05883095685173483,197.05810000000002,,,raw_pruned,False,1210c606499874a286056e7e1b6af84dc9e6d2ffc691d3aeb200596d6365c69c,sha256:0da4d3e4d430f404f59944ee32c33062882bbcbb95d465c522501a3a192994d9,,,/home/pdblend4/results/2026-09-21/pdblend-optimization/profile-v2-parallel/raw.json,63df6c50e9d2fd4581db6abb289a202046365ddf0eb415df38a0790cb5efef79,pair-01/samples/d-900-256-128-r2.json,544be585f2db218c7e0d7fd998f9de5057a72baab7b0f16382c1ea7e90b82d56,
74e957c242f1dc139f1379da,,Qwen2.5-7B-Instruct,1,,decode,900,256,,315.98046875,,unspecified,0,,,,0.1163046027338782,183.94471000000001,,,raw_pruned,False,1210c606499874a286056e7e1b6af84dc9e6d2ffc691d3aeb200596d6365c69c,sha256:0da4d3e4d430f404f59944ee32c33062882bbcbb95d465c522501a3a192994d9,,,/home/pdblend4/results/2026-09-21/pdblend-optimization/profile-v2-parallel/raw.json,63df6c50e9d2fd4581db6abb289a202046365ddf0eb415df38a0790cb5efef79,pair-01/samples/d-900-256-256-r0.json,b6aca9123aa88137afd797925165d31301eee6899e464402b6aea52dc04baca1,
0b757ba63177ae7ab4fe9933,,Qwen2.5-7B-Instruct,1,,decode,900,256,,315.9765625,,unspecified,1,,,,0.11632178550542788,184.31254,,,raw_pruned,False,1210c606499874a286056e7e1b6af84dc9e6d2ffc691d3aeb200596d6365c69c,sha256:0da4d3e4d430f404f59944ee32c33062882bbcbb95d465c522501a3a192994d9,,,/home/pdblend4/results/2026-09-21/pdblend-optimization/profile-v2-parallel/raw.json,63df6c50e9d2fd4581db6abb289a202046365ddf0eb415df38a0790cb5efef79,pair-01/samples/d-900-256-256-r1.json,2c093ddf78e09def5bb04de5204a24c29e2be9c4591b7a7f42c513872d401bcb,
006ae8598297e5b4dbe66d9b,,Qwen2.5-7B-Instruct,1,,decode,900,256,,315.9765625,,unspecified,2,,,,0.11628531855206158,183.80384999999998,,,raw_pruned,False,1210c606499874a286056e7e1b6af84dc9e6d2ffc691d3aeb200596d6365c69c,sha256:0da4d3e4d430f404f59944ee32c33062882bbcbb95d465c522501a3a192994d9,,,/home/pdblend4/results/2026-09-21/pdblend-optimization/profile-v2-parallel/raw.json,63df6c50e9d2fd4581db6abb289a202046365ddf0eb415df38a0790cb5efef79,pair-01/samples/d-900-256-256-r2.json,7bce9f96b20c0ca372b396b61ac4abc6f2548f5b0e76d79f94bcf1b513c8e3fb,
75976bbabf4c7bc7f398977f,,Qwen2.5-7B-Instruct,1,,decode,900,1,,1243.5,,unspecified,0,,,,0.022226187388102215,200.49169999999998,,,raw_pruned,False,1210c606499874a286056e7e1b6af84dc9e6d2ffc691d3aeb200596d6365c69c,sha256:0da4d3e4d430f404f59944ee32c33062882bbcbb95d465c522501a3a192994d9,,,/home/pdblend4/results/2026-09-21/pdblend-optimization/profile-v2-parallel/raw.json,63df6c50e9d2fd4581db6abb289a202046365ddf0eb415df38a0790cb5efef79,pair-01/samples/d-900-1024-1-r0.json,7e835dbec5a0a5252ff2a40dd96455688f2847b15b0a4c470ecb8e819a6603ba,
69973d24f356df3d65ff33c8,,Qwen2.5-7B-Instruct,1,,decode,900,1,,1244.0,,unspecified,1,,,,0.02212539183355011,200.67854,,,raw_pruned,False,1210c606499874a286056e7e1b6af84dc9e6d2ffc691d3aeb200596d6365c69c,sha256:0da4d3e4d430f404f59944ee32c33062882bbcbb95d465c522501a3a192994d9,,,/home/pdblend4/results/2026-09-21/pdblend-optimization/profile-v2-parallel/raw.json,63df6c50e9d2fd4581db6abb289a202046365ddf0eb415df38a0790cb5efef79,pair-01/samples/d-900-1024-1-r1.json,238b61aa0d0e87ea271e0d90e8bfbf50dd02072bd0f5abadaf9f9c8917d25275,
34271adf60e50a16b32f69d1,,Qwen2.5-7B-Instruct,1,,decode,900,1,,1244.0,,unspecified,2,,,,0.022127401512281028,200.86279,,,raw_pruned,False,1210c606499874a286056e7e1b6af84dc9e6d2ffc691d3aeb200596d6365c69c,sha256:0da4d3e4d430f404f59944ee32c33062882bbcbb95d465c522501a3a192994d9,,,/home/pdblend4/results/2026-09-21/pdblend-optimization/profile-v2-parallel/raw.json,63df6c50e9d2fd4581db6abb289a202046365ddf0eb415df38a0790cb5efef79,pair-01/samples/d-900-1024-1-r2.json,8cd3a8c9325bb77b3f5ce6889d2209da4b8ec06e4a265af6f318fac27fd97ecb,
c236cc24f8997c04b8c9bf61,,Qwen2.5-7B-Instruct,1,,decode,900,4,,1211.5,,unspecified,0,,,,0.026387057392452513,179.79546,,,raw_pruned,False,1210c606499874a286056e7e1b6af84dc9e6d2ffc691d3aeb200596d6365c69c,sha256:0da4d3e4d430f404f59944ee32c33062882bbcbb95d465c522501a3a192994d9,,,/home/pdblend4/results/2026-09-21/pdblend-optimization/profile-v2-parallel/raw.json,63df6c50e9d2fd4581db6abb289a202046365ddf0eb415df38a0790cb5efef79,pair-01/samples/d-900-1024-4-r0.json,6102c2a0c51adc644adabaf62583e6fb0c9780ae4d520e97f4885938b7381736,
982eeafa17bdba0a3945aea6,,Qwen2.5-7B-Instruct,1,,decode,900,4,,1211.75,,unspecified,1,,,,0.02645867842215079,179.8311212121212,,,raw_pruned,False,1210c606499874a286056e7e1b6af84dc9e6d2ffc691d3aeb200596d6365c69c,sha256:0da4d3e4d430f404f59944ee32c33062882bbcbb95d465c522501a3a192994d9,,,/home/pdblend4/results/2026-09-21/pdblend-optimization/profile-v2-parallel/raw.json,63df6c50e9d2fd4581db6abb289a202046365ddf0eb415df38a0790cb5efef79,pair-01/samples/d-900-1024-4-r1.json,3e5c4791f7d854cfb2ff404c6a864fe0febc51b55a5a5cdc73a57685ae96de8e,
aea278714709db5a65c4d89e,,Qwen2.5-7B-Instruct,1,,decode,900,4,,1211.625,,unspecified,2,,,,0.02645711545591001,179.5886,,,raw_pruned,False,1210c606499874a286056e7e1b6af84dc9e6d2ffc691d3aeb200596d6365c69c,sha256:0da4d3e4d430f404f59944ee32c33062882bbcbb95d465c522501a3a192994d9,,,/home/pdblend4/results/2026-09-21/pdblend-optimization/profile-v2-parallel/raw.json,63df6c50e9d2fd4581db6abb289a202046365ddf0eb415df38a0790cb5efef79,pair-01/samples/d-900-1024-4-r2.json,af3a7c405fb309edc16cae73ee885c252eb5da22df5c533421964e2edcc26094,
7ce96795b175c47ebbe29d80,,Qwen2.5-7B-Instruct,1,,decode,900,8,,1205.625,,unspecified,0,,,,0.027323266847537515,182.89376000000001,,,raw_pruned,False,1210c606499874a286056e7e1b6af84dc9e6d2ffc691d3aeb200596d6365c69c,sha256:0da4d3e4d430f404f59944ee32c33062882bbcbb95d465c522501a3a192994d9,,,/home/pdblend4/results/2026-09-21/pdblend-optimization/profile-v2-parallel/raw.json,63df6c50e9d2fd4581db6abb289a202046365ddf0eb415df38a0790cb5efef79,pair-01/samples/d-900-1024-8-r0.json,5c02d836c05b435b1684af74c5e95c0c9c18b829b9545ce8f5e3dc0e535a3d27,
8d4ac7095c6a5c584b7c41da,,Qwen2.5-7B-Instruct,1,,decode,900,8,,1205.75,,unspecified,1,,,,0.027327289998205634,181.9955,,,raw_pruned,False,1210c606499874a286056e7e1b6af84dc9e6d2ffc691d3aeb200596d6365c69c,sha256:0da4d3e4d430f404f59944ee32c33062882bbcbb95d465c522501a3a192994d9,,,/home/pdblend4/results/2026-09-21/pdblend-optimization/profile-v2-parallel/raw.json,63df6c50e9d2fd4581db6abb289a202046365ddf0eb415df38a0790cb5efef79,pair-01/samples/d-900-1024-8-r1.json,67577bbf2e566c1b9f7eed64b5821ef6cf606f19dea54528013ff496047e87b1,
9d0926d7019db3a83df91723,,Qwen2.5-7B-Instruct,1,,decode,900,8,,1205.625,,unspecified,2,,,,0.027324379467573323,181.93851999999998,,,raw_pruned,False,1210c606499874a286056e7e1b6af84dc9e6d2ffc691d3aeb200596d6365c69c,sha256:0da4d3e4d430f404f59944ee32c33062882bbcbb95d465c522501a3a192994d9,,,/home/pdblend4/results/2026-09-21/pdblend-optimization/profile-v2-parallel/raw.json,63df6c50e9d2fd4581db6abb289a202046365ddf0eb415df38a0790cb5efef79,pair-01/samples/d-900-1024-8-r2.json,50f63435bae36b4d5f4b1c5b41f62d23544a035ede7206f97b2379f858053a4a,
a85bf4ca111b460687755886,,Qwen2.5-7B-Instruct,1,,decode,900,16,,1198.0625,,unspecified,0,,,,0.028904581345574703,187.39736000000002,,,raw_pruned,False,1210c606499874a286056e7e1b6af84dc9e6d2ffc691d3aeb200596d6365c69c,sha256:0da4d3e4d430f404f59944ee32c33062882bbcbb95d465c522501a3a192994d9,,,/home/pdblend4/results/2026-09-21/pdblend-optimization/profile-v2-parallel/raw.json,63df6c50e9d2fd4581db6abb289a202046365ddf0eb415df38a0790cb5efef79,pair-01/samples/d-900-1024-16-r0.json,527cb024bc8ece3b21c41cb57dfa28972bae1714cd57399575ca8841e6e665a5,
93c2a651033f005ab18a54fa,,Qwen2.5-7B-Instruct,1,,decode,900,16,,1198.6875,,unspecified,1,,,,0.028737099691369068,187.68587,,,raw_pruned,False,1210c606499874a286056e7e1b6af84dc9e6d2ffc691d3aeb200596d6365c69c,sha256:0da4d3e4d430f404f59944ee32c33062882bbcbb95d465c522501a3a192994d9,,,/home/pdblend4/results/2026-09-21/pdblend-optimization/profile-v2-parallel/raw.json,63df6c50e9d2fd4581db6abb289a202046365ddf0eb415df38a0790cb5efef79,pair-01/samples/d-900-1024-16-r1.json,408992ff3d464c8f8c4cf571d3e092a8c7fa94582840c3bbd1130bec27c2649b,
e82e9826e0ec8517e3672224,,Qwen2.5-7B-Instruct,1,,decode,900,16,,1198.5625,,unspecified,2,,,,0.028738826170734977,187.45547,,,raw_pruned,False,1210c606499874a286056e7e1b6af84dc9e6d2ffc691d3aeb200596d6365c69c,sha256:0da4d3e4d430f404f59944ee32c33062882bbcbb95d465c522501a3a192994d9,,,/home/pdblend4/results/2026-09-21/pdblend-optimization/profile-v2-parallel/raw.json,63df6c50e9d2fd4581db6abb289a202046365ddf0eb415df38a0790cb5efef79,pair-01/samples/d-900-1024-16-r2.json,f097947368ae9620411aa22ef73b9265ddbf78617de40ca96fef55cb239c8827,
862efdce7df002005dfac055,,Qwen2.5-7B-Instruct,1,,decode,900,32,,1176.53125,,unspecified,0,,,,0.03379411471856607,193.85318999999998,,,raw_pruned,False,1210c606499874a286056e7e1b6af84dc9e6d2ffc691d3aeb200596d6365c69c,sha256:0da4d3e4d430f404f59944ee32c33062882bbcbb95d465c522501a3a192994d9,,,/home/pdblend4/results/2026-09-21/pdblend-optimization/profile-v2-parallel/raw.json,63df6c50e9d2fd4581db6abb289a202046365ddf0eb415df38a0790cb5efef79,pair-01/samples/d-900-1024-32-r0.json,7b55a885073599f51c59453dc7a06a8001b3764d8d724be01a6588f35881471b,
8bee373711a89d64d82be1a9,,Qwen2.5-7B-Instruct,1,,decode,900,32,,1176.65625,,unspecified,1,,,,0.0337850580344329,193.30625,,,raw_pruned,False,1210c606499874a286056e7e1b6af84dc9e6d2ffc691d3aeb200596d6365c69c,sha256:0da4d3e4d430f404f59944ee32c33062882bbcbb95d465c522501a3a192994d9,,,/home/pdblend4/results/2026-09-21/pdblend-optimization/profile-v2-parallel/raw.json,63df6c50e9d2fd4581db6abb289a202046365ddf0eb415df38a0790cb5efef79,pair-01/samples/d-900-1024-32-r1.json,419ae17cdd3ad4eae2ab9a3b7e0f8196dfbccbf72466f813fc015f0fbd598bfb,
f77745ad8e643298a94812a5,,Qwen2.5-7B-Instruct,1,,decode,900,32,,1176.53125,,unspecified,2,,,,0.03378768063880302,193.54008000000002,,,raw_pruned,False,1210c606499874a286056e7e1b6af84dc9e6d2ffc691d3aeb200596d6365c69c,sha256:0da4d3e4d430f404f59944ee32c33062882bbcbb95d465c522501a3a192994d9,,,/home/pdblend4/results/2026-09-21/pdblend-optimization/profile-v2-parallel/raw.json,63df6c50e9d2fd4581db6abb289a202046365ddf0eb415df38a0790cb5efef79,pair-01/samples/d-900-1024-32-r2.json,2359e4eb7a389ee015dc974a699343bda78fa25d59995e1a7a9e57c9e1e21bb6,
ee7f35fb14f1cc5bbe2588e1,,Qwen2.5-7B-Instruct,1,,decode,900,64,,1161.015625,,unspecified,0,,,,0.03876319227292556,203.08728,,,raw_pruned,False,1210c606499874a286056e7e1b6af84dc9e6d2ffc691d3aeb200596d6365c69c,sha256:0da4d3e4d430f404f59944ee32c33062882bbcbb95d465c522501a3a192994d9,,,/home/pdblend4/results/2026-09-21/pdblend-optimization/profile-v2-parallel/raw.json,63df6c50e9d2fd4581db6abb289a202046365ddf0eb415df38a0790cb5efef79,pair-01/samples/d-900-1024-64-r0.json,913e57522889884af4d430e53e67797aa27d2a11e33a63cffcd8bf646ac6410f,
523eaff30a9b670b8e350730,,Qwen2.5-7B-Instruct,1,,decode,900,64,,1160.5234375,,unspecified,1,,,,0.039063723757863045,201.95418,,,raw_pruned,False,1210c606499874a286056e7e1b6af84dc9e6d2ffc691d3aeb200596d6365c69c,sha256:0da4d3e4d430f404f59944ee32c33062882bbcbb95d465c522501a3a192994d9,,,/home/pdblend4/results/2026-09-21/pdblend-optimization/profile-v2-parallel/raw.json,63df6c50e9d2fd4581db6abb289a202046365ddf0eb415df38a0790cb5efef79,pair-01/samples/d-900-1024-64-r1.json,2fe2dc8bc79c69fb3dddafe3c8dca21f9bc9a06aeb91bcb8b7f8ccd242c850fa,
eef6c483869035f63ab256bc,,Qwen2.5-7B-Instruct,1,,decode,900,64,,1160.515625,,unspecified,2,,,,0.039070745930075645,201.77725999999998,,,raw_pruned,False,1210c606499874a286056e7e1b6af84dc9e6d2ffc691d3aeb200596d6365c69c,sha256:0da4d3e4d430f404f59944ee32c33062882bbcbb95d465c522501a3a192994d9,,,/home/pdblend4/results/2026-09-21/pdblend-optimization/profile-v2-parallel/raw.json,63df6c50e9d2fd4581db6abb289a202046365ddf0eb415df38a0790cb5efef79,pair-01/samples/d-900-1024-64-r2.json,1f09238e9d72c62b5e24790f92900a4d1cf85058ffeb890756ea06f57a727a1e,
98784c45ba2bdfcc649c5794,,Qwen2.5-7B-Instruct,1,,decode,900,128,,1112.0078125,,unspecified,0,,,,0.07045906698200065,194.93946,,,raw_pruned,False,1210c606499874a286056e7e1b6af84dc9e6d2ffc691d3aeb200596d6365c69c,sha256:0da4d3e4d430f404f59944ee32c33062882bbcbb95d465c522501a3a192994d9,,,/home/pdblend4/results/2026-09-21/pdblend-optimization/profile-v2-parallel/raw.json,63df6c50e9d2fd4581db6abb289a202046365ddf0eb415df38a0790cb5efef79,pair-01/samples/d-900-1024-128-r0.json,d9f38516565b5c0406b18f1efbc0173bd79bbfb04da6ccf7481ed5aff1e11baa,
6424d2922c967ed3f1cc9900,,Qwen2.5-7B-Instruct,1,,decode,900,128,,1112.0078125,,unspecified,1,,,,0.07043364350224884,195.38825,,,raw_pruned,False,1210c606499874a286056e7e1b6af84dc9e6d2ffc691d3aeb200596d6365c69c,sha256:0da4d3e4d430f404f59944ee32c33062882bbcbb95d465c522501a3a192994d9,,,/home/pdblend4/results/2026-09-21/pdblend-optimization/profile-v2-parallel/raw.json,63df6c50e9d2fd4581db6abb289a202046365ddf0eb415df38a0790cb5efef79,pair-01/samples/d-900-1024-128-r1.json,6acff7c4d2b4b973bda2ca9db0d95e9504779cb5feb7af840da679bcead747be,
e455b3c26a09744c5ed465c5,,Qwen2.5-7B-Instruct,1,,decode,900,128,,1112.0078125,,unspecified,2,,,,0.07043989611343598,195.75992,,,raw_pruned,False,1210c606499874a286056e7e1b6af84dc9e6d2ffc691d3aeb200596d6365c69c,sha256:0da4d3e4d430f404f59944ee32c33062882bbcbb95d465c522501a3a192994d9,,,/home/pdblend4/results/2026-09-21/pdblend-optimization/profile-v2-parallel/raw.json,63df6c50e9d2fd4581db6abb289a202046365ddf0eb415df38a0790cb5efef79,pair-01/samples/d-900-1024-128-r2.json,5d5a11b71fe53cf398a56bd34b6dc4b481e8694a3c7f1c5687e60a9086d9e993,
7a59666e7d653544e702aa86,,Qwen2.5-7B-Instruct,1,,decode,900,256,,1089.390625,,unspecified,0,,,,0.13890286948945788,184.33164,,,raw_pruned,False,1210c606499874a286056e7e1b6af84dc9e6d2ffc691d3aeb200596d6365c69c,sha256:0da4d3e4d430f404f59944ee32c33062882bbcbb95d465c522501a3a192994d9,,,/home/pdblend4/results/2026-09-21/pdblend-optimization/profile-v2-parallel/raw.json,63df6c50e9d2fd4581db6abb289a202046365ddf0eb415df38a0790cb5efef79,pair-01/samples/d-900-1024-256-r0.json,4f7870a7bef59b1f8b339741f4c9bc1f7139f177e72c8d78d229fc7f02053777,
530340c9f10db460d5b8a24e,,Qwen2.5-7B-Instruct,1,,decode,900,256,,1089.390625,,unspecified,1,,,,0.13890212774276733,184.70686,,,raw_pruned,False,1210c606499874a286056e7e1b6af84dc9e6d2ffc691d3aeb200596d6365c69c,sha256:0da4d3e4d430f404f59944ee32c33062882bbcbb95d465c522501a3a192994d9,,,/home/pdblend4/results/2026-09-21/pdblend-optimization/profile-v2-parallel/raw.json,63df6c50e9d2fd4581db6abb289a202046365ddf0eb415df38a0790cb5efef79,pair-01/samples/d-900-1024-256-r1.json,af9d60384330454fd1fd3081de9efd9fab6ee05674bb0655d148a33ae0136174,
0595a707007199effd609597,,Qwen2.5-7B-Instruct,1,,decode,900,256,,1089.390625,,unspecified,2,,,,0.1389059689309862,185.01608,,,raw_pruned,False,1210c606499874a286056e7e1b6af84dc9e6d2ffc691d3aeb200596d6365c69c,sha256:0da4d3e4d430f404f59944ee32c33062882bbcbb95d465c522501a3a192994d9,,,/home/pdblend4/results/2026-09-21/pdblend-optimization/profile-v2-parallel/raw.json,63df6c50e9d2fd4581db6abb289a202046365ddf0eb415df38a0790cb5efef79,pair-01/samples/d-900-1024-256-r2.json,89f7eb895c9672339f1da36bcd20e54ba4926b91478b9567af79f7e5479120c4,
0e4d46cde1b4d7722a31f834,,Qwen2.5-7B-Instruct,1,,decode,900,1,,4309.5,,unspecified,0,,,,0.022831551016193545,198.43498,,,raw_pruned,False,1210c606499874a286056e7e1b6af84dc9e6d2ffc691d3aeb200596d6365c69c,sha256:0da4d3e4d430f404f59944ee32c33062882bbcbb95d465c522501a3a192994d9,,,/home/pdblend4/results/2026-09-21/pdblend-optimization/profile-v2-parallel/raw.json,63df6c50e9d2fd4581db6abb289a202046365ddf0eb415df38a0790cb5efef79,pair-01/samples/d-900-4096-1-r0.json,28d21478360419d8dca81da3874564e58e89e3d14870f04bad9f92a778aad7e7,
18051459d49262503b856704,,Qwen2.5-7B-Instruct,1,,decode,900,1,,4309.5,,unspecified,1,,,,0.02283480069408678,198.62349999999998,,,raw_pruned,False,1210c606499874a286056e7e1b6af84dc9e6d2ffc691d3aeb200596d6365c69c,sha256:0da4d3e4d430f404f59944ee32c33062882bbcbb95d465c522501a3a192994d9,,,/home/pdblend4/results/2026-09-21/pdblend-optimization/profile-v2-parallel/raw.json,63df6c50e9d2fd4581db6abb289a202046365ddf0eb415df38a0790cb5efef79,pair-01/samples/d-900-4096-1-r1.json,1ca8bf87f3ba7e98c6865f670d9bfa45dad27a535f875570e6bcbce7300da55b,
b7aab6f3ca889a270289a410,,Qwen2.5-7B-Instruct,1,,decode,900,1,,4309.5,,unspecified,2,,,,0.022835609575384826,199.08282,,,raw_pruned,False,1210c606499874a286056e7e1b6af84dc9e6d2ffc691d3aeb200596d6365c69c,sha256:0da4d3e4d430f404f59944ee32c33062882bbcbb95d465c522501a3a192994d9,,,/home/pdblend4/results/2026-09-21/pdblend-optimization/profile-v2-parallel/raw.json,63df6c50e9d2fd4581db6abb289a202046365ddf0eb415df38a0790cb5efef79,pair-01/samples/d-900-4096-1-r2.json,8679d8a203c28e490938140d600c7261f87cec795a5735f38f5fb4b8b72cb742,
cb5ac048acafe7e2c46879c1,,Qwen2.5-7B-Instruct,1,,decode,900,4,,4274.25,,unspecified,0,,,,0.028409746560183437,179.75874,,,raw_pruned,False,1210c606499874a286056e7e1b6af84dc9e6d2ffc691d3aeb200596d6365c69c,sha256:0da4d3e4d430f404f59944ee32c33062882bbcbb95d465c522501a3a192994d9,,,/home/pdblend4/results/2026-09-21/pdblend-optimization/profile-v2-parallel/raw.json,63df6c50e9d2fd4581db6abb289a202046365ddf0eb415df38a0790cb5efef79,pair-01/samples/d-900-4096-4-r0.json,161abe067d39e3abc31379b17c531bd8c792617ab000a6434531f309a63b62d9,
5e828be49b53805b78c46658,,Qwen2.5-7B-Instruct,1,,decode,900,4,,4273.25,,unspecified,1,,,,0.028252174625288968,179.90436000000003,,,raw_pruned,False,1210c606499874a286056e7e1b6af84dc9e6d2ffc691d3aeb200596d6365c69c,sha256:0da4d3e4d430f404f59944ee32c33062882bbcbb95d465c522501a3a192994d9,,,/home/pdblend4/results/2026-09-21/pdblend-optimization/profile-v2-parallel/raw.json,63df6c50e9d2fd4581db6abb289a202046365ddf0eb415df38a0790cb5efef79,pair-01/samples/d-900-4096-4-r1.json,3b7ed8a114ceaaa6a4bf1b1d8776b4a6af85f10a3a8ae4d0d4fc577b6b7fb7f8,
d9a53138fc27d39f4ae5b075,,Qwen2.5-7B-Instruct,1,,decode,900,4,,4274.25,,unspecified,2,,,,0.02840965444391424,179.63214,,,raw_pruned,False,1210c606499874a286056e7e1b6af84dc9e6d2ffc691d3aeb200596d6365c69c,sha256:0da4d3e4d430f404f59944ee32c33062882bbcbb95d465c522501a3a192994d9,,,/home/pdblend4/results/2026-09-21/pdblend-optimization/profile-v2-parallel/raw.json,63df6c50e9d2fd4581db6abb289a202046365ddf0eb415df38a0790cb5efef79,pair-01/samples/d-900-4096-4-r2.json,b4f73c377ab178889f55d5ebaa4f4b5b8850a0068b1ed3807941753469af478f,
4f0a947618cf07e733764c3d,,Qwen2.5-7B-Instruct,1,,decode,900,8,,4262.625,,unspecified,0,,,,0.030494085172327552,183.68829000000002,,,raw_pruned,False,1210c606499874a286056e7e1b6af84dc9e6d2ffc691d3aeb200596d6365c69c,sha256:0da4d3e4d430f404f59944ee32c33062882bbcbb95d465c522501a3a192994d9,,,/home/pdblend4/results/2026-09-21/pdblend-optimization/profile-v2-parallel/raw.json,63df6c50e9d2fd4581db6abb289a202046365ddf0eb415df38a0790cb5efef79,pair-01/samples/d-900-4096-8-r0.json,e4d572b08bbf40104e2e4fa0ff21f4970ce15a5d58ff55c089376f2a8beb5f48,
03537d549b845dfb1138c5bc,,Qwen2.5-7B-Instruct,1,,decode,900,8,,4262.625,,unspecified,1,,,,0.030493268152562585,183.4147,,,raw_pruned,False,1210c606499874a286056e7e1b6af84dc9e6d2ffc691d3aeb200596d6365c69c,sha256:0da4d3e4d430f404f59944ee32c33062882bbcbb95d465c522501a3a192994d9,,,/home/pdblend4/results/2026-09-21/pdblend-optimization/profile-v2-parallel/raw.json,63df6c50e9d2fd4581db6abb289a202046365ddf0eb415df38a0790cb5efef79,pair-01/samples/d-900-4096-8-r1.json,b131821346f67fe1ba97179a98c29641ef6b14fbaaa7be93f4ec1ce379339dd7,
9dbec4599f0077fcd1309ef1,,Qwen2.5-7B-Instruct,1,,decode,900,8,,4262.125,,unspecified,2,,,,0.030304928981896604,183.41209999999998,,,raw_pruned,False,1210c606499874a286056e7e1b6af84dc9e6d2ffc691d3aeb200596d6365c69c,sha256:0da4d3e4d430f404f59944ee32c33062882bbcbb95d465c522501a3a192994d9,,,/home/pdblend4/results/2026-09-21/pdblend-optimization/profile-v2-parallel/raw.json,63df6c50e9d2fd4581db6abb289a202046365ddf0eb415df38a0790cb5efef79,pair-01/samples/d-900-4096-8-r2.json,a5b9a9dfa044b5bfb954e17cd82a68947105896b2c5c7a2879537669adcbce8f,
d88e943773672f493a76ec0f,,Qwen2.5-7B-Instruct,1,,decode,900,16,,4246.5625,,unspecified,0,,,,0.034724808401531644,188.90462,,,raw_pruned,False,1210c606499874a286056e7e1b6af84dc9e6d2ffc691d3aeb200596d6365c69c,sha256:0da4d3e4d430f404f59944ee32c33062882bbcbb95d465c522501a3a192994d9,,,/home/pdblend4/results/2026-09-21/pdblend-optimization/profile-v2-parallel/raw.json,63df6c50e9d2fd4581db6abb289a202046365ddf0eb415df38a0790cb5efef79,pair-01/samples/d-900-4096-16-r0.json,f094ade5f90491373533243d48066322e182ed214c0c4cca66eebe934c3a5d05,
1b11c1a4be10350aa20921e8,,Qwen2.5-7B-Instruct,1,,decode,900,16,,4239.5625,,unspecified,1,,,,0.038465039546673116,176.55398000000002,,,raw_pruned,False,1210c606499874a286056e7e1b6af84dc9e6d2ffc691d3aeb200596d6365c69c,sha256:0da4d3e4d430f404f59944ee32c33062882bbcbb95d465c522501a3a192994d9,,,/home/pdblend4/results/2026-09-21/pdblend-optimization/profile-v2-parallel/raw.json,63df6c50e9d2fd4581db6abb289a202046365ddf0eb415df38a0790cb5efef79,pair-01/samples/d-900-4096-16-r1.json,b16cd65258377d9f70f64d8d3e8d2b33023aac3f5359f9b9fc97dfaaca57ae8b,
70610f4138cf87c76218deca,,Qwen2.5-7B-Instruct,1,,decode,900,16,,4246.5625,,unspecified,2,,,,0.03472610976960924,188.96687999999997,,,raw_pruned,False,1210c606499874a286056e7e1b6af84dc9e6d2ffc691d3aeb200596d6365c69c,sha256:0da4d3e4d430f404f59944ee32c33062882bbcbb95d465c522501a3a192994d9,,,/home/pdblend4/results/2026-09-21/pdblend-optimization/profile-v2-parallel/raw.json,63df6c50e9d2fd4581db6abb289a202046365ddf0eb415df38a0790cb5efef79,pair-01/samples/d-900-4096-16-r2.json,19af80dfe50bae5675526cfc71fe075394600b199a215d74c5b3807a9936be64,
60689cea1b84beade01ea883,,Qwen2.5-7B-Instruct,1,,decode,900,32,,4220.03125,,unspecified,0,,,,0.045050567334836665,195.01694,,,raw_pruned,False,1210c606499874a286056e7e1b6af84dc9e6d2ffc691d3aeb200596d6365c69c,sha256:0da4d3e4d430f404f59944ee32c33062882bbcbb95d465c522501a3a192994d9,,,/home/pdblend4/results/2026-09-21/pdblend-optimization/profile-v2-parallel/raw.json,63df6c50e9d2fd4581db6abb289a202046365ddf0eb415df38a0790cb5efef79,pair-01/samples/d-900-4096-32-r0.json,4df4b01d174dfb4f1117ca6bb3b5c55c95c6fcb949641f24c3e127104a943d29,
e00b1b33877622a161f8d381,,Qwen2.5-7B-Instruct,1,,decode,900,32,,4220.03125,,unspecified,1,,,,0.04506298228427096,194.43241,,,raw_pruned,False,1210c606499874a286056e7e1b6af84dc9e6d2ffc691d3aeb200596d6365c69c,sha256:0da4d3e4d430f404f59944ee32c33062882bbcbb95d465c522501a3a192994d9,,,/home/pdblend4/results/2026-09-21/pdblend-optimization/profile-v2-parallel/raw.json,63df6c50e9d2fd4581db6abb289a202046365ddf0eb415df38a0790cb5efef79,pair-01/samples/d-900-4096-32-r1.json,ffe3fb0b8212e211722b88eedf6d4fcc0062d9824bafc36003fe5436ede17ad9,
af5259012566be0f06ca10c5,,Qwen2.5-7B-Instruct,1,,decode,900,32,,4220.03125,,unspecified,2,,,,0.045046015902682465,193.46595000000002,,,raw_pruned,False,1210c606499874a286056e7e1b6af84dc9e6d2ffc691d3aeb200596d6365c69c,sha256:0da4d3e4d430f404f59944ee32c33062882bbcbb95d465c522501a3a192994d9,,,/home/pdblend4/results/2026-09-21/pdblend-optimization/profile-v2-parallel/raw.json,63df6c50e9d2fd4581db6abb289a202046365ddf0eb415df38a0790cb5efef79,pair-01/samples/d-900-4096-32-r2.json,f2099e80c5b757bfb2bedfe06fed83fdbd00ae97b1b6c8b99336229c4b53e444,
014e431a5190f37131eca998,,Qwen2.5-7B-Instruct,1,,decode,900,64,,4201.015625,,unspecified,0,,,,0.06174740084895381,199.29391999999999,,,raw_pruned,False,1210c606499874a286056e7e1b6af84dc9e6d2ffc691d3aeb200596d6365c69c,sha256:0da4d3e4d430f404f59944ee32c33062882bbcbb95d465c522501a3a192994d9,,,/home/pdblend4/results/2026-09-21/pdblend-optimization/profile-v2-parallel/raw.json,63df6c50e9d2fd4581db6abb289a202046365ddf0eb415df38a0790cb5efef79,pair-01/samples/d-900-4096-64-r0.json,3b406f9e0d59983f7b108d55d83e2ec04d88b07e99b85f07145e782130769486,
256bf40265c5440a685595e7,,Qwen2.5-7B-Instruct,1,,decode,900,64,,4201.515625,,unspecified,1,,,,0.06174919634689519,199.66305,,,raw_pruned,False,1210c606499874a286056e7e1b6af84dc9e6d2ffc691d3aeb200596d6365c69c,sha256:0da4d3e4d430f404f59944ee32c33062882bbcbb95d465c522501a3a192994d9,,,/home/pdblend4/results/2026-09-21/pdblend-optimization/profile-v2-parallel/raw.json,63df6c50e9d2fd4581db6abb289a202046365ddf0eb415df38a0790cb5efef79,pair-01/samples/d-900-4096-64-r1.json,e9fccc03a8de342aff3734acf787a2b17eea0acafcdc7c36cda5cecf46eb48c5,
dd321dd35b26b6d631116474,,Qwen2.5-7B-Instruct,1,,decode,900,64,,4201.515625,,unspecified,2,,,,0.06173445560314037,198.68738000000002,,,raw_pruned,False,1210c606499874a286056e7e1b6af84dc9e6d2ffc691d3aeb200596d6365c69c,sha256:0da4d3e4d430f404f59944ee32c33062882bbcbb95d465c522501a3a192994d9,,,/home/pdblend4/results/2026-09-21/pdblend-optimization/profile-v2-parallel/raw.json,63df6c50e9d2fd4581db6abb289a202046365ddf0eb415df38a0790cb5efef79,pair-01/samples/d-900-4096-64-r2.json,cef86e3bee7ca58e12f6a4b6bbabc7c0de0669eb2aa464ff1b7657dfebdd5c8a,
1838b347b80c93ba50ae8c6c,,Qwen2.5-7B-Instruct,1,,decode,1200,1,,484.0,,unspecified,0,,,,0.021369868873530984,207.63904,,,raw_pruned,False,1210c606499874a286056e7e1b6af84dc9e6d2ffc691d3aeb200596d6365c69c,sha256:0da4d3e4d430f404f59944ee32c33062882bbcbb95d465c522501a3a192994d9,,,/home/pdblend4/results/2026-09-21/pdblend-optimization/profile-v2-parallel/raw.json,63df6c50e9d2fd4581db6abb289a202046365ddf0eb415df38a0790cb5efef79,pair-01/samples/d-1200-256-1-r0.json,740986a2628f7d48f1aaa5f46624e7ab875008c8e218609c89ab5662879cde3b,
a04850f8f52790f9f246a333,,Qwen2.5-7B-Instruct,1,,decode,1200,1,,484.0,,unspecified,1,,,,0.02137015823625092,207.9349898989899,,,raw_pruned,False,1210c606499874a286056e7e1b6af84dc9e6d2ffc691d3aeb200596d6365c69c,sha256:0da4d3e4d430f404f59944ee32c33062882bbcbb95d465c522501a3a192994d9,,,/home/pdblend4/results/2026-09-21/pdblend-optimization/profile-v2-parallel/raw.json,63df6c50e9d2fd4581db6abb289a202046365ddf0eb415df38a0790cb5efef79,pair-01/samples/d-1200-256-1-r1.json,bfb4e3e4223e8d24c5e8e18200884de76efe79c6991c90f4c4cb34ee9337d08c,
901ef24ada8f0d0a6dfd2e75,,Qwen2.5-7B-Instruct,1,,decode,1200,1,,484.0,,unspecified,2,,,,0.02137155104906131,208.25065999999998,,,raw_pruned,False,1210c606499874a286056e7e1b6af84dc9e6d2ffc691d3aeb200596d6365c69c,sha256:0da4d3e4d430f404f59944ee32c33062882bbcbb95d465c522501a3a192994d9,,,/home/pdblend4/results/2026-09-21/pdblend-optimization/profile-v2-parallel/raw.json,63df6c50e9d2fd4581db6abb289a202046365ddf0eb415df38a0790cb5efef79,pair-01/samples/d-1200-256-1-r2.json,179a2ce836261f9c081b683b27f397c59f2bb34f86c8ae275625199862b30ed2,
36b53a7ee51caa1e567a4730,,Qwen2.5-7B-Instruct,1,,decode,1200,4,,463.25,,unspecified,0,,,,0.02358792637878994,191.83204,,,raw_pruned,False,1210c606499874a286056e7e1b6af84dc9e6d2ffc691d3aeb200596d6365c69c,sha256:0da4d3e4d430f404f59944ee32c33062882bbcbb95d465c522501a3a192994d9,,,/home/pdblend4/results/2026-09-21/pdblend-optimization/profile-v2-parallel/raw.json,63df6c50e9d2fd4581db6abb289a202046365ddf0eb415df38a0790cb5efef79,pair-01/samples/d-1200-256-4-r0.json,f1855e40f1b92fae331fbcdcfbfd3f3067110280d8dc0fcb998fe96746a21177,
c2590b46e2a5cbe515868dc0,,Qwen2.5-7B-Instruct,1,,decode,1200,4,,463.25,,unspecified,1,,,,0.023589629047321824,191.80371,,,raw_pruned,False,1210c606499874a286056e7e1b6af84dc9e6d2ffc691d3aeb200596d6365c69c,sha256:0da4d3e4d430f404f59944ee32c33062882bbcbb95d465c522501a3a192994d9,,,/home/pdblend4/results/2026-09-21/pdblend-optimization/profile-v2-parallel/raw.json,63df6c50e9d2fd4581db6abb289a202046365ddf0eb415df38a0790cb5efef79,pair-01/samples/d-1200-256-4-r1.json,ee1a097912d0fcaa2ebdf8049824004f3be0ad1b9a9e14718f76513776683942,
2ff12052fcd2ba182d3c7d9b,,Qwen2.5-7B-Instruct,1,,decode,1200,4,,463.25,,unspecified,2,,,,0.023586378907257656,192.03310101010098,,,raw_pruned,False,1210c606499874a286056e7e1b6af84dc9e6d2ffc691d3aeb200596d6365c69c,sha256:0da4d3e4d430f404f59944ee32c33062882bbcbb95d465c522501a3a192994d9,,,/home/pdblend4/results/2026-09-21/pdblend-optimization/profile-v2-parallel/raw.json,63df6c50e9d2fd4581db6abb289a202046365ddf0eb415df38a0790cb5efef79,pair-01/samples/d-1200-256-4-r2.json,0ab54532c8823bfde5c06d6efab8ac710b01f21106165424c14724adfcce40ba,
0f9ae0c0cef9f641901b2db7,,Qwen2.5-7B-Instruct,1,,decode,1200,8,,458.125,,unspecified,0,,,,0.02427529478536069,194.55566,,,raw_pruned,False,1210c606499874a286056e7e1b6af84dc9e6d2ffc691d3aeb200596d6365c69c,sha256:0da4d3e4d430f404f59944ee32c33062882bbcbb95d465c522501a3a192994d9,,,/home/pdblend4/results/2026-09-21/pdblend-optimization/profile-v2-parallel/raw.json,63df6c50e9d2fd4581db6abb289a202046365ddf0eb415df38a0790cb5efef79,pair-01/samples/d-1200-256-8-r0.json,6158fe27e0a68ee6d5d57ba5f1c95a067b065c3e0c869110e7b5c2ff466d2756,
5907af8d08f0b04cc9930474,,Qwen2.5-7B-Instruct,1,,decode,1200,8,,458.75,,unspecified,1,,,,0.024159201101404456,194.92404,,,raw_pruned,False,1210c606499874a286056e7e1b6af84dc9e6d2ffc691d3aeb200596d6365c69c,sha256:0da4d3e4d430f404f59944ee32c33062882bbcbb95d465c522501a3a192994d9,,,/home/pdblend4/results/2026-09-21/pdblend-optimization/profile-v2-parallel/raw.json,63df6c50e9d2fd4581db6abb289a202046365ddf0eb415df38a0790cb5efef79,pair-01/samples/d-1200-256-8-r1.json,41c088604b1ad8a686250b3c2253d723275d226a021894f7cd79df398bb52f73,
cb154b86f60898145c7c8a91,,Qwen2.5-7B-Instruct,1,,decode,1200,8,,458.8125,,unspecified,2,,,,0.024157923776746373,194.78677,,,raw_pruned,False,1210c606499874a286056e7e1b6af84dc9e6d2ffc691d3aeb200596d6365c69c,sha256:0da4d3e4d430f404f59944ee32c33062882bbcbb95d465c522501a3a192994d9,,,/home/pdblend4/results/2026-09-21/pdblend-optimization/profile-v2-parallel/raw.json,63df6c50e9d2fd4581db6abb289a202046365ddf0eb415df38a0790cb5efef79,pair-01/samples/d-1200-256-8-r2.json,31b370d8c187e61f778e7cad86ef6bf63c9931d0bb0907ad27d76c5e11857b3a,
ff3b03cde771decda0fc5df4,,Qwen2.5-7B-Instruct,1,,decode,1200,16,,455.5625,,unspecified,0,,,,0.024633394673540088,201.55808000000002,,,raw_pruned,False,1210c606499874a286056e7e1b6af84dc9e6d2ffc691d3aeb200596d6365c69c,sha256:0da4d3e4d430f404f59944ee32c33062882bbcbb95d465c522501a3a192994d9,,,/home/pdblend4/results/2026-09-21/pdblend-optimization/profile-v2-parallel/raw.json,63df6c50e9d2fd4581db6abb289a202046365ddf0eb415df38a0790cb5efef79,pair-01/samples/d-1200-256-16-r0.json,82e666b7ee272a04e93893601231a83f2c87d6889295796224129905e1e407c2,
3c36991c32cebbe23886fab2,,Qwen2.5-7B-Instruct,1,,decode,1200,16,,455.0625,,unspecified,1,,,,0.024756333615520213,201.84377,,,raw_pruned,False,1210c606499874a286056e7e1b6af84dc9e6d2ffc691d3aeb200596d6365c69c,sha256:0da4d3e4d430f404f59944ee32c33062882bbcbb95d465c522501a3a192994d9,,,/home/pdblend4/results/2026-09-21/pdblend-optimization/profile-v2-parallel/raw.json,63df6c50e9d2fd4581db6abb289a202046365ddf0eb415df38a0790cb5efef79,pair-01/samples/d-1200-256-16-r1.json,acdc273435bda0f7241014aaad7f00d333deda94ea51cc957570ecd99c44b060,
56bb7a221e1c43c956744f61,,Qwen2.5-7B-Instruct,1,,decode,1200,16,,455.0625,,unspecified,2,,,,0.02475606096853124,202.09261999999998,,,raw_pruned,False,1210c606499874a286056e7e1b6af84dc9e6d2ffc691d3aeb200596d6365c69c,sha256:0da4d3e4d430f404f59944ee32c33062882bbcbb95d465c522501a3a192994d9,,,/home/pdblend4/results/2026-09-21/pdblend-optimization/profile-v2-parallel/raw.json,63df6c50e9d2fd4581db6abb289a202046365ddf0eb415df38a0790cb5efef79,pair-01/samples/d-1200-256-16-r2.json,710bf3cae3dc554297960e6ec0e0ab87447ed2b314c99aad87953ac2e88a1904,
0ae8881dc959c75abd7d818f,,Qwen2.5-7B-Instruct,1,,decode,1200,32,,431.53125,,unspecified,0,,,,0.028577086584908623,206.61333,,,raw_pruned,False,1210c606499874a286056e7e1b6af84dc9e6d2ffc691d3aeb200596d6365c69c,sha256:0da4d3e4d430f404f59944ee32c33062882bbcbb95d465c522501a3a192994d9,,,/home/pdblend4/results/2026-09-21/pdblend-optimization/profile-v2-parallel/raw.json,63df6c50e9d2fd4581db6abb289a202046365ddf0eb415df38a0790cb5efef79,pair-01/samples/d-1200-256-32-r0.json,7402f8f0d4ab6e188d91d5ac8a3aa01571c9bc0a99fa51f3b48c34e20f284621,
0f0042c842286392c3442c39,,Qwen2.5-7B-Instruct,1,,decode,1200,32,,431.53125,,unspecified,1,,,,0.028572796412876675,206.47486,,,raw_pruned,False,1210c606499874a286056e7e1b6af84dc9e6d2ffc691d3aeb200596d6365c69c,sha256:0da4d3e4d430f404f59944ee32c33062882bbcbb95d465c522501a3a192994d9,,,/home/pdblend4/results/2026-09-21/pdblend-optimization/profile-v2-parallel/raw.json,63df6c50e9d2fd4581db6abb289a202046365ddf0eb415df38a0790cb5efef79,pair-01/samples/d-1200-256-32-r1.json,6bc3625c3bab7e7c5b35c3f0118756105899ac5030302e88a0f147f8c0f7773d,
554c7e961ff1081d54347374,,Qwen2.5-7B-Instruct,1,,decode,1200,32,,431.53125,,unspecified,2,,,,0.028574770518711635,206.41927272727276,,,raw_pruned,False,1210c606499874a286056e7e1b6af84dc9e6d2ffc691d3aeb200596d6365c69c,sha256:0da4d3e4d430f404f59944ee32c33062882bbcbb95d465c522501a3a192994d9,,,/home/pdblend4/results/2026-09-21/pdblend-optimization/profile-v2-parallel/raw.json,63df6c50e9d2fd4581db6abb289a202046365ddf0eb415df38a0790cb5efef79,pair-01/samples/d-1200-256-32-r2.json,a629aa233ef09572a5d7db41d96887b1ca23a7a62160203cfd2956024fb20be2,
37af135402bbc8b2671dae32,,Qwen2.5-7B-Instruct,1,,decode,1200,64,,421.015625,,unspecified,0,,,,0.030677324423760723,218.88120999999998,,,raw_pruned,False,1210c606499874a286056e7e1b6af84dc9e6d2ffc691d3aeb200596d6365c69c,sha256:0da4d3e4d430f404f59944ee32c33062882bbcbb95d465c522501a3a192994d9,,,/home/pdblend4/results/2026-09-21/pdblend-optimization/profile-v2-parallel/raw.json,63df6c50e9d2fd4581db6abb289a202046365ddf0eb415df38a0790cb5efef79,pair-01/samples/d-1200-256-64-r0.json,ddf254d5581da5df9f3facc30fe45e656a02d17d96875c5ad53f24913c91dc01,
e41e5d8af2ca416d864ccf5d,,Qwen2.5-7B-Instruct,1,,decode,1200,64,,421.015625,,unspecified,1,,,,0.030676869526962563,219.01798,,,raw_pruned,False,1210c606499874a286056e7e1b6af84dc9e6d2ffc691d3aeb200596d6365c69c,sha256:0da4d3e4d430f404f59944ee32c33062882bbcbb95d465c522501a3a192994d9,,,/home/pdblend4/results/2026-09-21/pdblend-optimization/profile-v2-parallel/raw.json,63df6c50e9d2fd4581db6abb289a202046365ddf0eb415df38a0790cb5efef79,pair-01/samples/d-1200-256-64-r1.json,3edad8be7c06c915e409bdba770f877484e3d1ddf6e269399014a67a21a4f56e,
1241a80351e97bb87e4d441f,,Qwen2.5-7B-Instruct,1,,decode,1200,64,,421.015625,,unspecified,2,,,,0.030681681779264672,219.23671717171717,,,raw_pruned,False,1210c606499874a286056e7e1b6af84dc9e6d2ffc691d3aeb200596d6365c69c,sha256:0da4d3e4d430f404f59944ee32c33062882bbcbb95d465c522501a3a192994d9,,,/home/pdblend4/results/2026-09-21/pdblend-optimization/profile-v2-parallel/raw.json,63df6c50e9d2fd4581db6abb289a202046365ddf0eb415df38a0790cb5efef79,pair-01/samples/d-1200-256-64-r2.json,1e7ba8264791caaf79f8fc0e5122e55bf941ae4a6a8699127c5708c61b26506b,
337ad265a4d4e50ee55ceac8,,Qwen2.5-7B-Instruct,1,,decode,1200,128,,371.5078125,,unspecified,0,,,,0.046304693928471315,228.30042,,,raw_pruned,False,1210c606499874a286056e7e1b6af84dc9e6d2ffc691d3aeb200596d6365c69c,sha256:0da4d3e4d430f404f59944ee32c33062882bbcbb95d465c522501a3a192994d9,,,/home/pdblend4/results/2026-09-21/pdblend-optimization/profile-v2-parallel/raw.json,63df6c50e9d2fd4581db6abb289a202046365ddf0eb415df38a0790cb5efef79,pair-01/samples/d-1200-256-128-r0.json,4774694a103c5289353ccad5139c9df7c4fed9a7e1255f69033a8f32213ae91f,
9d04d866a5eebcd8182e2ad2,,Qwen2.5-7B-Instruct,1,,decode,1200,128,,371.5078125,,unspecified,1,,,,0.046297545786257145,228.50112000000001,,,raw_pruned,False,1210c606499874a286056e7e1b6af84dc9e6d2ffc691d3aeb200596d6365c69c,sha256:0da4d3e4d430f404f59944ee32c33062882bbcbb95d465c522501a3a192994d9,,,/home/pdblend4/results/2026-09-21/pdblend-optimization/profile-v2-parallel/raw.json,63df6c50e9d2fd4581db6abb289a202046365ddf0eb415df38a0790cb5efef79,pair-01/samples/d-1200-256-128-r1.json,e79dc837d261472c591dd15ebdf2f9fa397a287957c02e8ec9dea0b9d21653eb,
e74a7944bb6c583c52d477f5,,Qwen2.5-7B-Instruct,1,,decode,1200,128,,371.5078125,,unspecified,2,,,,0.046304656399620905,229.0360404040404,,,raw_pruned,False,1210c606499874a286056e7e1b6af84dc9e6d2ffc691d3aeb200596d6365c69c,sha256:0da4d3e4d430f404f59944ee32c33062882bbcbb95d465c522501a3a192994d9,,,/home/pdblend4/results/2026-09-21/pdblend-optimization/profile-v2-parallel/raw.json,63df6c50e9d2fd4581db6abb289a202046365ddf0eb415df38a0790cb5efef79,pair-01/samples/d-1200-256-128-r2.json,68c010eb427586431503d3e0cf8621a06ac121b6761a009c46287203c38d54b2,
1e83636bf831a941fe061bda,,Qwen2.5-7B-Instruct,1,,decode,1200,256,,327.484375,,unspecified,0,,,,0.0892915768282754,215.47774,,,raw_pruned,False,1210c606499874a286056e7e1b6af84dc9e6d2ffc691d3aeb200596d6365c69c,sha256:0da4d3e4d430f404f59944ee32c33062882bbcbb95d465c522501a3a192994d9,,,/home/pdblend4/results/2026-09-21/pdblend-optimization/profile-v2-parallel/raw.json,63df6c50e9d2fd4581db6abb289a202046365ddf0eb415df38a0790cb5efef79,pair-01/samples/d-1200-256-256-r0.json,8f7234e8ab4feeabddc355cfa043bbc5960f8f6f9894dffaf152f383f7366da4,
0b602219f21e855d5fb0ff76,,Qwen2.5-7B-Instruct,1,,decode,1200,256,,327.4765625,,unspecified,1,,,,0.08929938077926636,216.32525,,,raw_pruned,False,1210c606499874a286056e7e1b6af84dc9e6d2ffc691d3aeb200596d6365c69c,sha256:0da4d3e4d430f404f59944ee32c33062882bbcbb95d465c522501a3a192994d9,,,/home/pdblend4/results/2026-09-21/pdblend-optimization/profile-v2-parallel/raw.json,63df6c50e9d2fd4581db6abb289a202046365ddf0eb415df38a0790cb5efef79,pair-01/samples/d-1200-256-256-r1.json,3c2f21b999f98a15e1dca50778286f17a70d4073991625939275ba56d30f1b25,
61b7eef91637a82b45badc15,,Qwen2.5-7B-Instruct,1,,decode,1200,256,,327.4765625,,unspecified,2,,,,0.08929462092263359,216.0907,,,raw_pruned,False,1210c606499874a286056e7e1b6af84dc9e6d2ffc691d3aeb200596d6365c69c,sha256:0da4d3e4d430f404f59944ee32c33062882bbcbb95d465c522501a3a192994d9,,,/home/pdblend4/results/2026-09-21/pdblend-optimization/profile-v2-parallel/raw.json,63df6c50e9d2fd4581db6abb289a202046365ddf0eb415df38a0790cb5efef79,pair-01/samples/d-1200-256-256-r2.json,b86e1d55da90550865393fd323b9fa720dc8baba5825bbcd267a162d3367b958,
66914668f8b05f856c609ea2,,Qwen2.5-7B-Instruct,1,,decode,1200,1,,1250.5,,unspecified,0,,,,0.02146263183953936,209.76849494949494,,,raw_pruned,False,1210c606499874a286056e7e1b6af84dc9e6d2ffc691d3aeb200596d6365c69c,sha256:0da4d3e4d430f404f59944ee32c33062882bbcbb95d465c522501a3a192994d9,,,/home/pdblend4/results/2026-09-21/pdblend-optimization/profile-v2-parallel/raw.json,63df6c50e9d2fd4581db6abb289a202046365ddf0eb415df38a0790cb5efef79,pair-01/samples/d-1200-1024-1-r0.json,6faf5ba1301138764fee7e5d7b46c2c7955380a6d1d8d70509d14e3b4a9b5f5f,
14ab3472cd8ffef8158e3c72,,Qwen2.5-7B-Instruct,1,,decode,1200,1,,1250.5,,unspecified,1,,,,0.021462390351193145,210.45644000000001,,,raw_pruned,False,1210c606499874a286056e7e1b6af84dc9e6d2ffc691d3aeb200596d6365c69c,sha256:0da4d3e4d430f404f59944ee32c33062882bbcbb95d465c522501a3a192994d9,,,/home/pdblend4/results/2026-09-21/pdblend-optimization/profile-v2-parallel/raw.json,63df6c50e9d2fd4581db6abb289a202046365ddf0eb415df38a0790cb5efef79,pair-01/samples/d-1200-1024-1-r1.json,6da3b08902f07c6548b02023778bd02171079c191f39060783b94d0e28b41485,
46067a72dcbbdadd6068beed,,Qwen2.5-7B-Instruct,1,,decode,1200,1,,1250.5,,unspecified,2,,,,0.021463537420837665,210.29267,,,raw_pruned,False,1210c606499874a286056e7e1b6af84dc9e6d2ffc691d3aeb200596d6365c69c,sha256:0da4d3e4d430f404f59944ee32c33062882bbcbb95d465c522501a3a192994d9,,,/home/pdblend4/results/2026-09-21/pdblend-optimization/profile-v2-parallel/raw.json,63df6c50e9d2fd4581db6abb289a202046365ddf0eb415df38a0790cb5efef79,pair-01/samples/d-1200-1024-1-r2.json,62764d5410939ab6c7f3fbfbbe979750858eff487208c809636c3529372ceb7f,
7d63174ae44ac141f8da5a48,,Qwen2.5-7B-Instruct,1,,decode,1200,4,,1227.75,,unspecified,0,,,,0.024156850317250126,193.27382,,,raw_pruned,False,1210c606499874a286056e7e1b6af84dc9e6d2ffc691d3aeb200596d6365c69c,sha256:0da4d3e4d430f404f59944ee32c33062882bbcbb95d465c522501a3a192994d9,,,/home/pdblend4/results/2026-09-21/pdblend-optimization/profile-v2-parallel/raw.json,63df6c50e9d2fd4581db6abb289a202046365ddf0eb415df38a0790cb5efef79,pair-01/samples/d-1200-1024-4-r0.json,91144e86c31e9a599f21ab4917f179e3c7570ea85fbb899ffe6f589718669b58,
80c3dd1298345cd45f095c3b,,Qwen2.5-7B-Instruct,1,,decode,1200,4,,1227.75,,unspecified,1,,,,0.024159151574839718,192.96761999999998,,,raw_pruned,False,1210c606499874a286056e7e1b6af84dc9e6d2ffc691d3aeb200596d6365c69c,sha256:0da4d3e4d430f404f59944ee32c33062882bbcbb95d465c522501a3a192994d9,,,/home/pdblend4/results/2026-09-21/pdblend-optimization/profile-v2-parallel/raw.json,63df6c50e9d2fd4581db6abb289a202046365ddf0eb415df38a0790cb5efef79,pair-01/samples/d-1200-1024-4-r1.json,b0224f7c6c46289f5aa38341865d2509cc45ba5791078eff22b7bf1d0b92a6b0,
5d78819c41ab97f4501194f9,,Qwen2.5-7B-Instruct,1,,decode,1200,4,,1227.75,,unspecified,2,,,,0.024161671670738627,193.01096,,,raw_pruned,False,1210c606499874a286056e7e1b6af84dc9e6d2ffc691d3aeb200596d6365c69c,sha256:0da4d3e4d430f404f59944ee32c33062882bbcbb95d465c522501a3a192994d9,,,/home/pdblend4/results/2026-09-21/pdblend-optimization/profile-v2-parallel/raw.json,63df6c50e9d2fd4581db6abb289a202046365ddf0eb415df38a0790cb5efef79,pair-01/samples/d-1200-1024-4-r2.json,ed0596ab3de202a924bf010de200b709473ab18cb3d18c00c0b723bc6bf28e0a,
ecf7e205c50a4f4a4d3e935a,,Qwen2.5-7B-Instruct,1,,decode,1200,8,,1222.25,,unspecified,0,,,,0.025001003742218017,196.91764,,,raw_pruned,False,1210c606499874a286056e7e1b6af84dc9e6d2ffc691d3aeb200596d6365c69c,sha256:0da4d3e4d430f404f59944ee32c33062882bbcbb95d465c522501a3a192994d9,,,/home/pdblend4/results/2026-09-21/pdblend-optimization/profile-v2-parallel/raw.json,63df6c50e9d2fd4581db6abb289a202046365ddf0eb415df38a0790cb5efef79,pair-01/samples/d-1200-1024-8-r0.json,0657fd6c89684fc14e3f57a0eaf1cd94bf0d8231e422ccbf2100acfe1338eb53,
46060be0d6ee9bafb2409bb8,,Qwen2.5-7B-Instruct,1,,decode,1200,8,,1221.625,,unspecified,1,,,,0.02487873437985852,196.24968,,,raw_pruned,False,1210c606499874a286056e7e1b6af84dc9e6d2ffc691d3aeb200596d6365c69c,sha256:0da4d3e4d430f404f59944ee32c33062882bbcbb95d465c522501a3a192994d9,,,/home/pdblend4/results/2026-09-21/pdblend-optimization/profile-v2-parallel/raw.json,63df6c50e9d2fd4581db6abb289a202046365ddf0eb415df38a0790cb5efef79,pair-01/samples/d-1200-1024-8-r1.json,239e32eaaa7554af521fb0f5a3c6b6870e671d0623d25fc1b77f18a3c0c1f801,
52132440cbaa4864983b9045,,Qwen2.5-7B-Instruct,1,,decode,1200,8,,1221.625,,unspecified,2,,,,0.024876180572889338,195.86731,,,raw_pruned,False,1210c606499874a286056e7e1b6af84dc9e6d2ffc691d3aeb200596d6365c69c,sha256:0da4d3e4d430f404f59944ee32c33062882bbcbb95d465c522501a3a192994d9,,,/home/pdblend4/results/2026-09-21/pdblend-optimization/profile-v2-parallel/raw.json,63df6c50e9d2fd4581db6abb289a202046365ddf0eb415df38a0790cb5efef79,pair-01/samples/d-1200-1024-8-r2.json,b85023caaa796d8b87685e39a5df3a5aa80ccb718aa7c3cd37fb0c0faba26305,
f318ec893cf951ee64587b51,,Qwen2.5-7B-Instruct,1,,decode,1200,16,,1214.5625,,unspecified,0,,,,0.026045087724924088,201.98266999999998,,,raw_pruned,False,1210c606499874a286056e7e1b6af84dc9e6d2ffc691d3aeb200596d6365c69c,sha256:0da4d3e4d430f404f59944ee32c33062882bbcbb95d465c522501a3a192994d9,,,/home/pdblend4/results/2026-09-21/pdblend-optimization/profile-v2-parallel/raw.json,63df6c50e9d2fd4581db6abb289a202046365ddf0eb415df38a0790cb5efef79,pair-01/samples/d-1200-1024-16-r0.json,25026d2eaa5ead499e2cdae6e1290f30f426260d9df65e91407a8fe38d1da1dd,
42a0397aa2878ae5cbfb2217,,Qwen2.5-7B-Instruct,1,,decode,1200,16,,1214.5625,,unspecified,1,,,,0.026044510304927826,204.15330999999998,,,raw_pruned,False,1210c606499874a286056e7e1b6af84dc9e6d2ffc691d3aeb200596d6365c69c,sha256:0da4d3e4d430f404f59944ee32c33062882bbcbb95d465c522501a3a192994d9,,,/home/pdblend4/results/2026-09-21/pdblend-optimization/profile-v2-parallel/raw.json,63df6c50e9d2fd4581db6abb289a202046365ddf0eb415df38a0790cb5efef79,pair-01/samples/d-1200-1024-16-r1.json,8f545b7a6d3eafea83933cba32b773a970a4e51a806c4d222342bb4a6291edb4,
91608b5fd404fa848ca99abe,,Qwen2.5-7B-Instruct,1,,decode,1200,16,,1215.6875,,unspecified,2,,,,0.026045286407073338,204.4646,,,raw_pruned,False,1210c606499874a286056e7e1b6af84dc9e6d2ffc691d3aeb200596d6365c69c,sha256:0da4d3e4d430f404f59944ee32c33062882bbcbb95d465c522501a3a192994d9,,,/home/pdblend4/results/2026-09-21/pdblend-optimization/profile-v2-parallel/raw.json,63df6c50e9d2fd4581db6abb289a202046365ddf0eb415df38a0790cb5efef79,pair-01/samples/d-1200-1024-16-r2.json,17a91ee401b698048341053afa398ecb7aa914a1b0a81a635887cf04dd2c1105,
70d42eb917aea9438a4e02c2,,Qwen2.5-7B-Instruct,1,,decode,1200,32,,1188.03125,,unspecified,0,,,,0.031056623281159015,207.18967,,,raw_pruned,False,1210c606499874a286056e7e1b6af84dc9e6d2ffc691d3aeb200596d6365c69c,sha256:0da4d3e4d430f404f59944ee32c33062882bbcbb95d465c522501a3a192994d9,,,/home/pdblend4/results/2026-09-21/pdblend-optimization/profile-v2-parallel/raw.json,63df6c50e9d2fd4581db6abb289a202046365ddf0eb415df38a0790cb5efef79,pair-01/samples/d-1200-1024-32-r0.json,892a1f58d81f3fccf058839d1ae197dd0a071b09a105b14266b1e30ebdf9a1cb,
6ca145409f93ab2b7d842dff,,Qwen2.5-7B-Instruct,1,,decode,1200,32,,1188.03125,,unspecified,1,,,,0.03106353297737074,207.13512,,,raw_pruned,False,1210c606499874a286056e7e1b6af84dc9e6d2ffc691d3aeb200596d6365c69c,sha256:0da4d3e4d430f404f59944ee32c33062882bbcbb95d465c522501a3a192994d9,,,/home/pdblend4/results/2026-09-21/pdblend-optimization/profile-v2-parallel/raw.json,63df6c50e9d2fd4581db6abb289a202046365ddf0eb415df38a0790cb5efef79,pair-01/samples/d-1200-1024-32-r1.json,88c91e58fcbc86612264a7776a135f07d9f4a54d0e4f2021e7b24414aa13d49e,
acffb7629c09e61f152452b4,,Qwen2.5-7B-Instruct,1,,decode,1200,32,,1188.03125,,unspecified,2,,,,0.03105677580981521,207.09315999999998,,,raw_pruned,False,1210c606499874a286056e7e1b6af84dc9e6d2ffc691d3aeb200596d6365c69c,sha256:0da4d3e4d430f404f59944ee32c33062882bbcbb95d465c522501a3a192994d9,,,/home/pdblend4/results/2026-09-21/pdblend-optimization/profile-v2-parallel/raw.json,63df6c50e9d2fd4581db6abb289a202046365ddf0eb415df38a0790cb5efef79,pair-01/samples/d-1200-1024-32-r2.json,07a54f7759d8eb6a4c62097193a4373598b8cfc9bb624fe8524f9d0a7e0e8a0c,
4c7975a45604076247abbe2e,,Qwen2.5-7B-Instruct,1,,decode,1200,64,,1173.015625,,unspecified,0,,,,0.034972179186094056,220.16742,,,raw_pruned,False,1210c606499874a286056e7e1b6af84dc9e6d2ffc691d3aeb200596d6365c69c,sha256:0da4d3e4d430f404f59944ee32c33062882bbcbb95d465c522501a3a192994d9,,,/home/pdblend4/results/2026-09-21/pdblend-optimization/profile-v2-parallel/raw.json,63df6c50e9d2fd4581db6abb289a202046365ddf0eb415df38a0790cb5efef79,pair-01/samples/d-1200-1024-64-r0.json,fd998e4b1a56000d2d39ca510c98dd6ff8381280db69152dcf779ee52d085c0a,
15ad1c929c784817f387c437,,Qwen2.5-7B-Instruct,1,,decode,1200,64,,1173.515625,,unspecified,1,,,,0.03521208024360764,219.93427,,,raw_pruned,False,1210c606499874a286056e7e1b6af84dc9e6d2ffc691d3aeb200596d6365c69c,sha256:0da4d3e4d430f404f59944ee32c33062882bbcbb95d465c522501a3a192994d9,,,/home/pdblend4/results/2026-09-21/pdblend-optimization/profile-v2-parallel/raw.json,63df6c50e9d2fd4581db6abb289a202046365ddf0eb415df38a0790cb5efef79,pair-01/samples/d-1200-1024-64-r1.json,10659528b2ffa9954bd523d96b52e3bdae0156812e2aa7b8f6c542a9d0f6c1d9,
36c7b457c53ac4f52fea33a0,,Qwen2.5-7B-Instruct,1,,decode,1200,64,,1173.515625,,unspecified,2,,,,0.0352167545909613,219.50078000000002,,,raw_pruned,False,1210c606499874a286056e7e1b6af84dc9e6d2ffc691d3aeb200596d6365c69c,sha256:0da4d3e4d430f404f59944ee32c33062882bbcbb95d465c522501a3a192994d9,,,/home/pdblend4/results/2026-09-21/pdblend-optimization/profile-v2-parallel/raw.json,63df6c50e9d2fd4581db6abb289a202046365ddf0eb415df38a0790cb5efef79,pair-01/samples/d-1200-1024-64-r2.json,cd42cb69ca81b965ccc2cbe6d406935053a9cb02fcd6427121044b7f48f522b7,
ac31c2745e8132206f2afada,,Qwen2.5-7B-Instruct,1,,decode,1200,128,,1130.0078125,,unspecified,0,,,,0.05495221536238115,228.18534,,,raw_pruned,False,1210c606499874a286056e7e1b6af84dc9e6d2ffc691d3aeb200596d6365c69c,sha256:0da4d3e4d430f404f59944ee32c33062882bbcbb95d465c522501a3a192994d9,,,/home/pdblend4/results/2026-09-21/pdblend-optimization/profile-v2-parallel/raw.json,63df6c50e9d2fd4581db6abb289a202046365ddf0eb415df38a0790cb5efef79,pair-01/samples/d-1200-1024-128-r0.json,47605e75946f51564b14b3d8fd72eeb4d4d4a011f341ee628da0129a7a2c4af1,
18ab758636f18c3f3db7ae62,,Qwen2.5-7B-Instruct,1,,decode,1200,128,,1130.1328125,,unspecified,1,,,,0.05494683653443724,227.40573,,,raw_pruned,False,1210c606499874a286056e7e1b6af84dc9e6d2ffc691d3aeb200596d6365c69c,sha256:0da4d3e4d430f404f59944ee32c33062882bbcbb95d465c522501a3a192994d9,,,/home/pdblend4/results/2026-09-21/pdblend-optimization/profile-v2-parallel/raw.json,63df6c50e9d2fd4581db6abb289a202046365ddf0eb415df38a0790cb5efef79,pair-01/samples/d-1200-1024-128-r1.json,824dcc9ecce3a7f631c5e96e97e5150babe178fbd5b43513703fd5751ca00f1b,
ecf70968114914a48adf2e74,,Qwen2.5-7B-Instruct,1,,decode,1200,128,,1130.0078125,,unspecified,2,,,,0.05495261883997655,227.56378,,,raw_pruned,False,1210c606499874a286056e7e1b6af84dc9e6d2ffc691d3aeb200596d6365c69c,sha256:0da4d3e4d430f404f59944ee32c33062882bbcbb95d465c522501a3a192994d9,,,/home/pdblend4/results/2026-09-21/pdblend-optimization/profile-v2-parallel/raw.json,63df6c50e9d2fd4581db6abb289a202046365ddf0eb415df38a0790cb5efef79,pair-01/samples/d-1200-1024-128-r2.json,ae34c385474bdd656ac2902a535bde0dbb68cb19f862fea9e228f3cf611fbb48,
7eb4a6adbf6ce4341f2f3a5b,,Qwen2.5-7B-Instruct,1,,decode,1200,256,,1098.890625,,unspecified,0,,,,0.10638968995276918,216.71736,,,raw_pruned,False,1210c606499874a286056e7e1b6af84dc9e6d2ffc691d3aeb200596d6365c69c,sha256:0da4d3e4d430f404f59944ee32c33062882bbcbb95d465c522501a3a192994d9,,,/home/pdblend4/results/2026-09-21/pdblend-optimization/profile-v2-parallel/raw.json,63df6c50e9d2fd4581db6abb289a202046365ddf0eb415df38a0790cb5efef79,pair-01/samples/d-1200-1024-256-r0.json,3ea8087f32cb90fb0fc9e8c6fa2794661b58ade548b5b80ed7924510f68c2ae7,
4c277a6b97b3b3c5eb2d0694,,Qwen2.5-7B-Instruct,1,,decode,1200,256,,1098.890625,,unspecified,1,,,,0.10639850129472449,217.93957999999998,,,raw_pruned,False,1210c606499874a286056e7e1b6af84dc9e6d2ffc691d3aeb200596d6365c69c,sha256:0da4d3e4d430f404f59944ee32c33062882bbcbb95d465c522501a3a192994d9,,,/home/pdblend4/results/2026-09-21/pdblend-optimization/profile-v2-parallel/raw.json,63df6c50e9d2fd4581db6abb289a202046365ddf0eb415df38a0790cb5efef79,pair-01/samples/d-1200-1024-256-r1.json,cf32c50dde1264a7b1b2f6e99f221dc79e096cb71a7ad3240c9be606361c791e,
cfe00bf0797878a325b56120,,Qwen2.5-7B-Instruct,1,,decode,1200,256,,1098.890625,,unspecified,2,,,,0.10640404579487253,217.90218000000002,,,raw_pruned,False,1210c606499874a286056e7e1b6af84dc9e6d2ffc691d3aeb200596d6365c69c,sha256:0da4d3e4d430f404f59944ee32c33062882bbcbb95d465c522501a3a192994d9,,,/home/pdblend4/results/2026-09-21/pdblend-optimization/profile-v2-parallel/raw.json,63df6c50e9d2fd4581db6abb289a202046365ddf0eb415df38a0790cb5efef79,pair-01/samples/d-1200-1024-256-r2.json,9845df09bc50b7cebf9597c63a8129284bae5a9c5a8d4f7db9fb21d4c580500e,
ea44725a3b05c143eb8efb28,,Qwen2.5-7B-Instruct,1,,decode,1200,1,,4317.0,,unspecified,0,,,,0.022124472972566048,210.26839393939395,,,raw_pruned,False,1210c606499874a286056e7e1b6af84dc9e6d2ffc691d3aeb200596d6365c69c,sha256:0da4d3e4d430f404f59944ee32c33062882bbcbb95d465c522501a3a192994d9,,,/home/pdblend4/results/2026-09-21/pdblend-optimization/profile-v2-parallel/raw.json,63df6c50e9d2fd4581db6abb289a202046365ddf0eb415df38a0790cb5efef79,pair-01/samples/d-1200-4096-1-r0.json,c9ed2630d16edd263892323a6017c38516830cdcd55062d1ba883d3af7d7fdc3,
74ab0ac4078cdc86d5d81f9a,,Qwen2.5-7B-Instruct,1,,decode,1200,1,,4316.5,,unspecified,1,,,,0.022029208716842046,210.2780404040404,,,raw_pruned,False,1210c606499874a286056e7e1b6af84dc9e6d2ffc691d3aeb200596d6365c69c,sha256:0da4d3e4d430f404f59944ee32c33062882bbcbb95d465c522501a3a192994d9,,,/home/pdblend4/results/2026-09-21/pdblend-optimization/profile-v2-parallel/raw.json,63df6c50e9d2fd4581db6abb289a202046365ddf0eb415df38a0790cb5efef79,pair-01/samples/d-1200-4096-1-r1.json,09c5176ba721a554fa29e26d5b378101a9b27d0d58553cbc708c55d134501511,
bac679846448dcd064fa9236,,Qwen2.5-7B-Instruct,1,,decode,1200,1,,4317.0,,unspecified,2,,,,0.02212472827033659,210.8770808080808,,,raw_pruned,False,1210c606499874a286056e7e1b6af84dc9e6d2ffc691d3aeb200596d6365c69c,sha256:0da4d3e4d430f404f59944ee32c33062882bbcbb95d465c522501a3a192994d9,,,/home/pdblend4/results/2026-09-21/pdblend-optimization/profile-v2-parallel/raw.json,63df6c50e9d2fd4581db6abb289a202046365ddf0eb415df38a0790cb5efef79,pair-01/samples/d-1200-4096-1-r2.json,37dd990a4247beccdd73f3c8f0a70397c6eae5812c1b4dac9500326dadce4fad,
98fba6cb40b10b1a9b3b11ed,,Qwen2.5-7B-Instruct,1,,decode,1200,4,,4291.25,,unspecified,0,,,,0.025512847365165243,195.51375,,,raw_pruned,False,1210c606499874a286056e7e1b6af84dc9e6d2ffc691d3aeb200596d6365c69c,sha256:0da4d3e4d430f404f59944ee32c33062882bbcbb95d465c522501a3a192994d9,,,/home/pdblend4/results/2026-09-21/pdblend-optimization/profile-v2-parallel/raw.json,63df6c50e9d2fd4581db6abb289a202046365ddf0eb415df38a0790cb5efef79,pair-01/samples/d-1200-4096-4-r0.json,eb52c23c59fc3a2d5667a2af61c2a1d5ca1d48bc2085a8c0fac96c01b788a6e6,
e6924c3bc0452283ad270a08,,Qwen2.5-7B-Instruct,1,,decode,1200,4,,4290.25,,unspecified,1,,,,0.025643088267399715,193.55217171717172,,,raw_pruned,False,1210c606499874a286056e7e1b6af84dc9e6d2ffc691d3aeb200596d6365c69c,sha256:0da4d3e4d430f404f59944ee32c33062882bbcbb95d465c522501a3a192994d9,,,/home/pdblend4/results/2026-09-21/pdblend-optimization/profile-v2-parallel/raw.json,63df6c50e9d2fd4581db6abb289a202046365ddf0eb415df38a0790cb5efef79,pair-01/samples/d-1200-4096-4-r1.json,41a3b591df2d8f66c45587552c1e20af3c2875f6dc1e4d1983b2ca590f40f4db,
94cf856fe3248e66da9845b1,,Qwen2.5-7B-Instruct,1,,decode,1200,4,,4290.25,,unspecified,2,,,,0.02565030195774176,195.830101010101,,,raw_pruned,False,1210c606499874a286056e7e1b6af84dc9e6d2ffc691d3aeb200596d6365c69c,sha256:0da4d3e4d430f404f59944ee32c33062882bbcbb95d465c522501a3a192994d9,,,/home/pdblend4/results/2026-09-21/pdblend-optimization/profile-v2-parallel/raw.json,63df6c50e9d2fd4581db6abb289a202046365ddf0eb415df38a0790cb5efef79,pair-01/samples/d-1200-4096-4-r2.json,afc3db5cf226f19bd68accae96c95a9966df7c02db046c0b0aeebfa914b4198d,
6d3af16dad05461b47664f5d,,Qwen2.5-7B-Instruct,1,,decode,1200,8,,4279.625,,unspecified,0,,,,0.02718285762745401,199.46495959595958,,,raw_pruned,False,1210c606499874a286056e7e1b6af84dc9e6d2ffc691d3aeb200596d6365c69c,sha256:0da4d3e4d430f404f59944ee32c33062882bbcbb95d465c522501a3a192994d9,,,/home/pdblend4/results/2026-09-21/pdblend-optimization/profile-v2-parallel/raw.json,63df6c50e9d2fd4581db6abb289a202046365ddf0eb415df38a0790cb5efef79,pair-01/samples/d-1200-4096-8-r0.json,736679c6340ebaa94b07c34e02c341764e874b93f4b85c0977efc434baffeda7,
9433412d7542a60e37e1941d,,Qwen2.5-7B-Instruct,1,,decode,1200,8,,4279.625,,unspecified,1,,,,0.027175019616666046,199.2787,,,raw_pruned,False,1210c606499874a286056e7e1b6af84dc9e6d2ffc691d3aeb200596d6365c69c,sha256:0da4d3e4d430f404f59944ee32c33062882bbcbb95d465c522501a3a192994d9,,,/home/pdblend4/results/2026-09-21/pdblend-optimization/profile-v2-parallel/raw.json,63df6c50e9d2fd4581db6abb289a202046365ddf0eb415df38a0790cb5efef79,pair-01/samples/d-1200-4096-8-r1.json,d94d402d63c1eb3ac3a15e882de6ef0e3717ef572c5c93c3fe3a45a308b44c7f,
53d332d449232e59a0d37276,,Qwen2.5-7B-Instruct,1,,decode,1200,8,,4280.125,,unspecified,2,,,,0.027174734550973644,199.14754000000002,,,raw_pruned,False,1210c606499874a286056e7e1b6af84dc9e6d2ffc691d3aeb200596d6365c69c,sha256:0da4d3e4d430f404f59944ee32c33062882bbcbb95d465c522501a3a192994d9,,,/home/pdblend4/results/2026-09-21/pdblend-optimization/profile-v2-parallel/raw.json,63df6c50e9d2fd4581db6abb289a202046365ddf0eb415df38a0790cb5efef79,pair-01/samples/d-1200-4096-8-r2.json,637ddaaaacd258df00e7d6f25b16f25e2b23904ba4a60f5192f68cf3ac649a83,
ce3f5cfdfad75c636b785754,,Qwen2.5-7B-Instruct,1,,decode,1200,16,,4263.5625,,unspecified,0,,,,0.030491517811286742,205.77218000000002,,,raw_pruned,False,1210c606499874a286056e7e1b6af84dc9e6d2ffc691d3aeb200596d6365c69c,sha256:0da4d3e4d430f404f59944ee32c33062882bbcbb95d465c522501a3a192994d9,,,/home/pdblend4/results/2026-09-21/pdblend-optimization/profile-v2-parallel/raw.json,63df6c50e9d2fd4581db6abb289a202046365ddf0eb415df38a0790cb5efef79,pair-01/samples/d-1200-4096-16-r0.json,8f5e922aa32d269ed1a5689875c55dd9e50ad73286113f32b48f6cb0e91caf13,
49fa7fab1534428a7aa62806,,Qwen2.5-7B-Instruct,1,,decode,1200,16,,4263.625,,unspecified,1,,,,0.03048961046265393,206.33872,,,raw_pruned,False,1210c606499874a286056e7e1b6af84dc9e6d2ffc691d3aeb200596d6365c69c,sha256:0da4d3e4d430f404f59944ee32c33062882bbcbb95d465c522501a3a192994d9,,,/home/pdblend4/results/2026-09-21/pdblend-optimization/profile-v2-parallel/raw.json,63df6c50e9d2fd4581db6abb289a202046365ddf0eb415df38a0790cb5efef79,pair-01/samples/d-1200-4096-16-r1.json,9e712277e4cc2fe1c0b1eadac516272e0046d24e1ccd4115e0370556ceb2a889,
4ce70534064b5ba3821cf99e,,Qwen2.5-7B-Instruct,1,,decode,1200,16,,4263.5625,,unspecified,2,,,,0.030492193815184802,205.7366,,,raw_pruned,False,1210c606499874a286056e7e1b6af84dc9e6d2ffc691d3aeb200596d6365c69c,sha256:0da4d3e4d430f404f59944ee32c33062882bbcbb95d465c522501a3a192994d9,,,/home/pdblend4/results/2026-09-21/pdblend-optimization/profile-v2-parallel/raw.json,63df6c50e9d2fd4581db6abb289a202046365ddf0eb415df38a0790cb5efef79,pair-01/samples/d-1200-4096-16-r2.json,9cca1cf68513187f922864ba10a08e973e63131cde0ef31794cd72e38d34e9a8,
ecd978c9fb48e11a2b80a56e,,Qwen2.5-7B-Instruct,1,,decode,1200,32,,4233.53125,,unspecified,0,,,,0.039684923868330696,210.91114000000002,,,raw_pruned,False,1210c606499874a286056e7e1b6af84dc9e6d2ffc691d3aeb200596d6365c69c,sha256:0da4d3e4d430f404f59944ee32c33062882bbcbb95d465c522501a3a192994d9,,,/home/pdblend4/results/2026-09-21/pdblend-optimization/profile-v2-parallel/raw.json,63df6c50e9d2fd4581db6abb289a202046365ddf0eb415df38a0790cb5efef79,pair-01/samples/d-1200-4096-32-r0.json,1d2ea1b585f3713ea04eccd3bd72d97e824839fa2aea6ca8aa424081f89de582,
9bc2951a248a38ef5896d492,,Qwen2.5-7B-Instruct,1,,decode,1200,32,,4234.03125,,unspecified,1,,,,0.03968584726727198,210.8589595959596,,,raw_pruned,False,1210c606499874a286056e7e1b6af84dc9e6d2ffc691d3aeb200596d6365c69c,sha256:0da4d3e4d430f404f59944ee32c33062882bbcbb95d465c522501a3a192994d9,,,/home/pdblend4/results/2026-09-21/pdblend-optimization/profile-v2-parallel/raw.json,63df6c50e9d2fd4581db6abb289a202046365ddf0eb415df38a0790cb5efef79,pair-01/samples/d-1200-4096-32-r1.json,c5c43ec0c798e30bbb5b2f004c1252422411e2a2591b1c99a757e21c827f24f4,
aad68ec5b28a4ed068b394df,,Qwen2.5-7B-Instruct,1,,decode,1200,32,,4234.03125,,unspecified,2,,,,0.03937856982073446,210.71957999999998,,,raw_pruned,False,1210c606499874a286056e7e1b6af84dc9e6d2ffc691d3aeb200596d6365c69c,sha256:0da4d3e4d430f404f59944ee32c33062882bbcbb95d465c522501a3a192994d9,,,/home/pdblend4/results/2026-09-21/pdblend-optimization/profile-v2-parallel/raw.json,63df6c50e9d2fd4581db6abb289a202046365ddf0eb415df38a0790cb5efef79,pair-01/samples/d-1200-4096-32-r2.json,9cae66fd47d65c1dc730ac2b7deefe0c482984ee684933c8a41030b6118ac5f7,
b6fd60b0908d709e4abd4d31,,Qwen2.5-7B-Instruct,1,,decode,1200,64,,4213.515625,,unspecified,0,,,,0.053206007531348694,220.25628,,,raw_pruned,False,1210c606499874a286056e7e1b6af84dc9e6d2ffc691d3aeb200596d6365c69c,sha256:0da4d3e4d430f404f59944ee32c33062882bbcbb95d465c522501a3a192994d9,,,/home/pdblend4/results/2026-09-21/pdblend-optimization/profile-v2-parallel/raw.json,63df6c50e9d2fd4581db6abb289a202046365ddf0eb415df38a0790cb5efef79,pair-01/samples/d-1200-4096-64-r0.json,15f2241f577105807c5d678e78070aa87fc077f3c66c3fafae206deb0101bb11,
d6073c99106cfe61febc1dc9,,Qwen2.5-7B-Instruct,1,,decode,1200,64,,4213.515625,,unspecified,1,,,,0.05320983998318936,220.22992,,,raw_pruned,False,1210c606499874a286056e7e1b6af84dc9e6d2ffc691d3aeb200596d6365c69c,sha256:0da4d3e4d430f404f59944ee32c33062882bbcbb95d465c522501a3a192994d9,,,/home/pdblend4/results/2026-09-21/pdblend-optimization/profile-v2-parallel/raw.json,63df6c50e9d2fd4581db6abb289a202046365ddf0eb415df38a0790cb5efef79,pair-01/samples/d-1200-4096-64-r1.json,a24b3385eef4cae425d3db1112937b6bcc4eb18c6d8320d3f6cbe82375676ed2,
52608f91f86f88b8d74e53de,,Qwen2.5-7B-Instruct,1,,decode,1200,64,,4213.515625,,unspecified,2,,,,0.05320051883129363,220.38413,,,raw_pruned,False,1210c606499874a286056e7e1b6af84dc9e6d2ffc691d3aeb200596d6365c69c,sha256:0da4d3e4d430f404f59944ee32c33062882bbcbb95d465c522501a3a192994d9,,,/home/pdblend4/results/2026-09-21/pdblend-optimization/profile-v2-parallel/raw.json,63df6c50e9d2fd4581db6abb289a202046365ddf0eb415df38a0790cb5efef79,pair-01/samples/d-1200-4096-64-r2.json,6bb4df3a101a5a6673da348638625e20defb3b803532d8d93bc5cc416e89aae6,
e6da7028a05e1560b2f47587,,Qwen2.5-7B-Instruct,1,,decode,1500,1,,486.5,,unspecified,0,,,,0.02109919821662742,214.65448,,,raw_pruned,False,1210c606499874a286056e7e1b6af84dc9e6d2ffc691d3aeb200596d6365c69c,sha256:0da4d3e4d430f404f59944ee32c33062882bbcbb95d465c522501a3a192994d9,,,/home/pdblend4/results/2026-09-21/pdblend-optimization/profile-v2-parallel/raw.json,63df6c50e9d2fd4581db6abb289a202046365ddf0eb415df38a0790cb5efef79,pair-23/samples/d-1500-256-1-r0.json,9cd82bb88e352e3bb39f606f79453811a76e921bb1e2e40d2e3c225636d150ec,
9b3f10946d7bd8b5dd36c700,,Qwen2.5-7B-Instruct,1,,decode,1500,1,,487.0,,unspecified,1,,,,0.02100960647358614,215.04593,,,raw_pruned,False,1210c606499874a286056e7e1b6af84dc9e6d2ffc691d3aeb200596d6365c69c,sha256:0da4d3e4d430f404f59944ee32c33062882bbcbb95d465c522501a3a192994d9,,,/home/pdblend4/results/2026-09-21/pdblend-optimization/profile-v2-parallel/raw.json,63df6c50e9d2fd4581db6abb289a202046365ddf0eb415df38a0790cb5efef79,pair-23/samples/d-1500-256-1-r1.json,2d03ac57b35cbfca86fc2078bcc9cbf5eb15c6491ab3bac8f5558a88234a8cd1,
af1267a657b19242b86239cb,,Qwen2.5-7B-Instruct,1,,decode,1500,1,,487.0,,unspecified,2,,,,0.021009474241433023,215.99732,,,raw_pruned,False,1210c606499874a286056e7e1b6af84dc9e6d2ffc691d3aeb200596d6365c69c,sha256:0da4d3e4d430f404f59944ee32c33062882bbcbb95d465c522501a3a192994d9,,,/home/pdblend4/results/2026-09-21/pdblend-optimization/profile-v2-parallel/raw.json,63df6c50e9d2fd4581db6abb289a202046365ddf0eb415df38a0790cb5efef79,pair-23/samples/d-1500-256-1-r2.json,01c5be13ef20fd186a212779e6a58c00f9d9972438b6aad77d0d7aa4cf627081,
edea01ee90281dc140c9d461,,Qwen2.5-7B-Instruct,1,,decode,1500,4,,469.75,,unspecified,0,,,,0.02283174588800021,200.71784,,,raw_pruned,False,1210c606499874a286056e7e1b6af84dc9e6d2ffc691d3aeb200596d6365c69c,sha256:0da4d3e4d430f404f59944ee32c33062882bbcbb95d465c522501a3a192994d9,,,/home/pdblend4/results/2026-09-21/pdblend-optimization/profile-v2-parallel/raw.json,63df6c50e9d2fd4581db6abb289a202046365ddf0eb415df38a0790cb5efef79,pair-23/samples/d-1500-256-4-r0.json,fa8c4881d64e1470a481a851969bf23693af135763e744efad90b8c43448f5e1,
66433981b5005e206b19fbf2,,Qwen2.5-7B-Instruct,1,,decode,1500,4,,469.75,,unspecified,1,,,,0.02283497052649929,200.05095,,,raw_pruned,False,1210c606499874a286056e7e1b6af84dc9e6d2ffc691d3aeb200596d6365c69c,sha256:0da4d3e4d430f404f59944ee32c33062882bbcbb95d465c522501a3a192994d9,,,/home/pdblend4/results/2026-09-21/pdblend-optimization/profile-v2-parallel/raw.json,63df6c50e9d2fd4581db6abb289a202046365ddf0eb415df38a0790cb5efef79,pair-23/samples/d-1500-256-4-r1.json,d26ad56842ebff01d9790e34aaaea2fe59fb0057d8f3e3aaa3f44814fa781eb1,
8e5ca721e8553af3724c1079,,Qwen2.5-7B-Instruct,1,,decode,1500,4,,469.75,,unspecified,2,,,,0.02283440877313483,199.85824,,,raw_pruned,False,1210c606499874a286056e7e1b6af84dc9e6d2ffc691d3aeb200596d6365c69c,sha256:0da4d3e4d430f404f59944ee32c33062882bbcbb95d465c522501a3a192994d9,,,/home/pdblend4/results/2026-09-21/pdblend-optimization/profile-v2-parallel/raw.json,63df6c50e9d2fd4581db6abb289a202046365ddf0eb415df38a0790cb5efef79,pair-23/samples/d-1500-256-4-r2.json,62e4ae4e191aad1677eb4c0b540eebec02857313f1d5f8b04ff550c1edf40876,
7c1db3503939ae9dd929ea36,,Qwen2.5-7B-Instruct,1,,decode,1500,8,,465.625,,unspecified,0,,,,0.023478321066484766,202.76032999999998,,,raw_pruned,False,1210c606499874a286056e7e1b6af84dc9e6d2ffc691d3aeb200596d6365c69c,sha256:0da4d3e4d430f404f59944ee32c33062882bbcbb95d465c522501a3a192994d9,,,/home/pdblend4/results/2026-09-21/pdblend-optimization/profile-v2-parallel/raw.json,63df6c50e9d2fd4581db6abb289a202046365ddf0eb415df38a0790cb5efef79,pair-23/samples/d-1500-256-8-r0.json,000822fec32553366200bd0a4f83bbc6b950d1a8a3d573c95142281e9e7cf74f,
c3c8bf2e609619e5f4f21abf,,Qwen2.5-7B-Instruct,1,,decode,1500,8,,465.125,,unspecified,1,,,,0.023368265027197722,202.69983,,,raw_pruned,False,1210c606499874a286056e7e1b6af84dc9e6d2ffc691d3aeb200596d6365c69c,sha256:0da4d3e4d430f404f59944ee32c33062882bbcbb95d465c522501a3a192994d9,,,/home/pdblend4/results/2026-09-21/pdblend-optimization/profile-v2-parallel/raw.json,63df6c50e9d2fd4581db6abb289a202046365ddf0eb415df38a0790cb5efef79,pair-23/samples/d-1500-256-8-r1.json,7234b0186791dde53c32fef2e9d107a95efd2c89bb59bf60ebeeb545b3286107,
d44c2c14a3fca4ebe59644ef,,Qwen2.5-7B-Instruct,1,,decode,1500,8,,465.625,,unspecified,2,,,,0.023475638017967832,202.82178,,,raw_pruned,False,1210c606499874a286056e7e1b6af84dc9e6d2ffc691d3aeb200596d6365c69c,sha256:0da4d3e4d430f404f59944ee32c33062882bbcbb95d465c522501a3a192994d9,,,/home/pdblend4/results/2026-09-21/pdblend-optimization/profile-v2-parallel/raw.json,63df6c50e9d2fd4581db6abb289a202046365ddf0eb415df38a0790cb5efef79,pair-23/samples/d-1500-256-8-r2.json,27847c74bd473c20ea1efa6faf497a4413b8c47835726a4ef1f5cacb84246881,
91c9591362cde2619c6c7c0a,,Qwen2.5-7B-Instruct,1,,decode,1500,16,,461.5625,,unspecified,0,,,,0.023927407971979897,209.32173999999998,,,raw_pruned,False,1210c606499874a286056e7e1b6af84dc9e6d2ffc691d3aeb200596d6365c69c,sha256:0da4d3e4d430f404f59944ee32c33062882bbcbb95d465c522501a3a192994d9,,,/home/pdblend4/results/2026-09-21/pdblend-optimization/profile-v2-parallel/raw.json,63df6c50e9d2fd4581db6abb289a202046365ddf0eb415df38a0790cb5efef79,pair-23/samples/d-1500-256-16-r0.json,a93926c2906f0553d6869acd002c6a619d60840312b7233fa8d7323b6984142e,
73f58acbe93c1a7263ea06f0,,Qwen2.5-7B-Instruct,1,,decode,1500,16,,461.5625,,unspecified,1,,,,0.023925093372472735,209.72550999999999,,,raw_pruned,False,1210c606499874a286056e7e1b6af84dc9e6d2ffc691d3aeb200596d6365c69c,sha256:0da4d3e4d430f404f59944ee32c33062882bbcbb95d465c522501a3a192994d9,,,/home/pdblend4/results/2026-09-21/pdblend-optimization/profile-v2-parallel/raw.json,63df6c50e9d2fd4581db6abb289a202046365ddf0eb415df38a0790cb5efef79,pair-23/samples/d-1500-256-16-r1.json,37814dc479e3afa7a4cb1b355b077949f48a83a61aef102ae80dcf24efeea2ff,
58f17cb0a61b4cb63d20ef77,,Qwen2.5-7B-Instruct,1,,decode,1500,16,,461.5625,,unspecified,2,,,,0.023925727634338673,209.44834343434343,,,raw_pruned,False,1210c606499874a286056e7e1b6af84dc9e6d2ffc691d3aeb200596d6365c69c,sha256:0da4d3e4d430f404f59944ee32c33062882bbcbb95d465c522501a3a192994d9,,,/home/pdblend4/results/2026-09-21/pdblend-optimization/profile-v2-parallel/raw.json,63df6c50e9d2fd4581db6abb289a202046365ddf0eb415df38a0790cb5efef79,pair-23/samples/d-1500-256-16-r2.json,58c00ce1a4d60117520c2dabcbc37ecb93c402f5eb8d63d527e267ddfd20c6f0,
e223c81e326159e08a8e434c,,Qwen2.5-7B-Instruct,1,,decode,1500,32,,437.03125,,unspecified,0,,,,0.027778942055172392,213.89803,,,raw_pruned,False,1210c606499874a286056e7e1b6af84dc9e6d2ffc691d3aeb200596d6365c69c,sha256:0da4d3e4d430f404f59944ee32c33062882bbcbb95d465c522501a3a192994d9,,,/home/pdblend4/results/2026-09-21/pdblend-optimization/profile-v2-parallel/raw.json,63df6c50e9d2fd4581db6abb289a202046365ddf0eb415df38a0790cb5efef79,pair-23/samples/d-1500-256-32-r0.json,218227825e4d7be48efe17023ae7c69517b9a945368c6a2cf228ccf7a223ce4a,
60fc8826902c9ad7b6803611,,Qwen2.5-7B-Instruct,1,,decode,1500,32,,436.546875,,unspecified,1,,,,0.027632590815507247,212.99848999999998,,,raw_pruned,False,1210c606499874a286056e7e1b6af84dc9e6d2ffc691d3aeb200596d6365c69c,sha256:0da4d3e4d430f404f59944ee32c33062882bbcbb95d465c522501a3a192994d9,,,/home/pdblend4/results/2026-09-21/pdblend-optimization/profile-v2-parallel/raw.json,63df6c50e9d2fd4581db6abb289a202046365ddf0eb415df38a0790cb5efef79,pair-23/samples/d-1500-256-32-r1.json,8ed1ad41423fed6c2642b01627b7caa3c83b178074c28a8e48251e03d70e2636,
2ba7771f7e52538213d23ba4,,Qwen2.5-7B-Instruct,1,,decode,1500,32,,437.03125,,unspecified,2,,,,0.027783350149790446,212.5005,,,raw_pruned,False,1210c606499874a286056e7e1b6af84dc9e6d2ffc691d3aeb200596d6365c69c,sha256:0da4d3e4d430f404f59944ee32c33062882bbcbb95d465c522501a3a192994d9,,,/home/pdblend4/results/2026-09-21/pdblend-optimization/profile-v2-parallel/raw.json,63df6c50e9d2fd4581db6abb289a202046365ddf0eb415df38a0790cb5efef79,pair-23/samples/d-1500-256-32-r2.json,5d150f2ed5b8c8151217847e426589090572a8c54b7f976a093f79003a091016,
3cc0913320e4dfc4fa9ccf23,,Qwen2.5-7B-Instruct,1,,decode,1500,64,,413.015625,,unspecified,0,,,,0.02958663257621449,218.3323,,,raw_pruned,False,1210c606499874a286056e7e1b6af84dc9e6d2ffc691d3aeb200596d6365c69c,sha256:0da4d3e4d430f404f59944ee32c33062882bbcbb95d465c522501a3a192994d9,,,/home/pdblend4/results/2026-09-21/pdblend-optimization/profile-v2-parallel/raw.json,63df6c50e9d2fd4581db6abb289a202046365ddf0eb415df38a0790cb5efef79,pair-23/samples/d-1500-256-64-r0.json,224b68d51442fbc2f78585e9ee0bf7adf32c23d4bf0a1100122c30d61d40b2cc,
ad580269d02ca934fd720905,,Qwen2.5-7B-Instruct,1,,decode,1500,64,,426.015625,,unspecified,1,,,,0.029592288316354243,225.72923,,,raw_pruned,False,1210c606499874a286056e7e1b6af84dc9e6d2ffc691d3aeb200596d6365c69c,sha256:0da4d3e4d430f404f59944ee32c33062882bbcbb95d465c522501a3a192994d9,,,/home/pdblend4/results/2026-09-21/pdblend-optimization/profile-v2-parallel/raw.json,63df6c50e9d2fd4581db6abb289a202046365ddf0eb415df38a0790cb5efef79,pair-23/samples/d-1500-256-64-r1.json,fad213c89a86738021ad3fd3ddf8db9a6b62be2b7c22049dab4cfcef90608ebd,
85bb2b1371b53fed880841ce,,Qwen2.5-7B-Instruct,1,,decode,1500,64,,426.515625,,unspecified,2,,,,0.029765861374991282,225.34384000000003,,,raw_pruned,False,1210c606499874a286056e7e1b6af84dc9e6d2ffc691d3aeb200596d6365c69c,sha256:0da4d3e4d430f404f59944ee32c33062882bbcbb95d465c522501a3a192994d9,,,/home/pdblend4/results/2026-09-21/pdblend-optimization/profile-v2-parallel/raw.json,63df6c50e9d2fd4581db6abb289a202046365ddf0eb415df38a0790cb5efef79,pair-23/samples/d-1500-256-64-r2.json,ab6c56fbba19f016ea1f28f5b08e8d09f9cbe3affdb2365cd387f524e64bfde4,
71eda44ab8ae6f4516ae7121,,Qwen2.5-7B-Instruct,1,,decode,1500,128,,390.0078125,,unspecified,0,,,,0.03937112064812127,250.96151999999998,,,raw_pruned,False,1210c606499874a286056e7e1b6af84dc9e6d2ffc691d3aeb200596d6365c69c,sha256:0da4d3e4d430f404f59944ee32c33062882bbcbb95d465c522501a3a192994d9,,,/home/pdblend4/results/2026-09-21/pdblend-optimization/profile-v2-parallel/raw.json,63df6c50e9d2fd4581db6abb289a202046365ddf0eb415df38a0790cb5efef79,pair-23/samples/d-1500-256-128-r0.json,5ee8b145eba45496e6f898d57b8faa718cb827c20ac86f687bfb1ad61215f912,
ec55899a5320e8b3b299f534,,Qwen2.5-7B-Instruct,1,,decode,1500,128,,390.0078125,,unspecified,1,,,,0.03937864866782361,253.11012,,,raw_pruned,False,1210c606499874a286056e7e1b6af84dc9e6d2ffc691d3aeb200596d6365c69c,sha256:0da4d3e4d430f404f59944ee32c33062882bbcbb95d465c522501a3a192994d9,,,/home/pdblend4/results/2026-09-21/pdblend-optimization/profile-v2-parallel/raw.json,63df6c50e9d2fd4581db6abb289a202046365ddf0eb415df38a0790cb5efef79,pair-23/samples/d-1500-256-128-r1.json,3dab2a4ff02d42c9fed3554005f2453f0e115a5a91bc867f0c5ff8ce7051b449,
d1d8df5f0b13f24407efde30,,Qwen2.5-7B-Instruct,1,,decode,1500,128,,390.0078125,,unspecified,2,,,,0.03937786770617868,251.199,,,raw_pruned,False,1210c606499874a286056e7e1b6af84dc9e6d2ffc691d3aeb200596d6365c69c,sha256:0da4d3e4d430f404f59944ee32c33062882bbcbb95d465c522501a3a192994d9,,,/home/pdblend4/results/2026-09-21/pdblend-optimization/profile-v2-parallel/raw.json,63df6c50e9d2fd4581db6abb289a202046365ddf0eb415df38a0790cb5efef79,pair-23/samples/d-1500-256-128-r2.json,dac6bcae37fcc90348bdb02f7721cd4c7596a950afb63ecf7fe2bae6dab3cdce,
a25eceff5fb08d4ca545d7fa,,Qwen2.5-7B-Instruct,1,,decode,1500,256,,338.0546875,,unspecified,0,,,,0.07463705005930431,239.75844,,,raw_pruned,False,1210c606499874a286056e7e1b6af84dc9e6d2ffc691d3aeb200596d6365c69c,sha256:0da4d3e4d430f404f59944ee32c33062882bbcbb95d465c522501a3a192994d9,,,/home/pdblend4/results/2026-09-21/pdblend-optimization/profile-v2-parallel/raw.json,63df6c50e9d2fd4581db6abb289a202046365ddf0eb415df38a0790cb5efef79,pair-23/samples/d-1500-256-256-r0.json,0eeec427b67ec2bead2d50589daeebf77734f634edef1f9d42d6dce2319ede35,
60252db7b101744f240df17a,,Qwen2.5-7B-Instruct,1,,decode,1500,256,,337.9765625,,unspecified,1,,,,0.07463418191938258,241.17648,,,raw_pruned,False,1210c606499874a286056e7e1b6af84dc9e6d2ffc691d3aeb200596d6365c69c,sha256:0da4d3e4d430f404f59944ee32c33062882bbcbb95d465c522501a3a192994d9,,,/home/pdblend4/results/2026-09-21/pdblend-optimization/profile-v2-parallel/raw.json,63df6c50e9d2fd4581db6abb289a202046365ddf0eb415df38a0790cb5efef79,pair-23/samples/d-1500-256-256-r1.json,c7ed621fe5e6f077a551571914ba7657baee6fc95bb27767627e5c95e508d167,
0719aef301cb22195e3dfaeb,,Qwen2.5-7B-Instruct,1,,decode,1500,256,,337.9765625,,unspecified,2,,,,0.07463739523247107,240.33896000000001,,,raw_pruned,False,1210c606499874a286056e7e1b6af84dc9e6d2ffc691d3aeb200596d6365c69c,sha256:0da4d3e4d430f404f59944ee32c33062882bbcbb95d465c522501a3a192994d9,,,/home/pdblend4/results/2026-09-21/pdblend-optimization/profile-v2-parallel/raw.json,63df6c50e9d2fd4581db6abb289a202046365ddf0eb415df38a0790cb5efef79,pair-23/samples/d-1500-256-256-r2.json,1e435f077a7950070429f28dfc130f7e5242e185a59026026a2999d43288eeeb,
9a29944a74c225db4bdd17c7,,Qwen2.5-7B-Instruct,1,,decode,1500,1,,1254.0,,unspecified,0,,,,0.021191721245393914,215.09441999999999,,,raw_pruned,False,1210c606499874a286056e7e1b6af84dc9e6d2ffc691d3aeb200596d6365c69c,sha256:0da4d3e4d430f404f59944ee32c33062882bbcbb95d465c522501a3a192994d9,,,/home/pdblend4/results/2026-09-21/pdblend-optimization/profile-v2-parallel/raw.json,63df6c50e9d2fd4581db6abb289a202046365ddf0eb415df38a0790cb5efef79,pair-23/samples/d-1500-1024-1-r0.json,c5e7a6fa801164fea798d7db4d81e3331fe3963700b821f3214f088c42c9c121,
5c2f62e505ffc49f9114889d,,Qwen2.5-7B-Instruct,1,,decode,1500,1,,1254.0,,unspecified,1,,,,0.021189020851911124,214.64458,,,raw_pruned,False,1210c606499874a286056e7e1b6af84dc9e6d2ffc691d3aeb200596d6365c69c,sha256:0da4d3e4d430f404f59944ee32c33062882bbcbb95d465c522501a3a192994d9,,,/home/pdblend4/results/2026-09-21/pdblend-optimization/profile-v2-parallel/raw.json,63df6c50e9d2fd4581db6abb289a202046365ddf0eb415df38a0790cb5efef79,pair-23/samples/d-1500-1024-1-r1.json,d29bc31e49692217d3d4bfb90c6fd3febeeb222cce6616e249ad06605184b7c1,
dfa5929717c0733f5cb76c76,,Qwen2.5-7B-Instruct,1,,decode,1500,1,,1254.0,,unspecified,2,,,,0.02118998967995078,215.29213,,,raw_pruned,False,1210c606499874a286056e7e1b6af84dc9e6d2ffc691d3aeb200596d6365c69c,sha256:0da4d3e4d430f404f59944ee32c33062882bbcbb95d465c522501a3a192994d9,,,/home/pdblend4/results/2026-09-21/pdblend-optimization/profile-v2-parallel/raw.json,63df6c50e9d2fd4581db6abb289a202046365ddf0eb415df38a0790cb5efef79,pair-23/samples/d-1500-1024-1-r2.json,d472baddf7b72561186a96ac37491616ab5cba1069c425c9db247407d2e3a776,
c124d2bb325946dacebe7f8c,,Qwen2.5-7B-Instruct,1,,decode,1500,4,,1233.75,,unspecified,0,,,,0.02325957653134368,199.55540000000002,,,raw_pruned,False,1210c606499874a286056e7e1b6af84dc9e6d2ffc691d3aeb200596d6365c69c,sha256:0da4d3e4d430f404f59944ee32c33062882bbcbb95d465c522501a3a192994d9,,,/home/pdblend4/results/2026-09-21/pdblend-optimization/profile-v2-parallel/raw.json,63df6c50e9d2fd4581db6abb289a202046365ddf0eb415df38a0790cb5efef79,pair-23/samples/d-1500-1024-4-r0.json,7c394eeadf9f90238e11614e9fbba74662e444178ea1258806e8128285165ba3,
f590fadb238b582b38148a28,,Qwen2.5-7B-Instruct,1,,decode,1500,4,,1234.25,,unspecified,1,,,,0.023370712717002796,198.55432000000002,,,raw_pruned,False,1210c606499874a286056e7e1b6af84dc9e6d2ffc691d3aeb200596d6365c69c,sha256:0da4d3e4d430f404f59944ee32c33062882bbcbb95d465c522501a3a192994d9,,,/home/pdblend4/results/2026-09-21/pdblend-optimization/profile-v2-parallel/raw.json,63df6c50e9d2fd4581db6abb289a202046365ddf0eb415df38a0790cb5efef79,pair-23/samples/d-1500-1024-4-r1.json,c28a141d89f234a1fc6719746014e081cfdc242b642fc37cd5b6af9f8f08dc04,
bd348e6d46dd0501d000fbe9,,Qwen2.5-7B-Instruct,1,,decode,1500,4,,1234.25,,unspecified,2,,,,0.023369815862067392,198.10285,,,raw_pruned,False,1210c606499874a286056e7e1b6af84dc9e6d2ffc691d3aeb200596d6365c69c,sha256:0da4d3e4d430f404f59944ee32c33062882bbcbb95d465c522501a3a192994d9,,,/home/pdblend4/results/2026-09-21/pdblend-optimization/profile-v2-parallel/raw.json,63df6c50e9d2fd4581db6abb289a202046365ddf0eb415df38a0790cb5efef79,pair-23/samples/d-1500-1024-4-r2.json,d5ecf523741f685a99c56322f9e7ce09bba1a89e1e7b0a2954be02595eb3e396,
3e9cc21171e9b68b31a636be,,Qwen2.5-7B-Instruct,1,,decode,1500,8,,1229.125,,unspecified,0,,,,0.02404042505300962,202.00635999999997,,,raw_pruned,False,1210c606499874a286056e7e1b6af84dc9e6d2ffc691d3aeb200596d6365c69c,sha256:0da4d3e4d430f404f59944ee32c33062882bbcbb95d465c522501a3a192994d9,,,/home/pdblend4/results/2026-09-21/pdblend-optimization/profile-v2-parallel/raw.json,63df6c50e9d2fd4581db6abb289a202046365ddf0eb415df38a0790cb5efef79,pair-23/samples/d-1500-1024-8-r0.json,0545900db9c6ac18e81d08a40bfaead2265cd9391d17f484eb3ec0e44ea5c18c,
3a4821ff79d7077b26b96292,,Qwen2.5-7B-Instruct,1,,decode,1500,8,,1229.125,,unspecified,1,,,,0.024039325805810783,201.96567,,,raw_pruned,False,1210c606499874a286056e7e1b6af84dc9e6d2ffc691d3aeb200596d6365c69c,sha256:0da4d3e4d430f404f59944ee32c33062882bbcbb95d465c522501a3a192994d9,,,/home/pdblend4/results/2026-09-21/pdblend-optimization/profile-v2-parallel/raw.json,63df6c50e9d2fd4581db6abb289a202046365ddf0eb415df38a0790cb5efef79,pair-23/samples/d-1500-1024-8-r1.json,d5352c4c9b00d1afc4292b4577e3f243054d93b4be46e22c3325136e2fba0542,
9f8a1198bfc5986433116ba3,,Qwen2.5-7B-Instruct,1,,decode,1500,8,,1229.125,,unspecified,2,,,,0.024040225606698256,201.72209999999998,,,raw_pruned,False,1210c606499874a286056e7e1b6af84dc9e6d2ffc691d3aeb200596d6365c69c,sha256:0da4d3e4d430f404f59944ee32c33062882bbcbb95d465c522501a3a192994d9,,,/home/pdblend4/results/2026-09-21/pdblend-optimization/profile-v2-parallel/raw.json,63df6c50e9d2fd4581db6abb289a202046365ddf0eb415df38a0790cb5efef79,pair-23/samples/d-1500-1024-8-r2.json,35ae113a3d2a1a60871c05d11853bbee1c526684fa7f55cbe96febfdc7c600c6,
e8f626b32ad9892c8b446eb8,,Qwen2.5-7B-Instruct,1,,decode,1500,16,,1221.5625,,unspecified,0,,,,0.025001524686813353,209.07963,,,raw_pruned,False,1210c606499874a286056e7e1b6af84dc9e6d2ffc691d3aeb200596d6365c69c,sha256:0da4d3e4d430f404f59944ee32c33062882bbcbb95d465c522501a3a192994d9,,,/home/pdblend4/results/2026-09-21/pdblend-optimization/profile-v2-parallel/raw.json,63df6c50e9d2fd4581db6abb289a202046365ddf0eb415df38a0790cb5efef79,pair-23/samples/d-1500-1024-16-r0.json,0b7a74740186c95e837cb9d4142709205c60148ecade9cbd1bd090b09428abb8,
5e08c4c3dc7cb4b5de219b71,,Qwen2.5-7B-Instruct,1,,decode,1500,16,,1221.6875,,unspecified,1,,,,0.025005167722702025,208.11058,,,raw_pruned,False,1210c606499874a286056e7e1b6af84dc9e6d2ffc691d3aeb200596d6365c69c,sha256:0da4d3e4d430f404f59944ee32c33062882bbcbb95d465c522501a3a192994d9,,,/home/pdblend4/results/2026-09-21/pdblend-optimization/profile-v2-parallel/raw.json,63df6c50e9d2fd4581db6abb289a202046365ddf0eb415df38a0790cb5efef79,pair-23/samples/d-1500-1024-16-r1.json,db3010485ad8bd809511feb1a2d9c68b04a91c0e88689223f0a25447eb52bc7c,
0f781574973732505b19daed,,Qwen2.5-7B-Instruct,1,,decode,1500,16,,1221.5625,,unspecified,2,,,,0.02500662922859192,208.79258000000002,,,raw_pruned,False,1210c606499874a286056e7e1b6af84dc9e6d2ffc691d3aeb200596d6365c69c,sha256:0da4d3e4d430f404f59944ee32c33062882bbcbb95d465c522501a3a192994d9,,,/home/pdblend4/results/2026-09-21/pdblend-optimization/profile-v2-parallel/raw.json,63df6c50e9d2fd4581db6abb289a202046365ddf0eb415df38a0790cb5efef79,pair-23/samples/d-1500-1024-16-r2.json,f108f0d6e61ebde012ce6a70f9c1ba9309e03cf7da22b1369a48b43efe0d966a,
40f908a451047b9592fbb142,,Qwen2.5-7B-Instruct,1,,decode,1500,32,,1194.03125,,unspecified,0,,,,0.02958660012871556,212.80764,,,raw_pruned,False,1210c606499874a286056e7e1b6af84dc9e6d2ffc691d3aeb200596d6365c69c,sha256:0da4d3e4d430f404f59944ee32c33062882bbcbb95d465c522501a3a192994d9,,,/home/pdblend4/results/2026-09-21/pdblend-optimization/profile-v2-parallel/raw.json,63df6c50e9d2fd4581db6abb289a202046365ddf0eb415df38a0790cb5efef79,pair-23/samples/d-1500-1024-32-r0.json,ca013db5587124d2bc8c50651663dda27eb4609befd9a48528195a619755f406,
8544e2ec54f787aeb569d86d,,Qwen2.5-7B-Instruct,1,,decode,1500,32,,1194.53125,,unspecified,1,,,,0.02976477004232861,213.00101999999998,,,raw_pruned,False,1210c606499874a286056e7e1b6af84dc9e6d2ffc691d3aeb200596d6365c69c,sha256:0da4d3e4d430f404f59944ee32c33062882bbcbb95d465c522501a3a192994d9,,,/home/pdblend4/results/2026-09-21/pdblend-optimization/profile-v2-parallel/raw.json,63df6c50e9d2fd4581db6abb289a202046365ddf0eb415df38a0790cb5efef79,pair-23/samples/d-1500-1024-32-r1.json,a5f84b89425cd1bc358b1a1a7312535eadcca32500e299d06a21b261d84aa3f0,
43c864e8e2a01924af268963,,Qwen2.5-7B-Instruct,1,,decode,1500,32,,1193.53125,,unspecified,2,,,,0.029767699184871856,212.86649,,,raw_pruned,False,1210c606499874a286056e7e1b6af84dc9e6d2ffc691d3aeb200596d6365c69c,sha256:0da4d3e4d430f404f59944ee32c33062882bbcbb95d465c522501a3a192994d9,,,/home/pdblend4/results/2026-09-21/pdblend-optimization/profile-v2-parallel/raw.json,63df6c50e9d2fd4581db6abb289a202046365ddf0eb415df38a0790cb5efef79,pair-23/samples/d-1500-1024-32-r2.json,a23ffec198ad330b4cb99da73d4d6fef40bf2505e886ea6d5ab2cca8b291e77e,
cdae04c3282b6f3aeb7eb921,,Qwen2.5-7B-Instruct,1,,decode,1500,64,,1179.015625,,unspecified,0,,,,0.033559186346578916,228.56866,,,raw_pruned,False,1210c606499874a286056e7e1b6af84dc9e6d2ffc691d3aeb200596d6365c69c,sha256:0da4d3e4d430f404f59944ee32c33062882bbcbb95d465c522501a3a192994d9,,,/home/pdblend4/results/2026-09-21/pdblend-optimization/profile-v2-parallel/raw.json,63df6c50e9d2fd4581db6abb289a202046365ddf0eb415df38a0790cb5efef79,pair-23/samples/d-1500-1024-64-r0.json,a6259efe89bb9861dd7b8debab9dc168a81f4afce22d018c8e42e65545f99e1e,
50a2d8f91fc70d83bf8b6ad2,,Qwen2.5-7B-Instruct,1,,decode,1500,64,,1179.015625,,unspecified,1,,,,0.03356215617800719,223.313,,,raw_pruned,False,1210c606499874a286056e7e1b6af84dc9e6d2ffc691d3aeb200596d6365c69c,sha256:0da4d3e4d430f404f59944ee32c33062882bbcbb95d465c522501a3a192994d9,,,/home/pdblend4/results/2026-09-21/pdblend-optimization/profile-v2-parallel/raw.json,63df6c50e9d2fd4581db6abb289a202046365ddf0eb415df38a0790cb5efef79,pair-23/samples/d-1500-1024-64-r1.json,414d96604b2e593b0e4d353141d1e545ec756072df0e6868e579aad1462837c9,
432a7d5aa3f7803253747e18,,Qwen2.5-7B-Instruct,1,,decode,1500,64,,1179.015625,,unspecified,2,,,,0.03356671813350396,226.53032,,,raw_pruned,False,1210c606499874a286056e7e1b6af84dc9e6d2ffc691d3aeb200596d6365c69c,sha256:0da4d3e4d430f404f59944ee32c33062882bbcbb95d465c522501a3a192994d9,,,/home/pdblend4/results/2026-09-21/pdblend-optimization/profile-v2-parallel/raw.json,63df6c50e9d2fd4581db6abb289a202046365ddf0eb415df38a0790cb5efef79,pair-23/samples/d-1500-1024-64-r2.json,40420a012060e95c4915f08fe0b1e8898eac6acd53109a592a84ef2bb75b5e38,
e906f6a17a2d612a261c36bc,,Qwen2.5-7B-Instruct,1,,decode,1500,128,,1143.0078125,,unspecified,0,,,,0.04762450853983561,247.11181,,,raw_pruned,False,1210c606499874a286056e7e1b6af84dc9e6d2ffc691d3aeb200596d6365c69c,sha256:0da4d3e4d430f404f59944ee32c33062882bbcbb95d465c522501a3a192994d9,,,/home/pdblend4/results/2026-09-21/pdblend-optimization/profile-v2-parallel/raw.json,63df6c50e9d2fd4581db6abb289a202046365ddf0eb415df38a0790cb5efef79,pair-23/samples/d-1500-1024-128-r0.json,d88721b32beeb918b4477f72eb36e109e02b08973b2a3fc9bae269765e978af8,
8ef855cf14c265c67ae72f2d,,Qwen2.5-7B-Instruct,1,,decode,1500,128,,1144.2578125,,unspecified,1,,,,0.04762460163661412,247.77093000000002,,,raw_pruned,False,1210c606499874a286056e7e1b6af84dc9e6d2ffc691d3aeb200596d6365c69c,sha256:0da4d3e4d430f404f59944ee32c33062882bbcbb95d465c522501a3a192994d9,,,/home/pdblend4/results/2026-09-21/pdblend-optimization/profile-v2-parallel/raw.json,63df6c50e9d2fd4581db6abb289a202046365ddf0eb415df38a0790cb5efef79,pair-23/samples/d-1500-1024-128-r1.json,1b2aff3ce1f235c26cb7b8ccff4414db50cad94490a92bbd70defcb580dd0ae0,
cbd054846e994780c163b0ef,,Qwen2.5-7B-Instruct,1,,decode,1500,128,,1143.0078125,,unspecified,2,,,,0.047621979032244,247.35269,,,raw_pruned,False,1210c606499874a286056e7e1b6af84dc9e6d2ffc691d3aeb200596d6365c69c,sha256:0da4d3e4d430f404f59944ee32c33062882bbcbb95d465c522501a3a192994d9,,,/home/pdblend4/results/2026-09-21/pdblend-optimization/profile-v2-parallel/raw.json,63df6c50e9d2fd4581db6abb289a202046365ddf0eb415df38a0790cb5efef79,pair-23/samples/d-1500-1024-128-r2.json,4ed5a8d62c9f3a05f9f31836021afb375bcd34cbdb29c266ce8ddf944e7c3c98,
d92fcca3f27af6005ae4a7ce,,Qwen2.5-7B-Instruct,1,,decode,1500,256,,1106.390625,,unspecified,0,,,,0.09260830172786007,236.26757,,,raw_pruned,False,1210c606499874a286056e7e1b6af84dc9e6d2ffc691d3aeb200596d6365c69c,sha256:0da4d3e4d430f404f59944ee32c33062882bbcbb95d465c522501a3a192994d9,,,/home/pdblend4/results/2026-09-21/pdblend-optimization/profile-v2-parallel/raw.json,63df6c50e9d2fd4581db6abb289a202046365ddf0eb415df38a0790cb5efef79,pair-23/samples/d-1500-1024-256-r0.json,f3e0c913fffb5e6b5d4c2ce3589a344fabda7346e3badb7f2f009c78b150d545,
bf05939f62f660d4ff5e2294,,Qwen2.5-7B-Instruct,1,,decode,1500,256,,1106.390625,,unspecified,1,,,,0.09259747134314643,236.36297,,,raw_pruned,False,1210c606499874a286056e7e1b6af84dc9e6d2ffc691d3aeb200596d6365c69c,sha256:0da4d3e4d430f404f59944ee32c33062882bbcbb95d465c522501a3a192994d9,,,/home/pdblend4/results/2026-09-21/pdblend-optimization/profile-v2-parallel/raw.json,63df6c50e9d2fd4581db6abb289a202046365ddf0eb415df38a0790cb5efef79,pair-23/samples/d-1500-1024-256-r1.json,c451ef73fdf20470752b950b06814264997beea63d39329243c54eebd27936ae,
3d4003f4b51f8def79adbc7e,,Qwen2.5-7B-Instruct,1,,decode,1500,256,,1106.390625,,unspecified,2,,,,0.09260265032450359,236.21799,,,raw_pruned,False,1210c606499874a286056e7e1b6af84dc9e6d2ffc691d3aeb200596d6365c69c,sha256:0da4d3e4d430f404f59944ee32c33062882bbcbb95d465c522501a3a192994d9,,,/home/pdblend4/results/2026-09-21/pdblend-optimization/profile-v2-parallel/raw.json,63df6c50e9d2fd4581db6abb289a202046365ddf0eb415df38a0790cb5efef79,pair-23/samples/d-1500-1024-256-r2.json,152cd336a63e533f55712d41f55f56ca48bd786c13a57885f8c7497422df7849,
9be5ffd967b81d96a2e8d3f0,,Qwen2.5-7B-Instruct,1,,decode,1500,1,,4320.5,,unspecified,0,,,,0.021646649290472914,211.98174,,,raw_pruned,False,1210c606499874a286056e7e1b6af84dc9e6d2ffc691d3aeb200596d6365c69c,sha256:0da4d3e4d430f404f59944ee32c33062882bbcbb95d465c522501a3a192994d9,,,/home/pdblend4/results/2026-09-21/pdblend-optimization/profile-v2-parallel/raw.json,63df6c50e9d2fd4581db6abb289a202046365ddf0eb415df38a0790cb5efef79,pair-23/samples/d-1500-4096-1-r0.json,1e0fc929732d61b66df2bf9ab93f1bcf7bb9f4c04d8f4cbc16dc404e4342425d,
2b36d41165f2b9dc25a52064,,Qwen2.5-7B-Instruct,1,,decode,1500,1,,4320.5,,unspecified,1,,,,0.021647183926074537,211.60013999999998,,,raw_pruned,False,1210c606499874a286056e7e1b6af84dc9e6d2ffc691d3aeb200596d6365c69c,sha256:0da4d3e4d430f404f59944ee32c33062882bbcbb95d465c522501a3a192994d9,,,/home/pdblend4/results/2026-09-21/pdblend-optimization/profile-v2-parallel/raw.json,63df6c50e9d2fd4581db6abb289a202046365ddf0eb415df38a0790cb5efef79,pair-23/samples/d-1500-4096-1-r1.json,09f2e8170197a02ee103a031f4ee6faf91317847345fcecef83f479d4a730c19,
46eb8a55b087e69fc599749a,,Qwen2.5-7B-Instruct,1,,decode,1500,1,,4320.5,,unspecified,2,,,,0.02165147236415318,211.19338,,,raw_pruned,False,1210c606499874a286056e7e1b6af84dc9e6d2ffc691d3aeb200596d6365c69c,sha256:0da4d3e4d430f404f59944ee32c33062882bbcbb95d465c522501a3a192994d9,,,/home/pdblend4/results/2026-09-21/pdblend-optimization/profile-v2-parallel/raw.json,63df6c50e9d2fd4581db6abb289a202046365ddf0eb415df38a0790cb5efef79,pair-23/samples/d-1500-4096-1-r2.json,fccb1cf4f825a2013bf76c9b4ba4b3d8bc7d873784ddb56e6a0e1694dcbf6f45,
6c0e0f1b029eb142a88c19b2,,Qwen2.5-7B-Instruct,1,,decode,1500,4,,4297.75,,unspecified,0,,,,0.024514034682629155,197.83604,,,raw_pruned,False,1210c606499874a286056e7e1b6af84dc9e6d2ffc691d3aeb200596d6365c69c,sha256:0da4d3e4d430f404f59944ee32c33062882bbcbb95d465c522501a3a192994d9,,,/home/pdblend4/results/2026-09-21/pdblend-optimization/profile-v2-parallel/raw.json,63df6c50e9d2fd4581db6abb289a202046365ddf0eb415df38a0790cb5efef79,pair-23/samples/d-1500-4096-4-r0.json,49cc511d994e8a94f542453bab2c2762d34e87f1aece8e4b099280a36b8d6b6a,
d8dbd372b05f38b0c8bdf39d,,Qwen2.5-7B-Instruct,1,,decode,1500,4,,4297.75,,unspecified,1,,,,0.0245136677050123,197.92145,,,raw_pruned,False,1210c606499874a286056e7e1b6af84dc9e6d2ffc691d3aeb200596d6365c69c,sha256:0da4d3e4d430f404f59944ee32c33062882bbcbb95d465c522501a3a192994d9,,,/home/pdblend4/results/2026-09-21/pdblend-optimization/profile-v2-parallel/raw.json,63df6c50e9d2fd4581db6abb289a202046365ddf0eb415df38a0790cb5efef79,pair-23/samples/d-1500-4096-4-r1.json,19ec8f75413bff27c8cb8975a092e27fff4ff8a87caf09a470dc2d25514571f9,
3217871763e596f3be13c1f9,,Qwen2.5-7B-Instruct,1,,decode,1500,4,,4297.75,,unspecified,2,,,,0.02451489018458946,197.65061000000003,,,raw_pruned,False,1210c606499874a286056e7e1b6af84dc9e6d2ffc691d3aeb200596d6365c69c,sha256:0da4d3e4d430f404f59944ee32c33062882bbcbb95d465c522501a3a192994d9,,,/home/pdblend4/results/2026-09-21/pdblend-optimization/profile-v2-parallel/raw.json,63df6c50e9d2fd4581db6abb289a202046365ddf0eb415df38a0790cb5efef79,pair-23/samples/d-1500-4096-4-r2.json,81ed547cc6e1c53df95a660b61b4a67e6e07f332368ea9321ebc7ac8b7aeb3f6,
9c6935ced66d589a9a78ad4f,,Qwen2.5-7B-Instruct,1,,decode,1500,8,,4288.125,,unspecified,0,,,,0.026046584049860638,203.05707999999998,,,raw_pruned,False,1210c606499874a286056e7e1b6af84dc9e6d2ffc691d3aeb200596d6365c69c,sha256:0da4d3e4d430f404f59944ee32c33062882bbcbb95d465c522501a3a192994d9,,,/home/pdblend4/results/2026-09-21/pdblend-optimization/profile-v2-parallel/raw.json,63df6c50e9d2fd4581db6abb289a202046365ddf0eb415df38a0790cb5efef79,pair-23/samples/d-1500-4096-8-r0.json,0f12d78e7eb14def728995f55f6fad524edc431fd5902d7b856fe97a009df72c,
0a99fba512284c79a9a6edee,,Qwen2.5-7B-Instruct,1,,decode,1500,8,,4288.125,,unspecified,1,,,,0.026049626370271046,202.79038,,,raw_pruned,False,1210c606499874a286056e7e1b6af84dc9e6d2ffc691d3aeb200596d6365c69c,sha256:0da4d3e4d430f404f59944ee32c33062882bbcbb95d465c522501a3a192994d9,,,/home/pdblend4/results/2026-09-21/pdblend-optimization/profile-v2-parallel/raw.json,63df6c50e9d2fd4581db6abb289a202046365ddf0eb415df38a0790cb5efef79,pair-23/samples/d-1500-4096-8-r1.json,97c5c7619da918d7ab9a82086dfd64008a051620f0c3d1b2e92fe07d65b7788f,
e3902325cd6c0c95f41c0db0,,Qwen2.5-7B-Instruct,1,,decode,1500,8,,4287.625,,unspecified,2,,,,0.0260466771821181,202.52389,,,raw_pruned,False,1210c606499874a286056e7e1b6af84dc9e6d2ffc691d3aeb200596d6365c69c,sha256:0da4d3e4d430f404f59944ee32c33062882bbcbb95d465c522501a3a192994d9,,,/home/pdblend4/results/2026-09-21/pdblend-optimization/profile-v2-parallel/raw.json,63df6c50e9d2fd4581db6abb289a202046365ddf0eb415df38a0790cb5efef79,pair-23/samples/d-1500-4096-8-r2.json,3ff188146dc50aabf10ec7120dd462c799debad70a831b7dd51a706ba4de2212,
1967d6e8389dc48f441f2616,,Qwen2.5-7B-Instruct,1,,decode,1500,16,,4271.0625,,unspecified,0,,,,0.02924343717028523,209.50856,,,raw_pruned,False,1210c606499874a286056e7e1b6af84dc9e6d2ffc691d3aeb200596d6365c69c,sha256:0da4d3e4d430f404f59944ee32c33062882bbcbb95d465c522501a3a192994d9,,,/home/pdblend4/results/2026-09-21/pdblend-optimization/profile-v2-parallel/raw.json,63df6c50e9d2fd4581db6abb289a202046365ddf0eb415df38a0790cb5efef79,pair-23/samples/d-1500-4096-16-r0.json,e79fe679869f532ac598defc234ee912fb164184b69cd777aa7f2c97e4ad79a4,
8cecfb1e8902de8c10bddd7b,,Qwen2.5-7B-Instruct,1,,decode,1500,16,,4271.0625,,unspecified,1,,,,0.029245263651797648,209.45462,,,raw_pruned,False,1210c606499874a286056e7e1b6af84dc9e6d2ffc691d3aeb200596d6365c69c,sha256:0da4d3e4d430f404f59944ee32c33062882bbcbb95d465c522501a3a192994d9,,,/home/pdblend4/results/2026-09-21/pdblend-optimization/profile-v2-parallel/raw.json,63df6c50e9d2fd4581db6abb289a202046365ddf0eb415df38a0790cb5efef79,pair-23/samples/d-1500-4096-16-r1.json,82042136b6bc1f49da82f42b3a761d903dc2b6adf6fc34231b1ea3963a411920,
f9e2680bb6dd40e665c59adf,,Qwen2.5-7B-Instruct,1,,decode,1500,16,,4271.0625,,unspecified,2,,,,0.02924693537037275,209.68864000000002,,,raw_pruned,False,1210c606499874a286056e7e1b6af84dc9e6d2ffc691d3aeb200596d6365c69c,sha256:0da4d3e4d430f404f59944ee32c33062882bbcbb95d465c522501a3a192994d9,,,/home/pdblend4/results/2026-09-21/pdblend-optimization/profile-v2-parallel/raw.json,63df6c50e9d2fd4581db6abb289a202046365ddf0eb415df38a0790cb5efef79,pair-23/samples/d-1500-4096-16-r2.json,eb6f5df36343e0afab46c306679ea497d45b04642c6db88a2448d0c83f24fd24,
6289b576bd37d136104928bf,,Qwen2.5-7B-Instruct,1,,decode,1500,32,,4239.53125,,unspecified,0,,,,0.03787997997168339,214.44648,,,raw_pruned,False,1210c606499874a286056e7e1b6af84dc9e6d2ffc691d3aeb200596d6365c69c,sha256:0da4d3e4d430f404f59944ee32c33062882bbcbb95d465c522501a3a192994d9,,,/home/pdblend4/results/2026-09-21/pdblend-optimization/profile-v2-parallel/raw.json,63df6c50e9d2fd4581db6abb289a202046365ddf0eb415df38a0790cb5efef79,pair-23/samples/d-1500-4096-32-r0.json,9282f596777c03cda0ce8eb400084561e771d7610e8438d96618e5a6f03e6e54,
f28f774fd482d1fb0229c25a,,Qwen2.5-7B-Instruct,1,,decode,1500,32,,4239.53125,,unspecified,1,,,,0.03788255200241551,214.82384000000002,,,raw_pruned,False,1210c606499874a286056e7e1b6af84dc9e6d2ffc691d3aeb200596d6365c69c,sha256:0da4d3e4d430f404f59944ee32c33062882bbcbb95d465c522501a3a192994d9,,,/home/pdblend4/results/2026-09-21/pdblend-optimization/profile-v2-parallel/raw.json,63df6c50e9d2fd4581db6abb289a202046365ddf0eb415df38a0790cb5efef79,pair-23/samples/d-1500-4096-32-r1.json,ebaaf1b402a1c44a5df86218506015cf9ab394576efb6ec5e5dd34213600a32e,
3a1411ba5b945eb936501ff2,,Qwen2.5-7B-Instruct,1,,decode,1500,32,,4240.03125,,unspecified,2,,,,0.03789018139694676,215.80023,,,raw_pruned,False,1210c606499874a286056e7e1b6af84dc9e6d2ffc691d3aeb200596d6365c69c,sha256:0da4d3e4d430f404f59944ee32c33062882bbcbb95d465c522501a3a192994d9,,,/home/pdblend4/results/2026-09-21/pdblend-optimization/profile-v2-parallel/raw.json,63df6c50e9d2fd4581db6abb289a202046365ddf0eb415df38a0790cb5efef79,pair-23/samples/d-1500-4096-32-r2.json,a37dc5f8c200d04871b2318086d577c04ef762a1abab757853e89ee1a119e098,
318f4bee027bc982a4c65df3,,Qwen2.5-7B-Instruct,1,,decode,1500,64,,4219.015625,,unspecified,0,,,,0.04951249962986106,230.88157999999999,,,raw_pruned,False,1210c606499874a286056e7e1b6af84dc9e6d2ffc691d3aeb200596d6365c69c,sha256:0da4d3e4d430f404f59944ee32c33062882bbcbb95d465c522501a3a192994d9,,,/home/pdblend4/results/2026-09-21/pdblend-optimization/profile-v2-parallel/raw.json,63df6c50e9d2fd4581db6abb289a202046365ddf0eb415df38a0790cb5efef79,pair-23/samples/d-1500-4096-64-r0.json,29b10ab94aad791771ab016db2e9c2532a68f40e1e9e0bde3edaffca301e1359,
8480945d3da7bdf74a87445d,,Qwen2.5-7B-Instruct,1,,decode,1500,64,,4219.515625,,unspecified,1,,,,0.04950796023453816,231.91258000000002,,,raw_pruned,False,1210c606499874a286056e7e1b6af84dc9e6d2ffc691d3aeb200596d6365c69c,sha256:0da4d3e4d430f404f59944ee32c33062882bbcbb95d465c522501a3a192994d9,,,/home/pdblend4/results/2026-09-21/pdblend-optimization/profile-v2-parallel/raw.json,63df6c50e9d2fd4581db6abb289a202046365ddf0eb415df38a0790cb5efef79,pair-23/samples/d-1500-4096-64-r1.json,02203827059560762130514a225ec2603a623dd55dc3fcf65a96829adf3560f0,
f8e0317e854d0b8483abdf12,,Qwen2.5-7B-Instruct,1,,decode,1500,64,,4219.015625,,unspecified,2,,,,0.049512780538879995,233.30047,,,raw_pruned,False,1210c606499874a286056e7e1b6af84dc9e6d2ffc691d3aeb200596d6365c69c,sha256:0da4d3e4d430f404f59944ee32c33062882bbcbb95d465c522501a3a192994d9,,,/home/pdblend4/results/2026-09-21/pdblend-optimization/profile-v2-parallel/raw.json,63df6c50e9d2fd4581db6abb289a202046365ddf0eb415df38a0790cb5efef79,pair-23/samples/d-1500-4096-64-r2.json,459b25703e7f649820e85c8b68426f203bfcc7052e83973b50bc65b23474496d,
8272cdbe63f2a6bc13c7ee04,,Qwen2.5-7B-Instruct,1,,decode,1800,1,,489.0,,unspecified,0,,,,0.020834469795227052,221.74836,,,raw_pruned,False,1210c606499874a286056e7e1b6af84dc9e6d2ffc691d3aeb200596d6365c69c,sha256:0da4d3e4d430f404f59944ee32c33062882bbcbb95d465c522501a3a192994d9,,,/home/pdblend4/results/2026-09-21/pdblend-optimization/profile-v2-parallel/raw.json,63df6c50e9d2fd4581db6abb289a202046365ddf0eb415df38a0790cb5efef79,pair-23/samples/d-1800-256-1-r0.json,f736f830cdb919000e7d89563b9631e87414e24e24128354590a83ac61fa8760,
aba40cd2d11b284f6c1f6f6f,,Qwen2.5-7B-Instruct,1,,decode,1800,1,,489.0,,unspecified,1,,,,0.02083665629227956,222.08472727272726,,,raw_pruned,False,1210c606499874a286056e7e1b6af84dc9e6d2ffc691d3aeb200596d6365c69c,sha256:0da4d3e4d430f404f59944ee32c33062882bbcbb95d465c522501a3a192994d9,,,/home/pdblend4/results/2026-09-21/pdblend-optimization/profile-v2-parallel/raw.json,63df6c50e9d2fd4581db6abb289a202046365ddf0eb415df38a0790cb5efef79,pair-23/samples/d-1800-256-1-r1.json,074da34b938ac60f98b68bc68d205f0ac3d8929c4fce7f37acce2e5e7c5e5d60,
415fc92be9e6942381a06249,,Qwen2.5-7B-Instruct,1,,decode,1800,1,,489.0,,unspecified,2,,,,0.02083973288536072,221.9471414141414,,,raw_pruned,False,1210c606499874a286056e7e1b6af84dc9e6d2ffc691d3aeb200596d6365c69c,sha256:0da4d3e4d430f404f59944ee32c33062882bbcbb95d465c522501a3a192994d9,,,/home/pdblend4/results/2026-09-21/pdblend-optimization/profile-v2-parallel/raw.json,63df6c50e9d2fd4581db6abb289a202046365ddf0eb415df38a0790cb5efef79,pair-23/samples/d-1800-256-1-r2.json,4bce8b466ab288abb0b0d31a810f3ac0c3ba160b8795cc2f0ed94efe1925f820,
03c9fb3e84d4f1ac9dcc941e,,Qwen2.5-7B-Instruct,1,,decode,1800,4,,473.25,,unspecified,0,,,,0.022523950886082004,207.6869292929293,,,raw_pruned,False,1210c606499874a286056e7e1b6af84dc9e6d2ffc691d3aeb200596d6365c69c,sha256:0da4d3e4d430f404f59944ee32c33062882bbcbb95d465c522501a3a192994d9,,,/home/pdblend4/results/2026-09-21/pdblend-optimization/profile-v2-parallel/raw.json,63df6c50e9d2fd4581db6abb289a202046365ddf0eb415df38a0790cb5efef79,pair-23/samples/d-1800-256-4-r0.json,ce6fcd55d510222b6f4070af88b61ebe070bf6afec8b8a54d541b712146dbef6,
241738a2f325684447c7fb97,,Qwen2.5-7B-Instruct,1,,decode,1800,4,,473.25,,unspecified,1,,,,0.0225233269167376,207.7408484848485,,,raw_pruned,False,1210c606499874a286056e7e1b6af84dc9e6d2ffc691d3aeb200596d6365c69c,sha256:0da4d3e4d430f404f59944ee32c33062882bbcbb95d465c522501a3a192994d9,,,/home/pdblend4/results/2026-09-21/pdblend-optimization/profile-v2-parallel/raw.json,63df6c50e9d2fd4581db6abb289a202046365ddf0eb415df38a0790cb5efef79,pair-23/samples/d-1800-256-4-r1.json,ff195cef3daef7c44b0f2f8882a50e0288d278bf6581fc9d5db9c57df2ddb555,
d7858c3e06dace7bd7870046,,Qwen2.5-7B-Instruct,1,,decode,1800,4,,473.25,,unspecified,2,,,,0.022526978372453568,208.10937373737374,,,raw_pruned,False,1210c606499874a286056e7e1b6af84dc9e6d2ffc691d3aeb200596d6365c69c,sha256:0da4d3e4d430f404f59944ee32c33062882bbcbb95d465c522501a3a192994d9,,,/home/pdblend4/results/2026-09-21/pdblend-optimization/profile-v2-parallel/raw.json,63df6c50e9d2fd4581db6abb289a202046365ddf0eb415df38a0790cb5efef79,pair-23/samples/d-1800-256-4-r2.json,baef0bf6fa4c6c5ba9736423293cbc722e62e7265e3242665f7e4cbd4d6ad073,
b8cefbcb8ccc74deb218a9c4,,Qwen2.5-7B-Instruct,1,,decode,1800,8,,469.125,,unspecified,0,,,,0.022938541316111154,212.05394,,,raw_pruned,False,1210c606499874a286056e7e1b6af84dc9e6d2ffc691d3aeb200596d6365c69c,sha256:0da4d3e4d430f404f59944ee32c33062882bbcbb95d465c522501a3a192994d9,,,/home/pdblend4/results/2026-09-21/pdblend-optimization/profile-v2-parallel/raw.json,63df6c50e9d2fd4581db6abb289a202046365ddf0eb415df38a0790cb5efef79,pair-23/samples/d-1800-256-8-r0.json,af6bd4f165989508306a3c50fc0ebc8e77a22b9e98424a1744a848fa135bf4cf,
aaa49f87c07b141f746835c7,,Qwen2.5-7B-Instruct,1,,decode,1800,8,,469.125,,unspecified,1,,,,0.0229387075529186,212.0560404040404,,,raw_pruned,False,1210c606499874a286056e7e1b6af84dc9e6d2ffc691d3aeb200596d6365c69c,sha256:0da4d3e4d430f404f59944ee32c33062882bbcbb95d465c522501a3a192994d9,,,/home/pdblend4/results/2026-09-21/pdblend-optimization/profile-v2-parallel/raw.json,63df6c50e9d2fd4581db6abb289a202046365ddf0eb415df38a0790cb5efef79,pair-23/samples/d-1800-256-8-r1.json,90450c2720e2e4dd5c553d7223292fb3add3b390370ed011b36d8b4843f0301b,
1d6b764ac2d62b6672fd78ee,,Qwen2.5-7B-Instruct,1,,decode,1800,8,,469.125,,unspecified,2,,,,0.02293614619368807,211.8870808080808,,,raw_pruned,False,1210c606499874a286056e7e1b6af84dc9e6d2ffc691d3aeb200596d6365c69c,sha256:0da4d3e4d430f404f59944ee32c33062882bbcbb95d465c522501a3a192994d9,,,/home/pdblend4/results/2026-09-21/pdblend-optimization/profile-v2-parallel/raw.json,63df6c50e9d2fd4581db6abb289a202046365ddf0eb415df38a0790cb5efef79,pair-23/samples/d-1800-256-8-r2.json,2c6101e6ac9ff2583a75fdad1291a4ed352f1330280820882ecfe5b677b8b35e,
8a03462adcfc71d17c2a7c3f,,Qwen2.5-7B-Instruct,1,,decode,1800,16,,465.5625,,unspecified,0,,,,0.023475796963687234,219.5077,,,raw_pruned,False,1210c606499874a286056e7e1b6af84dc9e6d2ffc691d3aeb200596d6365c69c,sha256:0da4d3e4d430f404f59944ee32c33062882bbcbb95d465c522501a3a192994d9,,,/home/pdblend4/results/2026-09-21/pdblend-optimization/profile-v2-parallel/raw.json,63df6c50e9d2fd4581db6abb289a202046365ddf0eb415df38a0790cb5efef79,pair-23/samples/d-1800-256-16-r0.json,9d12f393a63c2767385cb6afa2ab0b8816f675ddd99517bf239612b40ee250cc,
02360ad74d55e9954e772a48,,Qwen2.5-7B-Instruct,1,,decode,1800,16,,465.5625,,unspecified,1,,,,0.023477372988848617,219.90580808080807,,,raw_pruned,False,1210c606499874a286056e7e1b6af84dc9e6d2ffc691d3aeb200596d6365c69c,sha256:0da4d3e4d430f404f59944ee32c33062882bbcbb95d465c522501a3a192994d9,,,/home/pdblend4/results/2026-09-21/pdblend-optimization/profile-v2-parallel/raw.json,63df6c50e9d2fd4581db6abb289a202046365ddf0eb415df38a0790cb5efef79,pair-23/samples/d-1800-256-16-r1.json,40a6fe81ce914f8783cbdc2e43e0ac2c43666d3afa4ecb5adc5d308415c175e6,
7d6b89d29ea067cd72b6d382,,Qwen2.5-7B-Instruct,1,,decode,1800,16,,465.5625,,unspecified,2,,,,0.023478305395780035,220.11282828282827,,,raw_pruned,False,1210c606499874a286056e7e1b6af84dc9e6d2ffc691d3aeb200596d6365c69c,sha256:0da4d3e4d430f404f59944ee32c33062882bbcbb95d465c522501a3a192994d9,,,/home/pdblend4/results/2026-09-21/pdblend-optimization/profile-v2-parallel/raw.json,63df6c50e9d2fd4581db6abb289a202046365ddf0eb415df38a0790cb5efef79,pair-23/samples/d-1800-256-16-r2.json,b72af569460f0b5f4265ed7f53c520b9e478f50e5ba954b330846ba140e6d68f,
5d09bb2d8dd952d6d4ac5e1c,,Qwen2.5-7B-Instruct,1,,decode,1800,32,,440.03125,,unspecified,0,,,,0.02717868141506029,224.85635353535352,,,raw_pruned,False,1210c606499874a286056e7e1b6af84dc9e6d2ffc691d3aeb200596d6365c69c,sha256:0da4d3e4d430f404f59944ee32c33062882bbcbb95d465c522501a3a192994d9,,,/home/pdblend4/results/2026-09-21/pdblend-optimization/profile-v2-parallel/raw.json,63df6c50e9d2fd4581db6abb289a202046365ddf0eb415df38a0790cb5efef79,pair-23/samples/d-1800-256-32-r0.json,2039d07637127ad297aa2a4b0741c4883abffe278dca774c3b1b604a0af99fce,
3fd4834d00b5c87a6252904a,,Qwen2.5-7B-Instruct,1,,decode,1800,32,,440.03125,,unspecified,1,,,,0.02717976207318513,224.22132000000002,,,raw_pruned,False,1210c606499874a286056e7e1b6af84dc9e6d2ffc691d3aeb200596d6365c69c,sha256:0da4d3e4d430f404f59944ee32c33062882bbcbb95d465c522501a3a192994d9,,,/home/pdblend4/results/2026-09-21/pdblend-optimization/profile-v2-parallel/raw.json,63df6c50e9d2fd4581db6abb289a202046365ddf0eb415df38a0790cb5efef79,pair-23/samples/d-1800-256-32-r1.json,6a32a2cb4cdd79a5916ce2eef5ebea71ea34c7cdb43a3a655733afe952556e6f,
c6d77ddf5aa5c266f7983563,,Qwen2.5-7B-Instruct,1,,decode,1800,32,,440.03125,,unspecified,2,,,,0.027175991431526516,223.78997979797978,,,raw_pruned,False,1210c606499874a286056e7e1b6af84dc9e6d2ffc691d3aeb200596d6365c69c,sha256:0da4d3e4d430f404f59944ee32c33062882bbcbb95d465c522501a3a192994d9,,,/home/pdblend4/results/2026-09-21/pdblend-optimization/profile-v2-parallel/raw.json,63df6c50e9d2fd4581db6abb289a202046365ddf0eb415df38a0790cb5efef79,pair-23/samples/d-1800-256-32-r2.json,a079efad5a14aa815e67f75a45243368eaf5af76ccec1f40549be17444840032,
e12ff3369d900a01b9e3d1ef,,Qwen2.5-7B-Instruct,1,,decode,1800,64,,429.015625,,unspecified,0,,,,0.02924437829625537,237.0176,,,raw_pruned,False,1210c606499874a286056e7e1b6af84dc9e6d2ffc691d3aeb200596d6365c69c,sha256:0da4d3e4d430f404f59944ee32c33062882bbcbb95d465c522501a3a192994d9,,,/home/pdblend4/results/2026-09-21/pdblend-optimization/profile-v2-parallel/raw.json,63df6c50e9d2fd4581db6abb289a202046365ddf0eb415df38a0790cb5efef79,pair-23/samples/d-1800-256-64-r0.json,573cd65406e75eda994d862df46a4909c5974e2d791a56dd8964158c5d5f07aa,
c1eac529b5fc241f6217544e,,Qwen2.5-7B-Instruct,1,,decode,1800,64,,429.015625,,unspecified,1,,,,0.029245273411622523,236.25381000000002,,,raw_pruned,False,1210c606499874a286056e7e1b6af84dc9e6d2ffc691d3aeb200596d6365c69c,sha256:0da4d3e4d430f404f59944ee32c33062882bbcbb95d465c522501a3a192994d9,,,/home/pdblend4/results/2026-09-21/pdblend-optimization/profile-v2-parallel/raw.json,63df6c50e9d2fd4581db6abb289a202046365ddf0eb415df38a0790cb5efef79,pair-23/samples/d-1800-256-64-r1.json,33ff6da910cf304e6667b45bc2ecf6230bbd98ae9ebd444b0acb04b26c427e16,
487be814fe8bc0124016e4d5,,Qwen2.5-7B-Instruct,1,,decode,1800,64,,429.015625,,unspecified,2,,,,0.02924070720784148,235.8885,,,raw_pruned,False,1210c606499874a286056e7e1b6af84dc9e6d2ffc691d3aeb200596d6365c69c,sha256:0da4d3e4d430f404f59944ee32c33062882bbcbb95d465c522501a3a192994d9,,,/home/pdblend4/results/2026-09-21/pdblend-optimization/profile-v2-parallel/raw.json,63df6c50e9d2fd4581db6abb289a202046365ddf0eb415df38a0790cb5efef79,pair-23/samples/d-1800-256-64-r2.json,a147dd9f8c16aea858b255d596e20adbe100f4eee08cecede9fe49fd3c999a76,
856463e956e8ac7ace573259,,Qwen2.5-7B-Instruct,1,,decode,1800,128,,401.078125,,unspecified,0,,,,0.03597867231574847,275.97345,,,raw_pruned,False,1210c606499874a286056e7e1b6af84dc9e6d2ffc691d3aeb200596d6365c69c,sha256:0da4d3e4d430f404f59944ee32c33062882bbcbb95d465c522501a3a192994d9,,,/home/pdblend4/results/2026-09-21/pdblend-optimization/profile-v2-parallel/raw.json,63df6c50e9d2fd4581db6abb289a202046365ddf0eb415df38a0790cb5efef79,pair-23/samples/d-1800-256-128-r0.json,b357c86e85339464396ceed3bdfa49830e507c07cdd594ed1cb68dd15fa07a57,
28b914b8740740425a00cd96,,Qwen2.5-7B-Instruct,1,,decode,1800,128,,401.0078125,,unspecified,1,,,,0.03597285078583862,276.2745,,,raw_pruned,False,1210c606499874a286056e7e1b6af84dc9e6d2ffc691d3aeb200596d6365c69c,sha256:0da4d3e4d430f404f59944ee32c33062882bbcbb95d465c522501a3a192994d9,,,/home/pdblend4/results/2026-09-21/pdblend-optimization/profile-v2-parallel/raw.json,63df6c50e9d2fd4581db6abb289a202046365ddf0eb415df38a0790cb5efef79,pair-23/samples/d-1800-256-128-r1.json,db7f23e67de6b7ee02274661527a4af370e81aa2fd77ad4691098536b6006128,
8150389095ac5ac5d0e24d52,,Qwen2.5-7B-Instruct,1,,decode,1800,128,,401.0078125,,unspecified,2,,,,0.035972849070597036,275.43817,,,raw_pruned,False,1210c606499874a286056e7e1b6af84dc9e6d2ffc691d3aeb200596d6365c69c,sha256:0da4d3e4d430f404f59944ee32c33062882bbcbb95d465c522501a3a192994d9,,,/home/pdblend4/results/2026-09-21/pdblend-optimization/profile-v2-parallel/raw.json,63df6c50e9d2fd4581db6abb289a202046365ddf0eb415df38a0790cb5efef79,pair-23/samples/d-1800-256-128-r2.json,6ac67c53b5b187bbdafe09243b9c915e718c0ab9422069798ea8f6c5cfdd4d2d,
18382489e7f8734142515875,,Qwen2.5-7B-Instruct,1,,decode,1800,256,,346.98046875,,unspecified,0,,,,0.06494921213620669,268.28434,,,raw_pruned,False,1210c606499874a286056e7e1b6af84dc9e6d2ffc691d3aeb200596d6365c69c,sha256:0da4d3e4d430f404f59944ee32c33062882bbcbb95d465c522501a3a192994d9,,,/home/pdblend4/results/2026-09-21/pdblend-optimization/profile-v2-parallel/raw.json,63df6c50e9d2fd4581db6abb289a202046365ddf0eb415df38a0790cb5efef79,pair-23/samples/d-1800-256-256-r0.json,0348fb4e3f6c5072bc64fa59946a224eb3951706eef213671f396b52cdd64f6d,
0d3a9a27e107291f2ccd899c,,Qwen2.5-7B-Instruct,1,,decode,1800,256,,347.2265625,,unspecified,1,,,,0.06453852807321857,268.40596,,,raw_pruned,False,1210c606499874a286056e7e1b6af84dc9e6d2ffc691d3aeb200596d6365c69c,sha256:0da4d3e4d430f404f59944ee32c33062882bbcbb95d465c522501a3a192994d9,,,/home/pdblend4/results/2026-09-21/pdblend-optimization/profile-v2-parallel/raw.json,63df6c50e9d2fd4581db6abb289a202046365ddf0eb415df38a0790cb5efef79,pair-23/samples/d-1800-256-256-r1.json,b9fd6d7dd303b4a1873b7b8d59488522d70f06942d031d6a6d52b04052408e03,
989c63c463df39fb3fb91974,,Qwen2.5-7B-Instruct,1,,decode,1800,256,,346.9765625,,unspecified,2,,,,0.06493705278867251,269.3591,,,raw_pruned,False,1210c606499874a286056e7e1b6af84dc9e6d2ffc691d3aeb200596d6365c69c,sha256:0da4d3e4d430f404f59944ee32c33062882bbcbb95d465c522501a3a192994d9,,,/home/pdblend4/results/2026-09-21/pdblend-optimization/profile-v2-parallel/raw.json,63df6c50e9d2fd4581db6abb289a202046365ddf0eb415df38a0790cb5efef79,pair-23/samples/d-1800-256-256-r2.json,fd1081b58c18d52bb0241c1bcc751305dd49d28152a1db20d50364d342899d19,
14feaec416dd89bea4c3d65d,,Qwen2.5-7B-Instruct,1,,decode,1800,1,,1256.5,,unspecified,0,,,,0.02092107270053241,222.70436,,,raw_pruned,False,1210c606499874a286056e7e1b6af84dc9e6d2ffc691d3aeb200596d6365c69c,sha256:0da4d3e4d430f404f59944ee32c33062882bbcbb95d465c522501a3a192994d9,,,/home/pdblend4/results/2026-09-21/pdblend-optimization/profile-v2-parallel/raw.json,63df6c50e9d2fd4581db6abb289a202046365ddf0eb415df38a0790cb5efef79,pair-23/samples/d-1800-1024-1-r0.json,c9309f5bb4cc9d3df242133530afc913b20c49dc81334604a620739674866243,
d4f61646cd3f2c09ef09a8f3,,Qwen2.5-7B-Instruct,1,,decode,1800,1,,1256.5,,unspecified,1,,,,0.02092147472014487,222.2839494949495,,,raw_pruned,False,1210c606499874a286056e7e1b6af84dc9e6d2ffc691d3aeb200596d6365c69c,sha256:0da4d3e4d430f404f59944ee32c33062882bbcbb95d465c522501a3a192994d9,,,/home/pdblend4/results/2026-09-21/pdblend-optimization/profile-v2-parallel/raw.json,63df6c50e9d2fd4581db6abb289a202046365ddf0eb415df38a0790cb5efef79,pair-23/samples/d-1800-1024-1-r1.json,3442cb66d776f1997ef8d3fb8908094fcefede15ffd863fa2496d5ed2194fca0,
3e38684a5f0a05304da3dbad,,Qwen2.5-7B-Instruct,1,,decode,1800,1,,1256.5,,unspecified,2,,,,0.020926460561393197,222.09366666666668,,,raw_pruned,False,1210c606499874a286056e7e1b6af84dc9e6d2ffc691d3aeb200596d6365c69c,sha256:0da4d3e4d430f404f59944ee32c33062882bbcbb95d465c522501a3a192994d9,,,/home/pdblend4/results/2026-09-21/pdblend-optimization/profile-v2-parallel/raw.json,63df6c50e9d2fd4581db6abb289a202046365ddf0eb415df38a0790cb5efef79,pair-23/samples/d-1800-1024-1-r2.json,ddbe6aa42dd0ecd4cb756e8b95ebb1bf369ce8c0054329ecb88ad55ca90bbfd5,
07473edf4ab29a2890243bc6,,Qwen2.5-7B-Instruct,1,,decode,1800,4,,1238.25,,unspecified,0,,,,0.022936294931884205,206.72618,,,raw_pruned,False,1210c606499874a286056e7e1b6af84dc9e6d2ffc691d3aeb200596d6365c69c,sha256:0da4d3e4d430f404f59944ee32c33062882bbcbb95d465c522501a3a192994d9,,,/home/pdblend4/results/2026-09-21/pdblend-optimization/profile-v2-parallel/raw.json,63df6c50e9d2fd4581db6abb289a202046365ddf0eb415df38a0790cb5efef79,pair-23/samples/d-1800-1024-4-r0.json,e49cdaaa3b2bb5d7f36989fe4fde108b9b943637c026340410217fd89ee969a2,
0d80b2895aae95586161cb27,,Qwen2.5-7B-Instruct,1,,decode,1800,4,,1238.5,,unspecified,1,,,,0.02293884535448267,206.76422222222223,,,raw_pruned,False,1210c606499874a286056e7e1b6af84dc9e6d2ffc691d3aeb200596d6365c69c,sha256:0da4d3e4d430f404f59944ee32c33062882bbcbb95d465c522501a3a192994d9,,,/home/pdblend4/results/2026-09-21/pdblend-optimization/profile-v2-parallel/raw.json,63df6c50e9d2fd4581db6abb289a202046365ddf0eb415df38a0790cb5efef79,pair-23/samples/d-1800-1024-4-r1.json,d1d2f2cda92376c6051e1b5cc6fca1f8c6dc8c0df7bcfc864be35360880bd328,
9208f85b6dc4f57a392433ae,,Qwen2.5-7B-Instruct,1,,decode,1800,4,,1238.0,,unspecified,2,,,,0.022886065651131986,207.2437676767677,,,raw_pruned,False,1210c606499874a286056e7e1b6af84dc9e6d2ffc691d3aeb200596d6365c69c,sha256:0da4d3e4d430f404f59944ee32c33062882bbcbb95d465c522501a3a192994d9,,,/home/pdblend4/results/2026-09-21/pdblend-optimization/profile-v2-parallel/raw.json,63df6c50e9d2fd4581db6abb289a202046365ddf0eb415df38a0790cb5efef79,pair-23/samples/d-1800-1024-4-r2.json,1357b6083ba70ee547816eaba2b7c313f9707fbfff76d32f300bea5bc01ceb5e,
2ce01cc51e449f8b61db76c8,,Qwen2.5-7B-Instruct,1,,decode,1800,8,,1232.625,,unspecified,0,,,,0.023482090990308305,211.58960606060606,,,raw_pruned,False,1210c606499874a286056e7e1b6af84dc9e6d2ffc691d3aeb200596d6365c69c,sha256:0da4d3e4d430f404f59944ee32c33062882bbcbb95d465c522501a3a192994d9,,,/home/pdblend4/results/2026-09-21/pdblend-optimization/profile-v2-parallel/raw.json,63df6c50e9d2fd4581db6abb289a202046365ddf0eb415df38a0790cb5efef79,pair-23/samples/d-1800-1024-8-r0.json,7469379b33cc668e10032c93a1b41120bc17ec6e947666cf09ec25559f58a756,
ab7974f3770b38755e194619,,Qwen2.5-7B-Instruct,1,,decode,1800,8,,1232.625,,unspecified,1,,,,0.023477676328918742,211.60885,,,raw_pruned,False,1210c606499874a286056e7e1b6af84dc9e6d2ffc691d3aeb200596d6365c69c,sha256:0da4d3e4d430f404f59944ee32c33062882bbcbb95d465c522501a3a192994d9,,,/home/pdblend4/results/2026-09-21/pdblend-optimization/profile-v2-parallel/raw.json,63df6c50e9d2fd4581db6abb289a202046365ddf0eb415df38a0790cb5efef79,pair-23/samples/d-1800-1024-8-r1.json,ca0c96d6d3578d2eb5c1119ef42509e10299db2eb48d64a3170f22a88c85ac69,
3af1f134488f5110580d0341,,Qwen2.5-7B-Instruct,1,,decode,1800,8,,1232.625,,unspecified,2,,,,0.02347751066718303,211.0109898989899,,,raw_pruned,False,1210c606499874a286056e7e1b6af84dc9e6d2ffc691d3aeb200596d6365c69c,sha256:0da4d3e4d430f404f59944ee32c33062882bbcbb95d465c522501a3a192994d9,,,/home/pdblend4/results/2026-09-21/pdblend-optimization/profile-v2-parallel/raw.json,63df6c50e9d2fd4581db6abb289a202046365ddf0eb415df38a0790cb5efef79,pair-23/samples/d-1800-1024-8-r2.json,47485cf8ab36d92ee3cbecea11bd416ebffd8d12fa0edd2f9ff787697e5ed6a6,
7fc1576692a601d9ca513b03,,Qwen2.5-7B-Instruct,1,,decode,1800,16,,1225.5625,,unspecified,0,,,,0.02451903446047914,218.69627272727274,,,raw_pruned,False,1210c606499874a286056e7e1b6af84dc9e6d2ffc691d3aeb200596d6365c69c,sha256:0da4d3e4d430f404f59944ee32c33062882bbcbb95d465c522501a3a192994d9,,,/home/pdblend4/results/2026-09-21/pdblend-optimization/profile-v2-parallel/raw.json,63df6c50e9d2fd4581db6abb289a202046365ddf0eb415df38a0790cb5efef79,pair-23/samples/d-1800-1024-16-r0.json,98a29910c9ccb2f359addf257c260baad633531779ab8fbb54ac249ac9b686af,
1bcf2331efb29192cc4de7fb,,Qwen2.5-7B-Instruct,1,,decode,1800,16,,1225.5625,,unspecified,1,,,,0.024513091526779475,218.81557,,,raw_pruned,False,1210c606499874a286056e7e1b6af84dc9e6d2ffc691d3aeb200596d6365c69c,sha256:0da4d3e4d430f404f59944ee32c33062882bbcbb95d465c522501a3a192994d9,,,/home/pdblend4/results/2026-09-21/pdblend-optimization/profile-v2-parallel/raw.json,63df6c50e9d2fd4581db6abb289a202046365ddf0eb415df38a0790cb5efef79,pair-23/samples/d-1800-1024-16-r1.json,76821b7f3b37df4f761e1bc0a7ca1b9d89f1474f60f1953b235cc7deb2c76bb6,
ad442ff5108836d73f383e5f,,Qwen2.5-7B-Instruct,1,,decode,1800,16,,1225.5625,,unspecified,2,,,,0.024513453829522226,218.85167,,,raw_pruned,False,1210c606499874a286056e7e1b6af84dc9e6d2ffc691d3aeb200596d6365c69c,sha256:0da4d3e4d430f404f59944ee32c33062882bbcbb95d465c522501a3a192994d9,,,/home/pdblend4/results/2026-09-21/pdblend-optimization/profile-v2-parallel/raw.json,63df6c50e9d2fd4581db6abb289a202046365ddf0eb415df38a0790cb5efef79,pair-23/samples/d-1800-1024-16-r2.json,d6d5d5d73af815f5a3621dd533c23d66d27c8609e7949b335d9ef2af03723798,
c4b7202ae6f098ae95875648,,Qwen2.5-7B-Instruct,1,,decode,1800,32,,1197.53125,,unspecified,0,,,,0.029081237870593402,222.97584999999998,,,raw_pruned,False,1210c606499874a286056e7e1b6af84dc9e6d2ffc691d3aeb200596d6365c69c,sha256:0da4d3e4d430f404f59944ee32c33062882bbcbb95d465c522501a3a192994d9,,,/home/pdblend4/results/2026-09-21/pdblend-optimization/profile-v2-parallel/raw.json,63df6c50e9d2fd4581db6abb289a202046365ddf0eb415df38a0790cb5efef79,pair-23/samples/d-1800-1024-32-r0.json,2b92b9801bd3e2d3536ddf28a6427f12587e711744384d3e80ec463a5129bf96,
3e74724f9f9746112922dceb,,Qwen2.5-7B-Instruct,1,,decode,1800,32,,1197.65625,,unspecified,1,,,,0.029076165931169375,223.1026,,,raw_pruned,False,1210c606499874a286056e7e1b6af84dc9e6d2ffc691d3aeb200596d6365c69c,sha256:0da4d3e4d430f404f59944ee32c33062882bbcbb95d465c522501a3a192994d9,,,/home/pdblend4/results/2026-09-21/pdblend-optimization/profile-v2-parallel/raw.json,63df6c50e9d2fd4581db6abb289a202046365ddf0eb415df38a0790cb5efef79,pair-23/samples/d-1800-1024-32-r1.json,445da1942f32fe9e4b78bfd77b15a1ed047bcef02af2368fe3efd31a9a4f9c10,
ea6f33d90abfe5d40fa26b55,,Qwen2.5-7B-Instruct,1,,decode,1800,32,,1197.65625,,unspecified,2,,,,0.029072902923406557,223.18744999999998,,,raw_pruned,False,1210c606499874a286056e7e1b6af84dc9e6d2ffc691d3aeb200596d6365c69c,sha256:0da4d3e4d430f404f59944ee32c33062882bbcbb95d465c522501a3a192994d9,,,/home/pdblend4/results/2026-09-21/pdblend-optimization/profile-v2-parallel/raw.json,63df6c50e9d2fd4581db6abb289a202046365ddf0eb415df38a0790cb5efef79,pair-23/samples/d-1800-1024-32-r2.json,1cd63becbb8ffe4ee0a08837ac3796b74d838ee185dbd210398793282e5d793d,
a6599a4beedeeee7d1d87e2a,,Qwen2.5-7B-Instruct,1,,decode,1800,64,,1181.015625,,unspecified,0,,,,0.03311941955263251,234.09248,,,raw_pruned,False,1210c606499874a286056e7e1b6af84dc9e6d2ffc691d3aeb200596d6365c69c,sha256:0da4d3e4d430f404f59944ee32c33062882bbcbb95d465c522501a3a192994d9,,,/home/pdblend4/results/2026-09-21/pdblend-optimization/profile-v2-parallel/raw.json,63df6c50e9d2fd4581db6abb289a202046365ddf0eb415df38a0790cb5efef79,pair-23/samples/d-1800-1024-64-r0.json,611f12a282ceb8264aae40f5ed5dd624f63adf8e7f02451f58e564044b1bff78,
27b236b2f9ed83ca1673432f,,Qwen2.5-7B-Instruct,1,,decode,1800,64,,1181.015625,,unspecified,1,,,,0.033114411183540395,233.2952,,,raw_pruned,False,1210c606499874a286056e7e1b6af84dc9e6d2ffc691d3aeb200596d6365c69c,sha256:0da4d3e4d430f404f59944ee32c33062882bbcbb95d465c522501a3a192994d9,,,/home/pdblend4/results/2026-09-21/pdblend-optimization/profile-v2-parallel/raw.json,63df6c50e9d2fd4581db6abb289a202046365ddf0eb415df38a0790cb5efef79,pair-23/samples/d-1800-1024-64-r1.json,3a7bc94e4caa789606420b3d5546af288f01d7ef406639b4f43acb1194daedb9,
f30345192166ea2e673e6fcd,,Qwen2.5-7B-Instruct,1,,decode,1800,64,,1181.015625,,unspecified,2,,,,0.03311907060888429,233.65837,,,raw_pruned,False,1210c606499874a286056e7e1b6af84dc9e6d2ffc691d3aeb200596d6365c69c,sha256:0da4d3e4d430f404f59944ee32c33062882bbcbb95d465c522501a3a192994d9,,,/home/pdblend4/results/2026-09-21/pdblend-optimization/profile-v2-parallel/raw.json,63df6c50e9d2fd4581db6abb289a202046365ddf0eb415df38a0790cb5efef79,pair-23/samples/d-1800-1024-64-r2.json,c12e69fac028b43e3d9022b33c36e9ebf75771d1d8fd021809c67fe098721342,
cd7b2ec40052922e65ed03d3,,Qwen2.5-7B-Instruct,1,,decode,1800,128,,1151.5078125,,unspecified,0,,,,0.0438632233101025,267.84291,,,raw_pruned,False,1210c606499874a286056e7e1b6af84dc9e6d2ffc691d3aeb200596d6365c69c,sha256:0da4d3e4d430f404f59944ee32c33062882bbcbb95d465c522501a3a192994d9,,,/home/pdblend4/results/2026-09-21/pdblend-optimization/profile-v2-parallel/raw.json,63df6c50e9d2fd4581db6abb289a202046365ddf0eb415df38a0790cb5efef79,pair-23/samples/d-1800-1024-128-r0.json,45838092af2531070da94d7896a6b9767fadcc7d360a7044fb4884fca12c7136,
28c474ee7a56ba12df4e664b,,Qwen2.5-7B-Instruct,1,,decode,1800,128,,1151.5078125,,unspecified,1,,,,0.04386257916166071,268.79798999999997,,,raw_pruned,False,1210c606499874a286056e7e1b6af84dc9e6d2ffc691d3aeb200596d6365c69c,sha256:0da4d3e4d430f404f59944ee32c33062882bbcbb95d465c522501a3a192994d9,,,/home/pdblend4/results/2026-09-21/pdblend-optimization/profile-v2-parallel/raw.json,63df6c50e9d2fd4581db6abb289a202046365ddf0eb415df38a0790cb5efef79,pair-23/samples/d-1800-1024-128-r1.json,686901f7e17c6ecd5b4624b5239b73ccc69228553e6bbf2ae549f2356dbf2674,
5012d3ee40fc482dafddf438,,Qwen2.5-7B-Instruct,1,,decode,1800,128,,1151.6328125,,unspecified,2,,,,0.043862936789529364,267.30402,,,raw_pruned,False,1210c606499874a286056e7e1b6af84dc9e6d2ffc691d3aeb200596d6365c69c,sha256:0da4d3e4d430f404f59944ee32c33062882bbcbb95d465c522501a3a192994d9,,,/home/pdblend4/results/2026-09-21/pdblend-optimization/profile-v2-parallel/raw.json,63df6c50e9d2fd4581db6abb289a202046365ddf0eb415df38a0790cb5efef79,pair-23/samples/d-1800-1024-128-r2.json,672ae1943d957353ddd007755f836c7245cf131fb4b9b4a757e16e5c7e025248,
b21959017747d58d95e935ce,,Qwen2.5-7B-Instruct,1,,decode,1800,256,,1112.390625,,unspecified,0,,,,0.08066193903646161,261.71056,,,raw_pruned,False,1210c606499874a286056e7e1b6af84dc9e6d2ffc691d3aeb200596d6365c69c,sha256:0da4d3e4d430f404f59944ee32c33062882bbcbb95d465c522501a3a192994d9,,,/home/pdblend4/results/2026-09-21/pdblend-optimization/profile-v2-parallel/raw.json,63df6c50e9d2fd4581db6abb289a202046365ddf0eb415df38a0790cb5efef79,pair-23/samples/d-1800-1024-256-r0.json,005235e378911589c03ff2e9198289fdc205e8709ee5223284af6c7ee15f8a6f,
efba47836e2374bb107bbadc,,Qwen2.5-7B-Instruct,1,,decode,1800,256,,1112.390625,,unspecified,1,,,,0.08066237741901029,259.193,,,raw_pruned,False,1210c606499874a286056e7e1b6af84dc9e6d2ffc691d3aeb200596d6365c69c,sha256:0da4d3e4d430f404f59944ee32c33062882bbcbb95d465c522501a3a192994d9,,,/home/pdblend4/results/2026-09-21/pdblend-optimization/profile-v2-parallel/raw.json,63df6c50e9d2fd4581db6abb289a202046365ddf0eb415df38a0790cb5efef79,pair-23/samples/d-1800-1024-256-r1.json,8456875cc2472f7e1d37d80973e9b8bdf33d76149a2b60980111d67a24392f89,
507a23463890704846012cb6,,Qwen2.5-7B-Instruct,1,,decode,1800,256,,1112.390625,,unspecified,2,,,,0.0806551710251839,259.47772000000003,,,raw_pruned,False,1210c606499874a286056e7e1b6af84dc9e6d2ffc691d3aeb200596d6365c69c,sha256:0da4d3e4d430f404f59944ee32c33062882bbcbb95d465c522501a3a192994d9,,,/home/pdblend4/results/2026-09-21/pdblend-optimization/profile-v2-parallel/raw.json,63df6c50e9d2fd4581db6abb289a202046365ddf0eb415df38a0790cb5efef79,pair-23/samples/d-1800-1024-256-r2.json,6f54fdf522b8f47209bf7b32bd1b2066a29070157163075ecc11c4b74e6ce71d,
0f58cd8e44924a6531e7a383,,Qwen2.5-7B-Instruct,1,,decode,1800,1,,4323.5,,unspecified,0,,,,0.02146199435123558,220.84760999999997,,,raw_pruned,False,1210c606499874a286056e7e1b6af84dc9e6d2ffc691d3aeb200596d6365c69c,sha256:0da4d3e4d430f404f59944ee32c33062882bbcbb95d465c522501a3a192994d9,,,/home/pdblend4/results/2026-09-21/pdblend-optimization/profile-v2-parallel/raw.json,63df6c50e9d2fd4581db6abb289a202046365ddf0eb415df38a0790cb5efef79,pair-23/samples/d-1800-4096-1-r0.json,810e0ac0a282b024b3f498c84b55259cf331f00f90df21af9ae32a7e772df24f,
42fa015edcd578950f327854,,Qwen2.5-7B-Instruct,1,,decode,1800,1,,4323.5,,unspecified,1,,,,0.02146327649063307,220.71483838383838,,,raw_pruned,False,1210c606499874a286056e7e1b6af84dc9e6d2ffc691d3aeb200596d6365c69c,sha256:0da4d3e4d430f404f59944ee32c33062882bbcbb95d465c522501a3a192994d9,,,/home/pdblend4/results/2026-09-21/pdblend-optimization/profile-v2-parallel/raw.json,63df6c50e9d2fd4581db6abb289a202046365ddf0eb415df38a0790cb5efef79,pair-23/samples/d-1800-4096-1-r1.json,214dfe01d99ef378de19674aa47ea5e185526610be6f788422f9aea225e04baf,
707d957bbf3bb96332535975,,Qwen2.5-7B-Instruct,1,,decode,1800,1,,4323.5,,unspecified,2,,,,0.021460168863059112,220.49009090909092,,,raw_pruned,False,1210c606499874a286056e7e1b6af84dc9e6d2ffc691d3aeb200596d6365c69c,sha256:0da4d3e4d430f404f59944ee32c33062882bbcbb95d465c522501a3a192994d9,,,/home/pdblend4/results/2026-09-21/pdblend-optimization/profile-v2-parallel/raw.json,63df6c50e9d2fd4581db6abb289a202046365ddf0eb415df38a0790cb5efef79,pair-23/samples/d-1800-4096-1-r2.json,cfde77c5ddf83df34451c8c977397d6c6e6f7ee191fcdc7a4c44bc48c1b0b19f,
1344ee5713405eda1ae3c430,,Qwen2.5-7B-Instruct,1,,decode,1800,4,,4301.75,,unspecified,0,,,,0.024040643985454854,207.67233,,,raw_pruned,False,1210c606499874a286056e7e1b6af84dc9e6d2ffc691d3aeb200596d6365c69c,sha256:0da4d3e4d430f404f59944ee32c33062882bbcbb95d465c522501a3a192994d9,,,/home/pdblend4/results/2026-09-21/pdblend-optimization/profile-v2-parallel/raw.json,63df6c50e9d2fd4581db6abb289a202046365ddf0eb415df38a0790cb5efef79,pair-23/samples/d-1800-4096-4-r0.json,d658714227263b14290596b899eac762e7e8816ac51e50f345a14da846c2b51a,
5cd28c77181f232f84ab55bf,,Qwen2.5-7B-Instruct,1,,decode,1800,4,,4301.75,,unspecified,1,,,,0.024043595561614402,207.49079,,,raw_pruned,False,1210c606499874a286056e7e1b6af84dc9e6d2ffc691d3aeb200596d6365c69c,sha256:0da4d3e4d430f404f59944ee32c33062882bbcbb95d465c522501a3a192994d9,,,/home/pdblend4/results/2026-09-21/pdblend-optimization/profile-v2-parallel/raw.json,63df6c50e9d2fd4581db6abb289a202046365ddf0eb415df38a0790cb5efef79,pair-23/samples/d-1800-4096-4-r1.json,482214ef8e8e3d410c3896cbb20d80b352d99d03558080da3e9b11d2832d45ae,
db8d695819b943c007c380eb,,Qwen2.5-7B-Instruct,1,,decode,1800,4,,4302.25,,unspecified,2,,,,0.0240393361219993,207.30072,,,raw_pruned,False,1210c606499874a286056e7e1b6af84dc9e6d2ffc691d3aeb200596d6365c69c,sha256:0da4d3e4d430f404f59944ee32c33062882bbcbb95d465c522501a3a192994d9,,,/home/pdblend4/results/2026-09-21/pdblend-optimization/profile-v2-parallel/raw.json,63df6c50e9d2fd4581db6abb289a202046365ddf0eb415df38a0790cb5efef79,pair-23/samples/d-1800-4096-4-r2.json,e67792688918151fe6a0fc95ed3226c6f3b41c0ef4906668e540bed70246d7cb,
3cf4caed73a498322af59eeb,,Qwen2.5-7B-Instruct,1,,decode,1800,8,,4292.125,,unspecified,0,,,,0.025514652534407014,212.76062,,,raw_pruned,False,1210c606499874a286056e7e1b6af84dc9e6d2ffc691d3aeb200596d6365c69c,sha256:0da4d3e4d430f404f59944ee32c33062882bbcbb95d465c522501a3a192994d9,,,/home/pdblend4/results/2026-09-21/pdblend-optimization/profile-v2-parallel/raw.json,63df6c50e9d2fd4581db6abb289a202046365ddf0eb415df38a0790cb5efef79,pair-23/samples/d-1800-4096-8-r0.json,f5cf60f272856e94464fdd71350d18d000344456d09bc3cf42e69e819a3e69fb,
8001eaf18690861861d8eec4,,Qwen2.5-7B-Instruct,1,,decode,1800,8,,4292.125,,unspecified,1,,,,0.025382490932638876,211.95316,,,raw_pruned,False,1210c606499874a286056e7e1b6af84dc9e6d2ffc691d3aeb200596d6365c69c,sha256:0da4d3e4d430f404f59944ee32c33062882bbcbb95d465c522501a3a192994d9,,,/home/pdblend4/results/2026-09-21/pdblend-optimization/profile-v2-parallel/raw.json,63df6c50e9d2fd4581db6abb289a202046365ddf0eb415df38a0790cb5efef79,pair-23/samples/d-1800-4096-8-r1.json,d958ebc6ab4a7065b81e861490e1926a4adcdc954a5db3f0f75b2e5f383f4d8e,
f21457b5a54e18d107829f75,,Qwen2.5-7B-Instruct,1,,decode,1800,8,,4292.125,,unspecified,2,,,,0.025385775541896142,212.37676,,,raw_pruned,False,1210c606499874a286056e7e1b6af84dc9e6d2ffc691d3aeb200596d6365c69c,sha256:0da4d3e4d430f404f59944ee32c33062882bbcbb95d465c522501a3a192994d9,,,/home/pdblend4/results/2026-09-21/pdblend-optimization/profile-v2-parallel/raw.json,63df6c50e9d2fd4581db6abb289a202046365ddf0eb415df38a0790cb5efef79,pair-23/samples/d-1800-4096-8-r2.json,b2c52cd1e79cb93300ef5a026e3b49b344258d600c1b84629660a106fce1eda9,
46ad4914e968d8ec6295c61e,,Qwen2.5-7B-Instruct,1,,decode,1800,16,,4274.0625,,unspecified,0,,,,0.02858172961643764,220.04778,,,raw_pruned,False,1210c606499874a286056e7e1b6af84dc9e6d2ffc691d3aeb200596d6365c69c,sha256:0da4d3e4d430f404f59944ee32c33062882bbcbb95d465c522501a3a192994d9,,,/home/pdblend4/results/2026-09-21/pdblend-optimization/profile-v2-parallel/raw.json,63df6c50e9d2fd4581db6abb289a202046365ddf0eb415df38a0790cb5efef79,pair-23/samples/d-1800-4096-16-r0.json,9bf2a760db199640bd971ec9f6f73afc8cb6da841f8daea82a049fa7bd3e3662,
b957fab516de9b43693ab13b,,Qwen2.5-7B-Instruct,1,,decode,1800,16,,4274.5625,,unspecified,1,,,,0.028576384953090124,219.00176,,,raw_pruned,False,1210c606499874a286056e7e1b6af84dc9e6d2ffc691d3aeb200596d6365c69c,sha256:0da4d3e4d430f404f59944ee32c33062882bbcbb95d465c522501a3a192994d9,,,/home/pdblend4/results/2026-09-21/pdblend-optimization/profile-v2-parallel/raw.json,63df6c50e9d2fd4581db6abb289a202046365ddf0eb415df38a0790cb5efef79,pair-23/samples/d-1800-4096-16-r1.json,eed719eb4ea8828cc5b03d5a9c1c777cce8abe08f4819e0f5924b6fce160eb01,
5174ba87fc841cb16bb24606,,Qwen2.5-7B-Instruct,1,,decode,1800,16,,4274.0625,,unspecified,2,,,,0.028572543007986888,220.17336,,,raw_pruned,False,1210c606499874a286056e7e1b6af84dc9e6d2ffc691d3aeb200596d6365c69c,sha256:0da4d3e4d430f404f59944ee32c33062882bbcbb95d465c522501a3a192994d9,,,/home/pdblend4/results/2026-09-21/pdblend-optimization/profile-v2-parallel/raw.json,63df6c50e9d2fd4581db6abb289a202046365ddf0eb415df38a0790cb5efef79,pair-23/samples/d-1800-4096-16-r2.json,9fff0bffc8c35112be61fcc6f5faf992df65e53a972b8994d70812a48d3a9a08,
3efc1cf3ca9b1f55d4a581c9,,Qwen2.5-7B-Instruct,1,,decode,1800,32,,4242.03125,,unspecified,0,,,,0.037044913680465134,224.71222,,,raw_pruned,False,1210c606499874a286056e7e1b6af84dc9e6d2ffc691d3aeb200596d6365c69c,sha256:0da4d3e4d430f404f59944ee32c33062882bbcbb95d465c522501a3a192994d9,,,/home/pdblend4/results/2026-09-21/pdblend-optimization/profile-v2-parallel/raw.json,63df6c50e9d2fd4581db6abb289a202046365ddf0eb415df38a0790cb5efef79,pair-23/samples/d-1800-4096-32-r0.json,0a0832ec25d88953e241779263b5fbb22c2972b98dc7a75abc6d3e45412022fc,
4ac2570fcfab1b07d6df4f8a,,Qwen2.5-7B-Instruct,1,,decode,1800,32,,4242.03125,,unspecified,1,,,,0.03703978149979203,224.70406,,,raw_pruned,False,1210c606499874a286056e7e1b6af84dc9e6d2ffc691d3aeb200596d6365c69c,sha256:0da4d3e4d430f404f59944ee32c33062882bbcbb95d465c522501a3a192994d9,,,/home/pdblend4/results/2026-09-21/pdblend-optimization/profile-v2-parallel/raw.json,63df6c50e9d2fd4581db6abb289a202046365ddf0eb415df38a0790cb5efef79,pair-23/samples/d-1800-4096-32-r1.json,fdf86128bbb02266085d683efe66fdf726b9e517afae403c4766799be8736f47,
18ac68f2ed4801f5c378ee91,,Qwen2.5-7B-Instruct,1,,decode,1800,32,,4242.03125,,unspecified,2,,,,0.037041773619475186,224.62806,,,raw_pruned,False,1210c606499874a286056e7e1b6af84dc9e6d2ffc691d3aeb200596d6365c69c,sha256:0da4d3e4d430f404f59944ee32c33062882bbcbb95d465c522501a3a192994d9,,,/home/pdblend4/results/2026-09-21/pdblend-optimization/profile-v2-parallel/raw.json,63df6c50e9d2fd4581db6abb289a202046365ddf0eb415df38a0790cb5efef79,pair-23/samples/d-1800-4096-32-r2.json,bd93e3a548279f43144d69dab33e00e623f7a8d4f748263e2d35c5e771b06e42,
889fcfff458de145cefbeeac,,Qwen2.5-7B-Instruct,1,,decode,1800,64,,4220.53125,,unspecified,0,,,,0.04902181438371247,237.54084,,,raw_pruned,False,1210c606499874a286056e7e1b6af84dc9e6d2ffc691d3aeb200596d6365c69c,sha256:0da4d3e4d430f404f59944ee32c33062882bbcbb95d465c522501a3a192994d9,,,/home/pdblend4/results/2026-09-21/pdblend-optimization/profile-v2-parallel/raw.json,63df6c50e9d2fd4581db6abb289a202046365ddf0eb415df38a0790cb5efef79,pair-23/samples/d-1800-4096-64-r0.json,4b8d16e07a0bbc2c2c20ca28d24414e224eadc29767c27ad76780d0d2fe55a44,
23fe7f5526697d838210be4a,,Qwen2.5-7B-Instruct,1,,decode,1800,64,,4220.515625,,unspecified,1,,,,0.04902705725501565,237.92952000000002,,,raw_pruned,False,1210c606499874a286056e7e1b6af84dc9e6d2ffc691d3aeb200596d6365c69c,sha256:0da4d3e4d430f404f59944ee32c33062882bbcbb95d465c522501a3a192994d9,,,/home/pdblend4/results/2026-09-21/pdblend-optimization/profile-v2-parallel/raw.json,63df6c50e9d2fd4581db6abb289a202046365ddf0eb415df38a0790cb5efef79,pair-23/samples/d-1800-4096-64-r1.json,10c7fb4fa9c4b36ee51ae8230c8c58f0c08d6235ca90d4128068cfe28204b927,
f1f02a6221b027b070538dfe,,Qwen2.5-7B-Instruct,1,,decode,1800,64,,4220.515625,,unspecified,2,,,,0.049022761045717726,237.61507,,,raw_pruned,False,1210c606499874a286056e7e1b6af84dc9e6d2ffc691d3aeb200596d6365c69c,sha256:0da4d3e4d430f404f59944ee32c33062882bbcbb95d465c522501a3a192994d9,,,/home/pdblend4/results/2026-09-21/pdblend-optimization/profile-v2-parallel/raw.json,63df6c50e9d2fd4581db6abb289a202046365ddf0eb415df38a0790cb5efef79,pair-23/samples/d-1800-4096-64-r2.json,97979d3815b18fa04595d6ca41fc3940a9377c2748830840a4e079bd9494b73f,
95601540fe81da720ef542f1,,Qwen2.5-7B-Instruct,1,,decode,2100,1,,490.5,,unspecified,0,,,,0.0207550110164025,223.0819,,,raw_pruned,False,1210c606499874a286056e7e1b6af84dc9e6d2ffc691d3aeb200596d6365c69c,sha256:0da4d3e4d430f404f59944ee32c33062882bbcbb95d465c522501a3a192994d9,,,/home/pdblend4/results/2026-09-21/pdblend-optimization/profile-v2-parallel/raw.json,63df6c50e9d2fd4581db6abb289a202046365ddf0eb415df38a0790cb5efef79,pair-45/samples/d-2100-256-1-r0.json,fec90ca8eb20e4f3bfb4f5e27efeafb1b70d1620a346e5ccf36b73829138b487,
10acb8d3a0618d0da936dce7,,Qwen2.5-7B-Instruct,1,,decode,2100,1,,490.0,,unspecified,1,,,,0.020664691925048828,223.09784,,,raw_pruned,False,1210c606499874a286056e7e1b6af84dc9e6d2ffc691d3aeb200596d6365c69c,sha256:0da4d3e4d430f404f59944ee32c33062882bbcbb95d465c522501a3a192994d9,,,/home/pdblend4/results/2026-09-21/pdblend-optimization/profile-v2-parallel/raw.json,63df6c50e9d2fd4581db6abb289a202046365ddf0eb415df38a0790cb5efef79,pair-45/samples/d-2100-256-1-r1.json,35b0ea1ced3291608b59be1f7e9fea834ea8b12b4a80def836cd504f635c5712,
68ab7eb9552719ba46dc4633,,Qwen2.5-7B-Instruct,1,,decode,2100,1,,490.0,,unspecified,2,,,,0.020662592462271697,223.68380000000002,,,raw_pruned,False,1210c606499874a286056e7e1b6af84dc9e6d2ffc691d3aeb200596d6365c69c,sha256:0da4d3e4d430f404f59944ee32c33062882bbcbb95d465c522501a3a192994d9,,,/home/pdblend4/results/2026-09-21/pdblend-optimization/profile-v2-parallel/raw.json,63df6c50e9d2fd4581db6abb289a202046365ddf0eb415df38a0790cb5efef79,pair-45/samples/d-2100-256-1-r2.json,b3a2e5aac1e3cc707e3f49809f01ac13edb1cf592046018e64bac96824f2bbbd,
0e7bbcc3ba60eb118b1ffd3d,,Qwen2.5-7B-Instruct,1,,decode,2100,4,,475.75,,unspecified,0,,,,0.022224788665771485,208.46198,,,raw_pruned,False,1210c606499874a286056e7e1b6af84dc9e6d2ffc691d3aeb200596d6365c69c,sha256:0da4d3e4d430f404f59944ee32c33062882bbcbb95d465c522501a3a192994d9,,,/home/pdblend4/results/2026-09-21/pdblend-optimization/profile-v2-parallel/raw.json,63df6c50e9d2fd4581db6abb289a202046365ddf0eb415df38a0790cb5efef79,pair-45/samples/d-2100-256-4-r0.json,7ecb34f90fa8ce6e382446e3d47b3be4b4c1e0e9116e8a17ea2fecf9de12a975,
ab8354fc2e3b5d1860fea8e2,,Qwen2.5-7B-Instruct,1,,decode,2100,4,,475.75,,unspecified,1,,,,0.02222523053487142,208.79838,,,raw_pruned,False,1210c606499874a286056e7e1b6af84dc9e6d2ffc691d3aeb200596d6365c69c,sha256:0da4d3e4d430f404f59944ee32c33062882bbcbb95d465c522501a3a192994d9,,,/home/pdblend4/results/2026-09-21/pdblend-optimization/profile-v2-parallel/raw.json,63df6c50e9d2fd4581db6abb289a202046365ddf0eb415df38a0790cb5efef79,pair-45/samples/d-2100-256-4-r1.json,bcfab730877286b59f93092898d7a3ec86e06eb158b4eea4cd18cdae06ae7773,
b220109fce1952ae7d8f43c6,,Qwen2.5-7B-Instruct,1,,decode,2100,4,,475.75,,unspecified,2,,,,0.022225039800008138,209.25615000000002,,,raw_pruned,False,1210c606499874a286056e7e1b6af84dc9e6d2ffc691d3aeb200596d6365c69c,sha256:0da4d3e4d430f404f59944ee32c33062882bbcbb95d465c522501a3a192994d9,,,/home/pdblend4/results/2026-09-21/pdblend-optimization/profile-v2-parallel/raw.json,63df6c50e9d2fd4581db6abb289a202046365ddf0eb415df38a0790cb5efef79,pair-45/samples/d-2100-256-4-r2.json,54648f01f623d86e05eec5c98ddd474a7bdba86dcc4da95503124ad2d39ffef2,
784687252910f9db55bfd130,,Qwen2.5-7B-Instruct,1,,decode,2100,8,,471.625,,unspecified,0,,,,0.0226289319776302,214.00642,,,raw_pruned,False,1210c606499874a286056e7e1b6af84dc9e6d2ffc691d3aeb200596d6365c69c,sha256:0da4d3e4d430f404f59944ee32c33062882bbcbb95d465c522501a3a192994d9,,,/home/pdblend4/results/2026-09-21/pdblend-optimization/profile-v2-parallel/raw.json,63df6c50e9d2fd4581db6abb289a202046365ddf0eb415df38a0790cb5efef79,pair-45/samples/d-2100-256-8-r0.json,e66b149d351003460de1f3ada960ee035da09d470ad3be56b10844cdd1b59cf8,
093e6917b6dc82aaf1226dd3,,Qwen2.5-7B-Instruct,1,,decode,2100,8,,471.625,,unspecified,1,,,,0.02263014348923351,213.9946767676768,,,raw_pruned,False,1210c606499874a286056e7e1b6af84dc9e6d2ffc691d3aeb200596d6365c69c,sha256:0da4d3e4d430f404f59944ee32c33062882bbcbb95d465c522501a3a192994d9,,,/home/pdblend4/results/2026-09-21/pdblend-optimization/profile-v2-parallel/raw.json,63df6c50e9d2fd4581db6abb289a202046365ddf0eb415df38a0790cb5efef79,pair-45/samples/d-2100-256-8-r1.json,dadb04a3b0befca5d0141cb97e39c0dd037aa4c7ae202efaa35c755314366720,
7efc495086f6aa075527b589,,Qwen2.5-7B-Instruct,1,,decode,2100,8,,472.125,,unspecified,2,,,,0.022731578350067137,213.88485,,,raw_pruned,False,1210c606499874a286056e7e1b6af84dc9e6d2ffc691d3aeb200596d6365c69c,sha256:0da4d3e4d430f404f59944ee32c33062882bbcbb95d465c522501a3a192994d9,,,/home/pdblend4/results/2026-09-21/pdblend-optimization/profile-v2-parallel/raw.json,63df6c50e9d2fd4581db6abb289a202046365ddf0eb415df38a0790cb5efef79,pair-45/samples/d-2100-256-8-r2.json,f415516d91675fd5a93a2e5cdd3682ff691b89ca8015cd70026ca94fcf5471b1,
a0ce8850d68844d81f44c43b,,Qwen2.5-7B-Instruct,1,,decode,2100,16,,467.5625,,unspecified,0,,,,0.023258223644522732,221.25733,,,raw_pruned,False,1210c606499874a286056e7e1b6af84dc9e6d2ffc691d3aeb200596d6365c69c,sha256:0da4d3e4d430f404f59944ee32c33062882bbcbb95d465c522501a3a192994d9,,,/home/pdblend4/results/2026-09-21/pdblend-optimization/profile-v2-parallel/raw.json,63df6c50e9d2fd4581db6abb289a202046365ddf0eb415df38a0790cb5efef79,pair-45/samples/d-2100-256-16-r0.json,4d37df39e86746e170f2c1fea8d3422ffa5e821f2265d64b9334040f3399e3ce,
1ca4070e01230a3521d08096,,Qwen2.5-7B-Instruct,1,,decode,2100,16,,467.5625,,unspecified,1,,,,0.023257495081701943,221.60662,,,raw_pruned,False,1210c606499874a286056e7e1b6af84dc9e6d2ffc691d3aeb200596d6365c69c,sha256:0da4d3e4d430f404f59944ee32c33062882bbcbb95d465c522501a3a192994d9,,,/home/pdblend4/results/2026-09-21/pdblend-optimization/profile-v2-parallel/raw.json,63df6c50e9d2fd4581db6abb289a202046365ddf0eb415df38a0790cb5efef79,pair-45/samples/d-2100-256-16-r1.json,cc87175f59a537dc3c8d992e017a6bb2fff0b757bb1e4b1509eed5dad07baf99,
aa23a3aee6256f9531d93884,,Qwen2.5-7B-Instruct,1,,decode,2100,16,,467.625,,unspecified,2,,,,0.023259627541830374,221.24468000000002,,,raw_pruned,False,1210c606499874a286056e7e1b6af84dc9e6d2ffc691d3aeb200596d6365c69c,sha256:0da4d3e4d430f404f59944ee32c33062882bbcbb95d465c522501a3a192994d9,,,/home/pdblend4/results/2026-09-21/pdblend-optimization/profile-v2-parallel/raw.json,63df6c50e9d2fd4581db6abb289a202046365ddf0eb415df38a0790cb5efef79,pair-45/samples/d-2100-256-16-r2.json,bde1bc1b796d7bdac6c4a03c476a8c4834d6e6167ec9a77ff25f20d8fb0c1a38,
6f2b7ee3920f9dac227c1f22,,Qwen2.5-7B-Instruct,1,,decode,2100,32,,442.53125,,unspecified,0,,,,0.02674252081682338,226.73545,,,raw_pruned,False,1210c606499874a286056e7e1b6af84dc9e6d2ffc691d3aeb200596d6365c69c,sha256:0da4d3e4d430f404f59944ee32c33062882bbcbb95d465c522501a3a192994d9,,,/home/pdblend4/results/2026-09-21/pdblend-optimization/profile-v2-parallel/raw.json,63df6c50e9d2fd4581db6abb289a202046365ddf0eb415df38a0790cb5efef79,pair-45/samples/d-2100-256-32-r0.json,56133a6c460909cd9a3b437100298ead3c445159a0ef8f5a72f8f86a397e5af4,
948afc4f87a588c43982ba0b,,Qwen2.5-7B-Instruct,1,,decode,2100,32,,442.65625,,unspecified,1,,,,0.0267388552905404,226.52258,,,raw_pruned,False,1210c606499874a286056e7e1b6af84dc9e6d2ffc691d3aeb200596d6365c69c,sha256:0da4d3e4d430f404f59944ee32c33062882bbcbb95d465c522501a3a192994d9,,,/home/pdblend4/results/2026-09-21/pdblend-optimization/profile-v2-parallel/raw.json,63df6c50e9d2fd4581db6abb289a202046365ddf0eb415df38a0790cb5efef79,pair-45/samples/d-2100-256-32-r1.json,972fb22d424fa31a240dc629a73d43a1c9352c37f0ab9a8b36a4c574f5229187,
4a8add178f9988e52016a8f9,,Qwen2.5-7B-Instruct,1,,decode,2100,32,,442.53125,,unspecified,2,,,,0.02674109413024576,225.73743,,,raw_pruned,False,1210c606499874a286056e7e1b6af84dc9e6d2ffc691d3aeb200596d6365c69c,sha256:0da4d3e4d430f404f59944ee32c33062882bbcbb95d465c522501a3a192994d9,,,/home/pdblend4/results/2026-09-21/pdblend-optimization/profile-v2-parallel/raw.json,63df6c50e9d2fd4581db6abb289a202046365ddf0eb415df38a0790cb5efef79,pair-45/samples/d-2100-256-32-r2.json,9fe95c0439a841eb99c718951b4ef0e2f120fed209f349b346fa1e6108b224b9,
a93fc10bcebb0e0ba930f4df,,Qwen2.5-7B-Instruct,1,,decode,2100,64,,431.015625,,unspecified,0,,,,0.02890256788000206,239.64256,,,raw_pruned,False,1210c606499874a286056e7e1b6af84dc9e6d2ffc691d3aeb200596d6365c69c,sha256:0da4d3e4d430f404f59944ee32c33062882bbcbb95d465c522501a3a192994d9,,,/home/pdblend4/results/2026-09-21/pdblend-optimization/profile-v2-parallel/raw.json,63df6c50e9d2fd4581db6abb289a202046365ddf0eb415df38a0790cb5efef79,pair-45/samples/d-2100-256-64-r0.json,77b11a4377ba5831040c46c81eb1bf9346f10aa3d062a8705f99e6c3f84bb5a6,
ec6546509191c39322f56f5c,,Qwen2.5-7B-Instruct,1,,decode,2100,64,,431.03125,,unspecified,1,,,,0.028902602333553955,238.95078,,,raw_pruned,False,1210c606499874a286056e7e1b6af84dc9e6d2ffc691d3aeb200596d6365c69c,sha256:0da4d3e4d430f404f59944ee32c33062882bbcbb95d465c522501a3a192994d9,,,/home/pdblend4/results/2026-09-21/pdblend-optimization/profile-v2-parallel/raw.json,63df6c50e9d2fd4581db6abb289a202046365ddf0eb415df38a0790cb5efef79,pair-45/samples/d-2100-256-64-r1.json,6cb6b5e6495698d8578222d2fa8b8da8927f0f75a108305233ef8f2e5b65c564,
2e4e01bbacdc98c7ce088d91,,Qwen2.5-7B-Instruct,1,,decode,2100,64,,431.515625,,unspecified,2,,,,0.02873869736989339,239.42901,,,raw_pruned,False,1210c606499874a286056e7e1b6af84dc9e6d2ffc691d3aeb200596d6365c69c,sha256:0da4d3e4d430f404f59944ee32c33062882bbcbb95d465c522501a3a192994d9,,,/home/pdblend4/results/2026-09-21/pdblend-optimization/profile-v2-parallel/raw.json,63df6c50e9d2fd4581db6abb289a202046365ddf0eb415df38a0790cb5efef79,pair-45/samples/d-2100-256-64-r2.json,6b37750d950dc554f9f08c2ee8b5d152c2a08a78c9a1a456b90a67b43310ae14,
f118e95fc426097f48f439ca,,Qwen2.5-7B-Instruct,1,,decode,2100,128,,404.5078125,,unspecified,0,,,,0.035217612562045246,282.73676,,,raw_pruned,False,1210c606499874a286056e7e1b6af84dc9e6d2ffc691d3aeb200596d6365c69c,sha256:0da4d3e4d430f404f59944ee32c33062882bbcbb95d465c522501a3a192994d9,,,/home/pdblend4/results/2026-09-21/pdblend-optimization/profile-v2-parallel/raw.json,63df6c50e9d2fd4581db6abb289a202046365ddf0eb415df38a0790cb5efef79,pair-45/samples/d-2100-256-128-r0.json,80884ba7f62d9d7651377722a9204f7a5cc97455a75ba9a6168f1f6885e2a18b,
9f2170b95cc85007561b25f2,,Qwen2.5-7B-Instruct,1,,decode,2100,128,,404.5078125,,unspecified,1,,,,0.03521820189247669,282.9591,,,raw_pruned,False,1210c606499874a286056e7e1b6af84dc9e6d2ffc691d3aeb200596d6365c69c,sha256:0da4d3e4d430f404f59944ee32c33062882bbcbb95d465c522501a3a192994d9,,,/home/pdblend4/results/2026-09-21/pdblend-optimization/profile-v2-parallel/raw.json,63df6c50e9d2fd4581db6abb289a202046365ddf0eb415df38a0790cb5efef79,pair-45/samples/d-2100-256-128-r1.json,26984ce5d8e70f2eca9b4f7ecd405997fe13f13c8b672e245cf1877caa3c12d4,
e5d40e288de80cc9e715671f,,Qwen2.5-7B-Instruct,1,,decode,2100,128,,404.5078125,,unspecified,2,,,,0.03521785769664066,281.80904,,,raw_pruned,False,1210c606499874a286056e7e1b6af84dc9e6d2ffc691d3aeb200596d6365c69c,sha256:0da4d3e4d430f404f59944ee32c33062882bbcbb95d465c522501a3a192994d9,,,/home/pdblend4/results/2026-09-21/pdblend-optimization/profile-v2-parallel/raw.json,63df6c50e9d2fd4581db6abb289a202046365ddf0eb415df38a0790cb5efef79,pair-45/samples/d-2100-256-128-r2.json,6ecf89d081f17ef8fa614ab04a60d6be7c0723c15f3eb7529d9090283409ffea,
17b171a6b458045bb27f6505,,Qwen2.5-7B-Instruct,1,,decode,2100,256,,354.2734375,,unspecified,0,,,,0.058826452143052044,291.99326,,,raw_pruned,False,1210c606499874a286056e7e1b6af84dc9e6d2ffc691d3aeb200596d6365c69c,sha256:0da4d3e4d430f404f59944ee32c33062882bbcbb95d465c522501a3a192994d9,,,/home/pdblend4/results/2026-09-21/pdblend-optimization/profile-v2-parallel/raw.json,63df6c50e9d2fd4581db6abb289a202046365ddf0eb415df38a0790cb5efef79,pair-45/samples/d-2100-256-256-r0.json,b4edb9a15f900b98d47ca41ba8a70da6ebb8423d6e1d0c5e71449564478396e4,
a535a72c48caaf0e3af8d5e4,,Qwen2.5-7B-Instruct,1,,decode,2100,256,,354.7265625,,unspecified,1,,,,0.05849423603704798,291.12668,,,raw_pruned,False,1210c606499874a286056e7e1b6af84dc9e6d2ffc691d3aeb200596d6365c69c,sha256:0da4d3e4d430f404f59944ee32c33062882bbcbb95d465c522501a3a192994d9,,,/home/pdblend4/results/2026-09-21/pdblend-optimization/profile-v2-parallel/raw.json,63df6c50e9d2fd4581db6abb289a202046365ddf0eb415df38a0790cb5efef79,pair-45/samples/d-2100-256-256-r1.json,8d650d569bddebd4b65e1aa601b03c499eacd2f82695ffb25de92de10d397e39,
486f0f375d34039907726578,,Qwen2.5-7B-Instruct,1,,decode,2100,256,,354.7265625,,unspecified,2,,,,0.05848321580050284,291.18831,,,raw_pruned,False,1210c606499874a286056e7e1b6af84dc9e6d2ffc691d3aeb200596d6365c69c,sha256:0da4d3e4d430f404f59944ee32c33062882bbcbb95d465c522501a3a192994d9,,,/home/pdblend4/results/2026-09-21/pdblend-optimization/profile-v2-parallel/raw.json,63df6c50e9d2fd4581db6abb289a202046365ddf0eb415df38a0790cb5efef79,pair-45/samples/d-2100-256-256-r2.json,d0291acca7a662d817884749a0934e3745633ea86b659b80eafe7aa86c0b3b4f,
129f9374b58758a3241910c3,,Qwen2.5-7B-Instruct,1,,decode,2100,1,,1258.0,,unspecified,0,,,,0.020661735337627822,227.47484,,,raw_pruned,False,1210c606499874a286056e7e1b6af84dc9e6d2ffc691d3aeb200596d6365c69c,sha256:0da4d3e4d430f404f59944ee32c33062882bbcbb95d465c522501a3a192994d9,,,/home/pdblend4/results/2026-09-21/pdblend-optimization/profile-v2-parallel/raw.json,63df6c50e9d2fd4581db6abb289a202046365ddf0eb415df38a0790cb5efef79,pair-45/samples/d-2100-1024-1-r0.json,affaec5adfdaee3288571121ad077215427692aba9aae805b0aa08b87cdb18cd,
7c8e97f7433ec5bda338a5a3,,Qwen2.5-7B-Instruct,1,,decode,2100,1,,1257.5,,unspecified,1,,,,0.020752824688353478,226.7308,,,raw_pruned,False,1210c606499874a286056e7e1b6af84dc9e6d2ffc691d3aeb200596d6365c69c,sha256:0da4d3e4d430f404f59944ee32c33062882bbcbb95d465c522501a3a192994d9,,,/home/pdblend4/results/2026-09-21/pdblend-optimization/profile-v2-parallel/raw.json,63df6c50e9d2fd4581db6abb289a202046365ddf0eb415df38a0790cb5efef79,pair-45/samples/d-2100-1024-1-r1.json,51cde4e013b95b6058daa555dfbaf1b62d45b698090cb58686033e1c2acb20ae,
3468f114aefeac228f8f379f,,Qwen2.5-7B-Instruct,1,,decode,2100,1,,1257.5,,unspecified,2,,,,0.02074883191912006,226.38609,,,raw_pruned,False,1210c606499874a286056e7e1b6af84dc9e6d2ffc691d3aeb200596d6365c69c,sha256:0da4d3e4d430f404f59944ee32c33062882bbcbb95d465c522501a3a192994d9,,,/home/pdblend4/results/2026-09-21/pdblend-optimization/profile-v2-parallel/raw.json,63df6c50e9d2fd4581db6abb289a202046365ddf0eb415df38a0790cb5efef79,pair-45/samples/d-2100-1024-1-r2.json,bbf69c432bc3f0b77f36ef673bd9b075b2929b027acb1e32d6b3376e4bf4ea41,
c9e5a3c3c348555a27cda857,,Qwen2.5-7B-Instruct,1,,decode,2100,4,,1240.25,,unspecified,0,,,,0.022529357188456767,211.16885,,,raw_pruned,False,1210c606499874a286056e7e1b6af84dc9e6d2ffc691d3aeb200596d6365c69c,sha256:0da4d3e4d430f404f59944ee32c33062882bbcbb95d465c522501a3a192994d9,,,/home/pdblend4/results/2026-09-21/pdblend-optimization/profile-v2-parallel/raw.json,63df6c50e9d2fd4581db6abb289a202046365ddf0eb415df38a0790cb5efef79,pair-45/samples/d-2100-1024-4-r0.json,7d8aff859bfac0aadaf69ae5261491131cfd903f27dac86b375aec1f7eb78bc0,
e9cd7e3d9c89b8cdf91adf6d,,Qwen2.5-7B-Instruct,1,,decode,2100,4,,1241.25,,unspecified,1,,,,0.022526541271725216,210.74443,,,raw_pruned,False,1210c606499874a286056e7e1b6af84dc9e6d2ffc691d3aeb200596d6365c69c,sha256:0da4d3e4d430f404f59944ee32c33062882bbcbb95d465c522501a3a192994d9,,,/home/pdblend4/results/2026-09-21/pdblend-optimization/profile-v2-parallel/raw.json,63df6c50e9d2fd4581db6abb289a202046365ddf0eb415df38a0790cb5efef79,pair-45/samples/d-2100-1024-4-r1.json,83313328b00849b6326ca6f6593b8dfe977fb8ee3eb19291200b42451c934c0a,
903c747b546351511dbe8cc2,,Qwen2.5-7B-Instruct,1,,decode,2100,4,,1241.25,,unspecified,2,,,,0.02252448893882133,210.75767,,,raw_pruned,False,1210c606499874a286056e7e1b6af84dc9e6d2ffc691d3aeb200596d6365c69c,sha256:0da4d3e4d430f404f59944ee32c33062882bbcbb95d465c522501a3a192994d9,,,/home/pdblend4/results/2026-09-21/pdblend-optimization/profile-v2-parallel/raw.json,63df6c50e9d2fd4581db6abb289a202046365ddf0eb415df38a0790cb5efef79,pair-45/samples/d-2100-1024-4-r2.json,7996bbce94f75c3be35d22443e94b6dd4d54516274f23db795557bd568953ef5,
ff06f2bf1156e22b9dc3c2f6,,Qwen2.5-7B-Instruct,1,,decode,2100,8,,1236.125,,unspecified,0,,,,0.02315037669958892,215.33134,,,raw_pruned,False,1210c606499874a286056e7e1b6af84dc9e6d2ffc691d3aeb200596d6365c69c,sha256:0da4d3e4d430f404f59944ee32c33062882bbcbb95d465c522501a3a192994d9,,,/home/pdblend4/results/2026-09-21/pdblend-optimization/profile-v2-parallel/raw.json,63df6c50e9d2fd4581db6abb289a202046365ddf0eb415df38a0790cb5efef79,pair-45/samples/d-2100-1024-8-r0.json,5f67ba84f25db10650ab3bdd6406eb588f5f7b69573d496245d5703b9aab867a,
dc51249c3b5967b94790a86e,,Qwen2.5-7B-Instruct,1,,decode,2100,8,,1235.75,,unspecified,1,,,,0.023260014556175053,215.49632000000003,,,raw_pruned,False,1210c606499874a286056e7e1b6af84dc9e6d2ffc691d3aeb200596d6365c69c,sha256:0da4d3e4d430f404f59944ee32c33062882bbcbb95d465c522501a3a192994d9,,,/home/pdblend4/results/2026-09-21/pdblend-optimization/profile-v2-parallel/raw.json,63df6c50e9d2fd4581db6abb289a202046365ddf0eb415df38a0790cb5efef79,pair-45/samples/d-2100-1024-8-r1.json,93b5d0ef2d1d9bdc332be01b3e4000c6bfb32b6a43699ed3485e539c45627c50,
c437d791a4b344100e8c3f06,,Qwen2.5-7B-Instruct,1,,decode,2100,8,,1236.125,,unspecified,2,,,,0.023152583175235324,215.92106,,,raw_pruned,False,1210c606499874a286056e7e1b6af84dc9e6d2ffc691d3aeb200596d6365c69c,sha256:0da4d3e4d430f404f59944ee32c33062882bbcbb95d465c522501a3a192994d9,,,/home/pdblend4/results/2026-09-21/pdblend-optimization/profile-v2-parallel/raw.json,63df6c50e9d2fd4581db6abb289a202046365ddf0eb415df38a0790cb5efef79,pair-45/samples/d-2100-1024-8-r2.json,d6957ac9c3688aefe08fb51a3659ce68861d6c341983a77ba72ceb5fff03f57c,
edc952c20c930109ac0b4160,,Qwen2.5-7B-Instruct,1,,decode,2100,16,,1228.0625,,unspecified,0,,,,0.02415880719244768,222.87877,,,raw_pruned,False,1210c606499874a286056e7e1b6af84dc9e6d2ffc691d3aeb200596d6365c69c,sha256:0da4d3e4d430f404f59944ee32c33062882bbcbb95d465c522501a3a192994d9,,,/home/pdblend4/results/2026-09-21/pdblend-optimization/profile-v2-parallel/raw.json,63df6c50e9d2fd4581db6abb289a202046365ddf0eb415df38a0790cb5efef79,pair-45/samples/d-2100-1024-16-r0.json,0cf640dcd01c0bc14ffb61253703a80b2231b53e7e467dba9f8ba86913c8479a,
21b408098e811635c1e3fd33,,Qwen2.5-7B-Instruct,1,,decode,2100,16,,1228.0625,,unspecified,1,,,,0.02415557875149492,223.11944,,,raw_pruned,False,1210c606499874a286056e7e1b6af84dc9e6d2ffc691d3aeb200596d6365c69c,sha256:0da4d3e4d430f404f59944ee32c33062882bbcbb95d465c522501a3a192994d9,,,/home/pdblend4/results/2026-09-21/pdblend-optimization/profile-v2-parallel/raw.json,63df6c50e9d2fd4581db6abb289a202046365ddf0eb415df38a0790cb5efef79,pair-45/samples/d-2100-1024-16-r1.json,4135d51c8c613ece251c1b9ab8a5d4a9796d66484d84cb197d656e717d30d1f8,
283680afa3ec2d6e6fc691ee,,Qwen2.5-7B-Instruct,1,,decode,2100,16,,1228.0625,,unspecified,2,,,,0.02415566513503807,222.8601,,,raw_pruned,False,1210c606499874a286056e7e1b6af84dc9e6d2ffc691d3aeb200596d6365c69c,sha256:0da4d3e4d430f404f59944ee32c33062882bbcbb95d465c522501a3a192994d9,,,/home/pdblend4/results/2026-09-21/pdblend-optimization/profile-v2-parallel/raw.json,63df6c50e9d2fd4581db6abb289a202046365ddf0eb415df38a0790cb5efef79,pair-45/samples/d-2100-1024-16-r2.json,ec3e96a8a4e793a3e289fb432d64db338c3c7eb6c32cb2abe4f119b692164cd5,
11f9f1ed5e06c3b9bf6d1ecf,,Qwen2.5-7B-Instruct,1,,decode,2100,32,,1199.53125,,unspecified,0,,,,0.02874124050140381,228.09468,,,raw_pruned,False,1210c606499874a286056e7e1b6af84dc9e6d2ffc691d3aeb200596d6365c69c,sha256:0da4d3e4d430f404f59944ee32c33062882bbcbb95d465c522501a3a192994d9,,,/home/pdblend4/results/2026-09-21/pdblend-optimization/profile-v2-parallel/raw.json,63df6c50e9d2fd4581db6abb289a202046365ddf0eb415df38a0790cb5efef79,pair-45/samples/d-2100-1024-32-r0.json,b180969f5d34e298d712b186ead569c19b8be4423f02654c44ec8c40a931c839,
37efcb79c9b047488a3d1256,,Qwen2.5-7B-Instruct,1,,decode,2100,32,,1199.53125,,unspecified,1,,,,0.028740485509236652,226.58208,,,raw_pruned,False,1210c606499874a286056e7e1b6af84dc9e6d2ffc691d3aeb200596d6365c69c,sha256:0da4d3e4d430f404f59944ee32c33062882bbcbb95d465c522501a3a192994d9,,,/home/pdblend4/results/2026-09-21/pdblend-optimization/profile-v2-parallel/raw.json,63df6c50e9d2fd4581db6abb289a202046365ddf0eb415df38a0790cb5efef79,pair-45/samples/d-2100-1024-32-r1.json,39ae1c35d12bf6ae39af6912b1faace87c9a9844b38151d2bd42150ce456560d,
51d5abdaf730ab6e036985fb,,Qwen2.5-7B-Instruct,1,,decode,2100,32,,1199.53125,,unspecified,2,,,,0.028739470174942893,226.26039,,,raw_pruned,False,1210c606499874a286056e7e1b6af84dc9e6d2ffc691d3aeb200596d6365c69c,sha256:0da4d3e4d430f404f59944ee32c33062882bbcbb95d465c522501a3a192994d9,,,/home/pdblend4/results/2026-09-21/pdblend-optimization/profile-v2-parallel/raw.json,63df6c50e9d2fd4581db6abb289a202046365ddf0eb415df38a0790cb5efef79,pair-45/samples/d-2100-1024-32-r2.json,5bcfe7924754b657aecdcf00cd1c584949b45f7da98c04ab59f56f3e26cef87f,
e3fcfb722be05f80bb2414a8,,Qwen2.5-7B-Instruct,1,,decode,2100,64,,1182.515625,,unspecified,0,,,,0.032895640323036594,238.85898,,,raw_pruned,False,1210c606499874a286056e7e1b6af84dc9e6d2ffc691d3aeb200596d6365c69c,sha256:0da4d3e4d430f404f59944ee32c33062882bbcbb95d465c522501a3a192994d9,,,/home/pdblend4/results/2026-09-21/pdblend-optimization/profile-v2-parallel/raw.json,63df6c50e9d2fd4581db6abb289a202046365ddf0eb415df38a0790cb5efef79,pair-45/samples/d-2100-1024-64-r0.json,cbba358aa822e3833e36b30ba017b8359847ed9a1fad5a1c319f69f2cb0d856b,
af80205d4e7a8c93bb89ec4a,,Qwen2.5-7B-Instruct,1,,decode,2100,64,,1182.515625,,unspecified,1,,,,0.032900209489621614,239.12031,,,raw_pruned,False,1210c606499874a286056e7e1b6af84dc9e6d2ffc691d3aeb200596d6365c69c,sha256:0da4d3e4d430f404f59944ee32c33062882bbcbb95d465c522501a3a192994d9,,,/home/pdblend4/results/2026-09-21/pdblend-optimization/profile-v2-parallel/raw.json,63df6c50e9d2fd4581db6abb289a202046365ddf0eb415df38a0790cb5efef79,pair-45/samples/d-2100-1024-64-r1.json,4c744af09ea3595e478afbe0181eab858fa3a5a6db3123f8aff64ed4b4ec1f89,
06b7a400b597de591ecf81ca,,Qwen2.5-7B-Instruct,1,,decode,2100,64,,1182.515625,,unspecified,2,,,,0.03290639582433199,239.84902000000002,,,raw_pruned,False,1210c606499874a286056e7e1b6af84dc9e6d2ffc691d3aeb200596d6365c69c,sha256:0da4d3e4d430f404f59944ee32c33062882bbcbb95d465c522501a3a192994d9,,,/home/pdblend4/results/2026-09-21/pdblend-optimization/profile-v2-parallel/raw.json,63df6c50e9d2fd4581db6abb289a202046365ddf0eb415df38a0790cb5efef79,pair-45/samples/d-2100-1024-64-r2.json,2dd1c4cf02e34168f996fe534bdf7dcfa7cb062ce8e379414d11e18da18ce09b,
34ed43a407c15f50b08b4f15,,Qwen2.5-7B-Instruct,1,,decode,2100,128,,1153.5078125,,unspecified,0,,,,0.04311057822457675,273.42242,,,raw_pruned,False,1210c606499874a286056e7e1b6af84dc9e6d2ffc691d3aeb200596d6365c69c,sha256:0da4d3e4d430f404f59944ee32c33062882bbcbb95d465c522501a3a192994d9,,,/home/pdblend4/results/2026-09-21/pdblend-optimization/profile-v2-parallel/raw.json,63df6c50e9d2fd4581db6abb289a202046365ddf0eb415df38a0790cb5efef79,pair-45/samples/d-2100-1024-128-r0.json,e7f590d7b3fafc5e4bf656aaefd65c2a8a6009b02b23daf06bd929496bcc71c9,
c3c32b184ea26fa9fdb7101a,,Qwen2.5-7B-Instruct,1,,decode,2100,128,,1153.5078125,,unspecified,1,,,,0.04310460748343632,274.47128,,,raw_pruned,False,1210c606499874a286056e7e1b6af84dc9e6d2ffc691d3aeb200596d6365c69c,sha256:0da4d3e4d430f404f59944ee32c33062882bbcbb95d465c522501a3a192994d9,,,/home/pdblend4/results/2026-09-21/pdblend-optimization/profile-v2-parallel/raw.json,63df6c50e9d2fd4581db6abb289a202046365ddf0eb415df38a0790cb5efef79,pair-45/samples/d-2100-1024-128-r1.json,edf29cd37b1149fbb1abbd2e7709b5de705a334e75a365e0a631f6f320c82d5d,
75001d646171d8faf8ebbc4b,,Qwen2.5-7B-Instruct,1,,decode,2100,128,,1153.5078125,,unspecified,2,,,,0.04310678819130207,273.09174,,,raw_pruned,False,1210c606499874a286056e7e1b6af84dc9e6d2ffc691d3aeb200596d6365c69c,sha256:0da4d3e4d430f404f59944ee32c33062882bbcbb95d465c522501a3a192994d9,,,/home/pdblend4/results/2026-09-21/pdblend-optimization/profile-v2-parallel/raw.json,63df6c50e9d2fd4581db6abb289a202046365ddf0eb415df38a0790cb5efef79,pair-45/samples/d-2100-1024-128-r2.json,e48cab0409f4f3431744152cdee769c5cb0d76ed98fbcf0eddda9020e64acbac,
f694d4e77b5530c038d8522e,,Qwen2.5-7B-Instruct,1,,decode,2100,256,,1117.390625,,unspecified,0,,,,0.07576062101306337,277.93282,,,raw_pruned,False,1210c606499874a286056e7e1b6af84dc9e6d2ffc691d3aeb200596d6365c69c,sha256:0da4d3e4d430f404f59944ee32c33062882bbcbb95d465c522501a3a192994d9,,,/home/pdblend4/results/2026-09-21/pdblend-optimization/profile-v2-parallel/raw.json,63df6c50e9d2fd4581db6abb289a202046365ddf0eb415df38a0790cb5efef79,pair-45/samples/d-2100-1024-256-r0.json,82fd6724705e43b1cd44bcf683b548c86a796976d5ef53ffccf1b82fcc7ae2b2,
8b80ae99cc606424bcaf1739,,Qwen2.5-7B-Instruct,1,,decode,2100,256,,1116.89453125,,unspecified,1,,,,0.0746335129239666,280.75667999999996,,,raw_pruned,False,1210c606499874a286056e7e1b6af84dc9e6d2ffc691d3aeb200596d6365c69c,sha256:0da4d3e4d430f404f59944ee32c33062882bbcbb95d465c522501a3a192994d9,,,/home/pdblend4/results/2026-09-21/pdblend-optimization/profile-v2-parallel/raw.json,63df6c50e9d2fd4581db6abb289a202046365ddf0eb415df38a0790cb5efef79,pair-45/samples/d-2100-1024-256-r1.json,a374eaf22c4161fc555e2b912876f2285801d97dd18c5fa321ef08ee74b87de5,
29583b9358cd0117c88e5940,,Qwen2.5-7B-Instruct,1,,decode,2100,256,,1117.390625,,unspecified,2,,,,0.07577090191118645,273.28422,,,raw_pruned,False,1210c606499874a286056e7e1b6af84dc9e6d2ffc691d3aeb200596d6365c69c,sha256:0da4d3e4d430f404f59944ee32c33062882bbcbb95d465c522501a3a192994d9,,,/home/pdblend4/results/2026-09-21/pdblend-optimization/profile-v2-parallel/raw.json,63df6c50e9d2fd4581db6abb289a202046365ddf0eb415df38a0790cb5efef79,pair-45/samples/d-2100-1024-256-r2.json,1c4da177e392ea5d76c60d64a9ce09a5959e34f080e00c2af8013a47a5a6d853,
f93d9d1a55f631bbd0a59abe,,Qwen2.5-7B-Instruct,1,,decode,2100,1,,4325.0,,unspecified,0,,,,0.0211889521550324,225.31051,,,raw_pruned,False,1210c606499874a286056e7e1b6af84dc9e6d2ffc691d3aeb200596d6365c69c,sha256:0da4d3e4d430f404f59944ee32c33062882bbcbb95d465c522501a3a192994d9,,,/home/pdblend4/results/2026-09-21/pdblend-optimization/profile-v2-parallel/raw.json,63df6c50e9d2fd4581db6abb289a202046365ddf0eb415df38a0790cb5efef79,pair-45/samples/d-2100-4096-1-r0.json,c3dfe06cee3cc4a6ad7849a1313e8af15832e9302a0a45e43e42599230f20a18,
3094ccc6e43efad6d31b5c4b,,Qwen2.5-7B-Instruct,1,,decode,2100,1,,4325.0,,unspecified,1,,,,0.021189602754883848,225.47686000000002,,,raw_pruned,False,1210c606499874a286056e7e1b6af84dc9e6d2ffc691d3aeb200596d6365c69c,sha256:0da4d3e4d430f404f59944ee32c33062882bbcbb95d465c522501a3a192994d9,,,/home/pdblend4/results/2026-09-21/pdblend-optimization/profile-v2-parallel/raw.json,63df6c50e9d2fd4581db6abb289a202046365ddf0eb415df38a0790cb5efef79,pair-45/samples/d-2100-4096-1-r1.json,fe77ac0e753f876df1f817c9f76fc41546bffee21d4466ed1526f6128b9c9160,
e9500f3bc259a28aa8247190,,Qwen2.5-7B-Instruct,1,,decode,2100,1,,4325.0,,unspecified,2,,,,0.021188624834610245,225.01183838383838,,,raw_pruned,False,1210c606499874a286056e7e1b6af84dc9e6d2ffc691d3aeb200596d6365c69c,sha256:0da4d3e4d430f404f59944ee32c33062882bbcbb95d465c522501a3a192994d9,,,/home/pdblend4/results/2026-09-21/pdblend-optimization/profile-v2-parallel/raw.json,63df6c50e9d2fd4581db6abb289a202046365ddf0eb415df38a0790cb5efef79,pair-45/samples/d-2100-4096-1-r2.json,9101121c24dd6db6ff9f59aec282dbeb5308b2438aacb09e57ebd7cfe054f279,
ed544930d88af79946292e59,,Qwen2.5-7B-Instruct,1,,decode,2100,4,,4304.75,,unspecified,0,,,,0.023588439203658194,211.88433,,,raw_pruned,False,1210c606499874a286056e7e1b6af84dc9e6d2ffc691d3aeb200596d6365c69c,sha256:0da4d3e4d430f404f59944ee32c33062882bbcbb95d465c522501a3a192994d9,,,/home/pdblend4/results/2026-09-21/pdblend-optimization/profile-v2-parallel/raw.json,63df6c50e9d2fd4581db6abb289a202046365ddf0eb415df38a0790cb5efef79,pair-45/samples/d-2100-4096-4-r0.json,139973c2671894dbdb05f744a218ecaba2fc4bd1c3dedfbb8daa86596d12c616,
c9d03d1e00f7fa39cba81920,,Qwen2.5-7B-Instruct,1,,decode,2100,4,,4304.75,,unspecified,1,,,,0.02358646887653279,211.20452,,,raw_pruned,False,1210c606499874a286056e7e1b6af84dc9e6d2ffc691d3aeb200596d6365c69c,sha256:0da4d3e4d430f404f59944ee32c33062882bbcbb95d465c522501a3a192994d9,,,/home/pdblend4/results/2026-09-21/pdblend-optimization/profile-v2-parallel/raw.json,63df6c50e9d2fd4581db6abb289a202046365ddf0eb415df38a0790cb5efef79,pair-45/samples/d-2100-4096-4-r1.json,b44cc94c677ac66779ab6ff5e6c7f324440480286d0413396248b042ce83b33d,
290e103464c8d3110f4f39df,,Qwen2.5-7B-Instruct,1,,decode,2100,4,,4305.25,,unspecified,2,,,,0.02358905886704067,210.90478,,,raw_pruned,False,1210c606499874a286056e7e1b6af84dc9e6d2ffc691d3aeb200596d6365c69c,sha256:0da4d3e4d430f404f59944ee32c33062882bbcbb95d465c522501a3a192994d9,,,/home/pdblend4/results/2026-09-21/pdblend-optimization/profile-v2-parallel/raw.json,63df6c50e9d2fd4581db6abb289a202046365ddf0eb415df38a0790cb5efef79,pair-45/samples/d-2100-4096-4-r2.json,d7331e6d7bf90ec96f0914070d0ce56afa6cfbbe06fd091e22bc2d8509d47f34,
f380b64db1f674ba4da49873,,Qwen2.5-7B-Instruct,1,,decode,2100,8,,4294.125,,unspecified,0,,,,0.025129291879471823,215.45666,,,raw_pruned,False,1210c606499874a286056e7e1b6af84dc9e6d2ffc691d3aeb200596d6365c69c,sha256:0da4d3e4d430f404f59944ee32c33062882bbcbb95d465c522501a3a192994d9,,,/home/pdblend4/results/2026-09-21/pdblend-optimization/profile-v2-parallel/raw.json,63df6c50e9d2fd4581db6abb289a202046365ddf0eb415df38a0790cb5efef79,pair-45/samples/d-2100-4096-8-r0.json,5b8a64d6ced40872da560dc203c090a8488ad914275e46dba43df626f1dbfecc,
aec26a24a630a95fb03eff22,,Qwen2.5-7B-Instruct,1,,decode,2100,8,,4294.25,,unspecified,1,,,,0.02512919363664023,216.73568,,,raw_pruned,False,1210c606499874a286056e7e1b6af84dc9e6d2ffc691d3aeb200596d6365c69c,sha256:0da4d3e4d430f404f59944ee32c33062882bbcbb95d465c522501a3a192994d9,,,/home/pdblend4/results/2026-09-21/pdblend-optimization/profile-v2-parallel/raw.json,63df6c50e9d2fd4581db6abb289a202046365ddf0eb415df38a0790cb5efef79,pair-45/samples/d-2100-4096-8-r1.json,7a8fefb5cdac7ebb811a9d5fd2bf1ec9bdab29163d80b3a0de348e26e981843b,
55c8b44e1f7b0811fea54f29,,Qwen2.5-7B-Instruct,1,,decode,2100,8,,4294.625,,unspecified,2,,,,0.02512810338082625,215.61564646464646,,,raw_pruned,False,1210c606499874a286056e7e1b6af84dc9e6d2ffc691d3aeb200596d6365c69c,sha256:0da4d3e4d430f404f59944ee32c33062882bbcbb95d465c522501a3a192994d9,,,/home/pdblend4/results/2026-09-21/pdblend-optimization/profile-v2-parallel/raw.json,63df6c50e9d2fd4581db6abb289a202046365ddf0eb415df38a0790cb5efef79,pair-45/samples/d-2100-4096-8-r2.json,ff84ada79b3dfe88cc0744060616e8ca9c9febe6689ad5bc153318a412fb558a,
4524f4d3564bd763de3b03bf,,Qwen2.5-7B-Instruct,1,,decode,2100,16,,4276.0625,,unspecified,0,,,,0.028252778080223643,223.63469,,,raw_pruned,False,1210c606499874a286056e7e1b6af84dc9e6d2ffc691d3aeb200596d6365c69c,sha256:0da4d3e4d430f404f59944ee32c33062882bbcbb95d465c522501a3a192994d9,,,/home/pdblend4/results/2026-09-21/pdblend-optimization/profile-v2-parallel/raw.json,63df6c50e9d2fd4581db6abb289a202046365ddf0eb415df38a0790cb5efef79,pair-45/samples/d-2100-4096-16-r0.json,7fc9ea8f412bcc2d695a91debae7bf310cefd29b2178c9dc807255fb242aca5d,
926e76f00b80e325c81acfb4,,Qwen2.5-7B-Instruct,1,,decode,2100,16,,4276.0625,,unspecified,1,,,,0.028249332460306458,223.87572727272726,,,raw_pruned,False,1210c606499874a286056e7e1b6af84dc9e6d2ffc691d3aeb200596d6365c69c,sha256:0da4d3e4d430f404f59944ee32c33062882bbcbb95d465c522501a3a192994d9,,,/home/pdblend4/results/2026-09-21/pdblend-optimization/profile-v2-parallel/raw.json,63df6c50e9d2fd4581db6abb289a202046365ddf0eb415df38a0790cb5efef79,pair-45/samples/d-2100-4096-16-r1.json,9694eaab704ce464f063ff36ea08151612583856f480f2f518ffda5c7c23b268,
2a79eba3d6a03d190d6cdbca,,Qwen2.5-7B-Instruct,1,,decode,2100,16,,4276.125,,unspecified,2,,,,0.02824997363117455,223.61119,,,raw_pruned,False,1210c606499874a286056e7e1b6af84dc9e6d2ffc691d3aeb200596d6365c69c,sha256:0da4d3e4d430f404f59944ee32c33062882bbcbb95d465c522501a3a192994d9,,,/home/pdblend4/results/2026-09-21/pdblend-optimization/profile-v2-parallel/raw.json,63df6c50e9d2fd4581db6abb289a202046365ddf0eb415df38a0790cb5efef79,pair-45/samples/d-2100-4096-16-r2.json,426876f478d2c5f4f38cc609e699a17686b1db7dc2b2293668476f43e731dbf4,
366f2b2fb1fa977f08171550,,Qwen2.5-7B-Instruct,1,,decode,2100,32,,4243.53125,,unspecified,0,,,,0.036770198275061214,228.58088,,,raw_pruned,False,1210c606499874a286056e7e1b6af84dc9e6d2ffc691d3aeb200596d6365c69c,sha256:0da4d3e4d430f404f59944ee32c33062882bbcbb95d465c522501a3a192994d9,,,/home/pdblend4/results/2026-09-21/pdblend-optimization/profile-v2-parallel/raw.json,63df6c50e9d2fd4581db6abb289a202046365ddf0eb415df38a0790cb5efef79,pair-45/samples/d-2100-4096-32-r0.json,bc38c3e9e724dd975a7453dcf3bf2afd240c89311ed800343efef98e8e35822f,
eda4142dc1926d0247e4ebef,,Qwen2.5-7B-Instruct,1,,decode,2100,32,,4243.53125,,unspecified,1,,,,0.03650173827679488,229.00717,,,raw_pruned,False,1210c606499874a286056e7e1b6af84dc9e6d2ffc691d3aeb200596d6365c69c,sha256:0da4d3e4d430f404f59944ee32c33062882bbcbb95d465c522501a3a192994d9,,,/home/pdblend4/results/2026-09-21/pdblend-optimization/profile-v2-parallel/raw.json,63df6c50e9d2fd4581db6abb289a202046365ddf0eb415df38a0790cb5efef79,pair-45/samples/d-2100-4096-32-r1.json,efefd4aa3a25926ec3e97368c85a1c72cbfbdb4616254e8967f5685709133646,
6895ddf7ddff598ad4439d6a,,Qwen2.5-7B-Instruct,1,,decode,2100,32,,4243.53125,,unspecified,2,,,,0.036768248852561504,228.65352,,,raw_pruned,False,1210c606499874a286056e7e1b6af84dc9e6d2ffc691d3aeb200596d6365c69c,sha256:0da4d3e4d430f404f59944ee32c33062882bbcbb95d465c522501a3a192994d9,,,/home/pdblend4/results/2026-09-21/pdblend-optimization/profile-v2-parallel/raw.json,63df6c50e9d2fd4581db6abb289a202046365ddf0eb415df38a0790cb5efef79,pair-45/samples/d-2100-4096-32-r2.json,073de9ad95cf4e77dafb5653a94b6390de306a6c0ffbfce062335e7b685397e6,
282f5954261d75bef88e7bc0,,Qwen2.5-7B-Instruct,1,,decode,2100,64,,4221.015625,,unspecified,0,,,,0.048546605897181246,240.50984,,,raw_pruned,False,1210c606499874a286056e7e1b6af84dc9e6d2ffc691d3aeb200596d6365c69c,sha256:0da4d3e4d430f404f59944ee32c33062882bbcbb95d465c522501a3a192994d9,,,/home/pdblend4/results/2026-09-21/pdblend-optimization/profile-v2-parallel/raw.json,63df6c50e9d2fd4581db6abb289a202046365ddf0eb415df38a0790cb5efef79,pair-45/samples/d-2100-4096-64-r0.json,8ff6f7733c585f1d1e19ffe93d649b9d1f28b9f544410a15882352860c5f80b4,
0d42bf355541c3f36f83b909,,Qwen2.5-7B-Instruct,1,,decode,2100,64,,4221.015625,,unspecified,1,,,,0.048554188996842766,241.94267,,,raw_pruned,False,1210c606499874a286056e7e1b6af84dc9e6d2ffc691d3aeb200596d6365c69c,sha256:0da4d3e4d430f404f59944ee32c33062882bbcbb95d465c522501a3a192994d9,,,/home/pdblend4/results/2026-09-21/pdblend-optimization/profile-v2-parallel/raw.json,63df6c50e9d2fd4581db6abb289a202046365ddf0eb415df38a0790cb5efef79,pair-45/samples/d-2100-4096-64-r1.json,bee19130eb02c2e44408c6d6945ee91d0ebbe9fb6b4c83a3c9e5c895ee459b73,
8682f7c01c493efe5b236818,,Qwen2.5-7B-Instruct,1,,decode,2100,64,,4221.015625,,unspecified,2,,,,0.048545612872225564,241.79514,,,raw_pruned,False,1210c606499874a286056e7e1b6af84dc9e6d2ffc691d3aeb200596d6365c69c,sha256:0da4d3e4d430f404f59944ee32c33062882bbcbb95d465c522501a3a192994d9,,,/home/pdblend4/results/2026-09-21/pdblend-optimization/profile-v2-parallel/raw.json,63df6c50e9d2fd4581db6abb289a202046365ddf0eb415df38a0790cb5efef79,pair-45/samples/d-2100-4096-64-r2.json,35ade6c6001b3a13df6dda5139fc26dae77be7014001401386242db1dcba0fbf,
0f33fee188e1146a5787eeb3,,Qwen2.5-7B-Instruct,1,,decode,2520,1,,492.0,,unspecified,0,,,,0.020495976580948125,266.09396,,,raw_pruned,False,1210c606499874a286056e7e1b6af84dc9e6d2ffc691d3aeb200596d6365c69c,sha256:0da4d3e4d430f404f59944ee32c33062882bbcbb95d465c522501a3a192994d9,,,/home/pdblend4/results/2026-09-21/pdblend-optimization/profile-v2-parallel/raw.json,63df6c50e9d2fd4581db6abb289a202046365ddf0eb415df38a0790cb5efef79,pair-67/samples/d-2520-256-1-r0.json,71b977a598a188ce8275f57117b3533fbfe1481031a4fb5c35d25584657454b7,
0362a7b2f9f7ad84ec2a5b93,,Qwen2.5-7B-Instruct,1,,decode,2520,1,,493.0,,unspecified,1,,,,0.020494244137748342,266.84044,,,raw_pruned,False,1210c606499874a286056e7e1b6af84dc9e6d2ffc691d3aeb200596d6365c69c,sha256:0da4d3e4d430f404f59944ee32c33062882bbcbb95d465c522501a3a192994d9,,,/home/pdblend4/results/2026-09-21/pdblend-optimization/profile-v2-parallel/raw.json,63df6c50e9d2fd4581db6abb289a202046365ddf0eb415df38a0790cb5efef79,pair-67/samples/d-2520-256-1-r1.json,d12c56535f523028304cf41764a6c33e061ce21768289eeffef60264fae50246,
0eeb9f16888d7ad4a2449ce0,,Qwen2.5-7B-Instruct,1,,decode,2520,1,,493.0,,unspecified,2,,,,0.0204939070295115,265.57138,,,raw_pruned,False,1210c606499874a286056e7e1b6af84dc9e6d2ffc691d3aeb200596d6365c69c,sha256:0da4d3e4d430f404f59944ee32c33062882bbcbb95d465c522501a3a192994d9,,,/home/pdblend4/results/2026-09-21/pdblend-optimization/profile-v2-parallel/raw.json,63df6c50e9d2fd4581db6abb289a202046365ddf0eb415df38a0790cb5efef79,pair-67/samples/d-2520-256-1-r2.json,de54f75b5f0f59dbb824ee1ca0d4aea054ba7d531725cf2b6e3a0007eadeaf4f,
ce692d1779cde56252b1bcf2,,Qwen2.5-7B-Instruct,1,,decode,2520,4,,479.0,,unspecified,0,,,,0.02188456971483627,247.83588,,,raw_pruned,False,1210c606499874a286056e7e1b6af84dc9e6d2ffc691d3aeb200596d6365c69c,sha256:0da4d3e4d430f404f59944ee32c33062882bbcbb95d465c522501a3a192994d9,,,/home/pdblend4/results/2026-09-21/pdblend-optimization/profile-v2-parallel/raw.json,63df6c50e9d2fd4581db6abb289a202046365ddf0eb415df38a0790cb5efef79,pair-67/samples/d-2520-256-4-r0.json,6d2f613bf1fc62d0c8bec9ba8bd88588c2c4084656e5e5dccf4538e9450b4b89,
d1cd2e73b8ee71af253b7764,,Qwen2.5-7B-Instruct,1,,decode,2520,4,,479.25,,unspecified,1,,,,0.021931795697463185,248.69841,,,raw_pruned,False,1210c606499874a286056e7e1b6af84dc9e6d2ffc691d3aeb200596d6365c69c,sha256:0da4d3e4d430f404f59944ee32c33062882bbcbb95d465c522501a3a192994d9,,,/home/pdblend4/results/2026-09-21/pdblend-optimization/profile-v2-parallel/raw.json,63df6c50e9d2fd4581db6abb289a202046365ddf0eb415df38a0790cb5efef79,pair-67/samples/d-2520-256-4-r1.json,b649f0061b4e1fa7ee67bb53daafbca5bd18a11a4d76f0ac75cc3bfa202bfff4,
914214a13f717935c068dc13,,Qwen2.5-7B-Instruct,1,,decode,2520,4,,479.25,,unspecified,2,,,,0.0219305157661438,247.82092,,,raw_pruned,False,1210c606499874a286056e7e1b6af84dc9e6d2ffc691d3aeb200596d6365c69c,sha256:0da4d3e4d430f404f59944ee32c33062882bbcbb95d465c522501a3a192994d9,,,/home/pdblend4/results/2026-09-21/pdblend-optimization/profile-v2-parallel/raw.json,63df6c50e9d2fd4581db6abb289a202046365ddf0eb415df38a0790cb5efef79,pair-67/samples/d-2520-256-4-r2.json,82a8a63bfe7259129c2bb8f97ca508d882225f98e2114947642d14e8b6013136,
a4f8562cfa14ecaeaacd5668,,Qwen2.5-7B-Instruct,1,,decode,2520,8,,474.625,,unspecified,0,,,,0.0224230546053215,253.3808585858586,,,raw_pruned,False,1210c606499874a286056e7e1b6af84dc9e6d2ffc691d3aeb200596d6365c69c,sha256:0da4d3e4d430f404f59944ee32c33062882bbcbb95d465c522501a3a192994d9,,,/home/pdblend4/results/2026-09-21/pdblend-optimization/profile-v2-parallel/raw.json,63df6c50e9d2fd4581db6abb289a202046365ddf0eb415df38a0790cb5efef79,pair-67/samples/d-2520-256-8-r0.json,33a4a01a29c536205d7524f6c65164e829b67ffe55d5ddf943b8bd487f9549f9,
241b99f39617cae0bdeb8f99,,Qwen2.5-7B-Instruct,1,,decode,2520,8,,474.625,,unspecified,1,,,,0.022425636582310424,253.23975,,,raw_pruned,False,1210c606499874a286056e7e1b6af84dc9e6d2ffc691d3aeb200596d6365c69c,sha256:0da4d3e4d430f404f59944ee32c33062882bbcbb95d465c522501a3a192994d9,,,/home/pdblend4/results/2026-09-21/pdblend-optimization/profile-v2-parallel/raw.json,63df6c50e9d2fd4581db6abb289a202046365ddf0eb415df38a0790cb5efef79,pair-67/samples/d-2520-256-8-r1.json,e97d178d3b999471910bae51ab854e3d9cfd9df51be1247b666de7cf84226c46,
0be489db4be9172d87a8583f,,Qwen2.5-7B-Instruct,1,,decode,2520,8,,475.125,,unspecified,2,,,,0.02232345938682556,255.30380000000002,,,raw_pruned,False,1210c606499874a286056e7e1b6af84dc9e6d2ffc691d3aeb200596d6365c69c,sha256:0da4d3e4d430f404f59944ee32c33062882bbcbb95d465c522501a3a192994d9,,,/home/pdblend4/results/2026-09-21/pdblend-optimization/profile-v2-parallel/raw.json,63df6c50e9d2fd4581db6abb289a202046365ddf0eb415df38a0790cb5efef79,pair-67/samples/d-2520-256-8-r2.json,24361b9733c737a0c192da8660f7f1034057f3d6af2308c2f3acbe0f7c7d3423,
bea7ac5d93fe7e003106d3b9,,Qwen2.5-7B-Instruct,1,,decode,2520,16,,470.5625,,unspecified,0,,,,0.022834805048764024,265.57447474747477,,,raw_pruned,False,1210c606499874a286056e7e1b6af84dc9e6d2ffc691d3aeb200596d6365c69c,sha256:0da4d3e4d430f404f59944ee32c33062882bbcbb95d465c522501a3a192994d9,,,/home/pdblend4/results/2026-09-21/pdblend-optimization/profile-v2-parallel/raw.json,63df6c50e9d2fd4581db6abb289a202046365ddf0eb415df38a0790cb5efef79,pair-67/samples/d-2520-256-16-r0.json,6cb2ad828e731d5a26dd504f9c5ed89da6faa9638d742e6247ebe9b771864062,
4746d02c4731e0396cf926d9,,Qwen2.5-7B-Instruct,1,,decode,2520,16,,470.5625,,unspecified,1,,,,0.022831741533322965,268.02919,,,raw_pruned,False,1210c606499874a286056e7e1b6af84dc9e6d2ffc691d3aeb200596d6365c69c,sha256:0da4d3e4d430f404f59944ee32c33062882bbcbb95d465c522501a3a192994d9,,,/home/pdblend4/results/2026-09-21/pdblend-optimization/profile-v2-parallel/raw.json,63df6c50e9d2fd4581db6abb289a202046365ddf0eb415df38a0790cb5efef79,pair-67/samples/d-2520-256-16-r1.json,2fd8935c46972dd5b7953fdb052886ff47674fdd95c22037e53c0ebb0a451179,
e20c92a665ca9fce29d11208,,Qwen2.5-7B-Instruct,1,,decode,2520,16,,470.5625,,unspecified,2,,,,0.022831941848476183,266.59115,,,raw_pruned,False,1210c606499874a286056e7e1b6af84dc9e6d2ffc691d3aeb200596d6365c69c,sha256:0da4d3e4d430f404f59944ee32c33062882bbcbb95d465c522501a3a192994d9,,,/home/pdblend4/results/2026-09-21/pdblend-optimization/profile-v2-parallel/raw.json,63df6c50e9d2fd4581db6abb289a202046365ddf0eb415df38a0790cb5efef79,pair-67/samples/d-2520-256-16-r2.json,3214a808007529dce8e312c7400972c7cd0fe834a3941c103d7691e95ce9cdc0,
362ed39b0e6cac716acd334a,,Qwen2.5-7B-Instruct,1,,decode,2520,32,,445.53125,,unspecified,0,,,,0.026178296323846148,271.58577,,,raw_pruned,False,1210c606499874a286056e7e1b6af84dc9e6d2ffc691d3aeb200596d6365c69c,sha256:0da4d3e4d430f404f59944ee32c33062882bbcbb95d465c522501a3a192994d9,,,/home/pdblend4/results/2026-09-21/pdblend-optimization/profile-v2-parallel/raw.json,63df6c50e9d2fd4581db6abb289a202046365ddf0eb415df38a0790cb5efef79,pair-67/samples/d-2520-256-32-r0.json,98a35613a2a93dc0f76905df35e3827bad3004279da917304d0e7c568df94b9c,
e239863122ecbc50c0893029,,Qwen2.5-7B-Instruct,1,,decode,2520,32,,445.03125,,unspecified,1,,,,0.026319970582660876,273.64669000000004,,,raw_pruned,False,1210c606499874a286056e7e1b6af84dc9e6d2ffc691d3aeb200596d6365c69c,sha256:0da4d3e4d430f404f59944ee32c33062882bbcbb95d465c522501a3a192994d9,,,/home/pdblend4/results/2026-09-21/pdblend-optimization/profile-v2-parallel/raw.json,63df6c50e9d2fd4581db6abb289a202046365ddf0eb415df38a0790cb5efef79,pair-67/samples/d-2520-256-32-r1.json,bcff70fd5bcba366d664e58c72310953eb840e3b6d0ae35a79ebda2c2399e461,
da3f2a013abdde07b0bdebfc,,Qwen2.5-7B-Instruct,1,,decode,2520,32,,445.03125,,unspecified,2,,,,0.02631629642687346,270.19455,,,raw_pruned,False,1210c606499874a286056e7e1b6af84dc9e6d2ffc691d3aeb200596d6365c69c,sha256:0da4d3e4d430f404f59944ee32c33062882bbcbb95d465c522501a3a192994d9,,,/home/pdblend4/results/2026-09-21/pdblend-optimization/profile-v2-parallel/raw.json,63df6c50e9d2fd4581db6abb289a202046365ddf0eb415df38a0790cb5efef79,pair-67/samples/d-2520-256-32-r2.json,ff7c1c0c385b11803af10668790d3a79b9425e9739463ab3cb2c609ccc0709d0,
479cfc1250d9f5c2c5829465,,Qwen2.5-7B-Instruct,1,,decode,2520,64,,433.515625,,unspecified,0,,,,0.028417445041916588,287.69094,,,raw_pruned,False,1210c606499874a286056e7e1b6af84dc9e6d2ffc691d3aeb200596d6365c69c,sha256:0da4d3e4d430f404f59944ee32c33062882bbcbb95d465c522501a3a192994d9,,,/home/pdblend4/results/2026-09-21/pdblend-optimization/profile-v2-parallel/raw.json,63df6c50e9d2fd4581db6abb289a202046365ddf0eb415df38a0790cb5efef79,pair-67/samples/d-2520-256-64-r0.json,2a0571f11a7454430c4f641d69b3990b9d47015507548b274a7a5f70a90d041f,
ae58d7a69f7f504e190f13de,,Qwen2.5-7B-Instruct,1,,decode,2520,64,,433.515625,,unspecified,1,,,,0.028410495682196182,288.21496,,,raw_pruned,False,1210c606499874a286056e7e1b6af84dc9e6d2ffc691d3aeb200596d6365c69c,sha256:0da4d3e4d430f404f59944ee32c33062882bbcbb95d465c522501a3a192994d9,,,/home/pdblend4/results/2026-09-21/pdblend-optimization/profile-v2-parallel/raw.json,63df6c50e9d2fd4581db6abb289a202046365ddf0eb415df38a0790cb5efef79,pair-67/samples/d-2520-256-64-r1.json,6b331f920fb86b161e2eb5d158bcf850f692a4c1f0919cc85b9f36a9b48f69d4,
f074a3f1e6f0f554d90a5c8b,,Qwen2.5-7B-Instruct,1,,decode,2520,64,,433.515625,,unspecified,2,,,,0.028413508426059376,291.34371,,,raw_pruned,False,1210c606499874a286056e7e1b6af84dc9e6d2ffc691d3aeb200596d6365c69c,sha256:0da4d3e4d430f404f59944ee32c33062882bbcbb95d465c522501a3a192994d9,,,/home/pdblend4/results/2026-09-21/pdblend-optimization/profile-v2-parallel/raw.json,63df6c50e9d2fd4581db6abb289a202046365ddf0eb415df38a0790cb5efef79,pair-67/samples/d-2520-256-64-r2.json,4ef77100598a0e1d334df5b4677f830fe710bafd2b001f797d19256379819a3c,
04b943010e6df1806e49c947,,Qwen2.5-7B-Instruct,1,,decode,2520,128,,406.5078125,,unspecified,0,,,,0.03472678528891669,345.77884,,,raw_pruned,False,1210c606499874a286056e7e1b6af84dc9e6d2ffc691d3aeb200596d6365c69c,sha256:0da4d3e4d430f404f59944ee32c33062882bbcbb95d465c522501a3a192994d9,,,/home/pdblend4/results/2026-09-21/pdblend-optimization/profile-v2-parallel/raw.json,63df6c50e9d2fd4581db6abb289a202046365ddf0eb415df38a0790cb5efef79,pair-67/samples/d-2520-256-128-r0.json,e846504c43c70561589a5dfd80c4bb315e0069587d431dbf13de7ad73bd3e466,
13d5b119ecd4cc6709df4955,,Qwen2.5-7B-Instruct,1,,decode,2520,128,,406.0078125,,unspecified,1,,,,0.03448875197048845,347.74330000000003,,,raw_pruned,False,1210c606499874a286056e7e1b6af84dc9e6d2ffc691d3aeb200596d6365c69c,sha256:0da4d3e4d430f404f59944ee32c33062882bbcbb95d465c522501a3a192994d9,,,/home/pdblend4/results/2026-09-21/pdblend-optimization/profile-v2-parallel/raw.json,63df6c50e9d2fd4581db6abb289a202046365ddf0eb415df38a0790cb5efef79,pair-67/samples/d-2520-256-128-r1.json,b06e0e63d0e83cc6f066cf825c641017ceb629e498b8ea060e1ea1fff7873ea0,
df2950973030c6e1a7a84a37,,Qwen2.5-7B-Instruct,1,,decode,2520,128,,406.5078125,,unspecified,2,,,,0.03472931186358134,344.89093,,,raw_pruned,False,1210c606499874a286056e7e1b6af84dc9e6d2ffc691d3aeb200596d6365c69c,sha256:0da4d3e4d430f404f59944ee32c33062882bbcbb95d465c522501a3a192994d9,,,/home/pdblend4/results/2026-09-21/pdblend-optimization/profile-v2-parallel/raw.json,63df6c50e9d2fd4581db6abb289a202046365ddf0eb415df38a0790cb5efef79,pair-67/samples/d-2520-256-128-r2.json,8e73930624d5c2011abcc92bb9ce9433456a8d78e5b8b23c42255c65c18e26c2,
dc733e56f6620e1c958e54f9,,Qwen2.5-7B-Instruct,1,,decode,2520,256,,362.0546875,,unspecified,0,,,,0.05377172398310836,346.13373,,,raw_pruned,False,1210c606499874a286056e7e1b6af84dc9e6d2ffc691d3aeb200596d6365c69c,sha256:0da4d3e4d430f404f59944ee32c33062882bbcbb95d465c522501a3a192994d9,,,/home/pdblend4/results/2026-09-21/pdblend-optimization/profile-v2-parallel/raw.json,63df6c50e9d2fd4581db6abb289a202046365ddf0eb415df38a0790cb5efef79,pair-67/samples/d-2520-256-256-r0.json,3af3fa933a543b1861f873363e02ec17a4d3f7864c1a557e16a3db141cdc101d,
137fda01000b987a8b2a24e3,,Qwen2.5-7B-Instruct,1,,decode,2520,256,,361.9765625,,unspecified,1,,,,0.053769052669566164,344.80426,,,raw_pruned,False,1210c606499874a286056e7e1b6af84dc9e6d2ffc691d3aeb200596d6365c69c,sha256:0da4d3e4d430f404f59944ee32c33062882bbcbb95d465c522501a3a192994d9,,,/home/pdblend4/results/2026-09-21/pdblend-optimization/profile-v2-parallel/raw.json,63df6c50e9d2fd4581db6abb289a202046365ddf0eb415df38a0790cb5efef79,pair-67/samples/d-2520-256-256-r1.json,a9ea5908bad6695e38d0998e509ccb506b9abc62f41c10151fb8ede1352a5e3c,
097322ef8efac8660e958712,,Qwen2.5-7B-Instruct,1,,decode,2520,256,,361.9765625,,unspecified,2,,,,0.053803169599143406,345.90847,,,raw_pruned,False,1210c606499874a286056e7e1b6af84dc9e6d2ffc691d3aeb200596d6365c69c,sha256:0da4d3e4d430f404f59944ee32c33062882bbcbb95d465c522501a3a192994d9,,,/home/pdblend4/results/2026-09-21/pdblend-optimization/profile-v2-parallel/raw.json,63df6c50e9d2fd4581db6abb289a202046365ddf0eb415df38a0790cb5efef79,pair-67/samples/d-2520-256-256-r2.json,fd405bf80e725917007515628fbe7ab205d9f053d16937bb1c035bd2ee0323cc,
9a8bd6b641396c4e478ef1e3,,Qwen2.5-7B-Instruct,1,,decode,2520,1,,1260.0,,unspecified,0,,,,0.020495170452555674,272.20174,,,raw_pruned,False,1210c606499874a286056e7e1b6af84dc9e6d2ffc691d3aeb200596d6365c69c,sha256:0da4d3e4d430f404f59944ee32c33062882bbcbb95d465c522501a3a192994d9,,,/home/pdblend4/results/2026-09-21/pdblend-optimization/profile-v2-parallel/raw.json,63df6c50e9d2fd4581db6abb289a202046365ddf0eb415df38a0790cb5efef79,pair-67/samples/d-2520-1024-1-r0.json,f901dc2dbf059c160b22a80771726fd412f718304ce652735e54a17d3f783642,
08b8c4b821095b7086e54e81,,Qwen2.5-7B-Instruct,1,,decode,2520,1,,1260.0,,unspecified,1,,,,0.020492371965627202,275.07362,,,raw_pruned,False,1210c606499874a286056e7e1b6af84dc9e6d2ffc691d3aeb200596d6365c69c,sha256:0da4d3e4d430f404f59944ee32c33062882bbcbb95d465c522501a3a192994d9,,,/home/pdblend4/results/2026-09-21/pdblend-optimization/profile-v2-parallel/raw.json,63df6c50e9d2fd4581db6abb289a202046365ddf0eb415df38a0790cb5efef79,pair-67/samples/d-2520-1024-1-r1.json,5a1410c4d81a0cd4e4da814d82a9719ab93d3cacc7b22661024aa893e4a6786a,
9c20fa7824089edc1e48f5ae,,Qwen2.5-7B-Instruct,1,,decode,2520,1,,1260.0,,unspecified,2,,,,0.020493783911720652,272.3806,,,raw_pruned,False,1210c606499874a286056e7e1b6af84dc9e6d2ffc691d3aeb200596d6365c69c,sha256:0da4d3e4d430f404f59944ee32c33062882bbcbb95d465c522501a3a192994d9,,,/home/pdblend4/results/2026-09-21/pdblend-optimization/profile-v2-parallel/raw.json,63df6c50e9d2fd4581db6abb289a202046365ddf0eb415df38a0790cb5efef79,pair-67/samples/d-2520-1024-1-r2.json,bc5798505d58b39a36d4affd9adda7ce90334aee450892f5b8f2e4f9f028743b,
cc0d27d0ad51ba9c226513b0,,Qwen2.5-7B-Instruct,1,,decode,2520,4,,1243.75,,unspecified,0,,,,0.022223132451375326,252.76848999999999,,,raw_pruned,False,1210c606499874a286056e7e1b6af84dc9e6d2ffc691d3aeb200596d6365c69c,sha256:0da4d3e4d430f404f59944ee32c33062882bbcbb95d465c522501a3a192994d9,,,/home/pdblend4/results/2026-09-21/pdblend-optimization/profile-v2-parallel/raw.json,63df6c50e9d2fd4581db6abb289a202046365ddf0eb415df38a0790cb5efef79,pair-67/samples/d-2520-1024-4-r0.json,718c5f04dfdd369aa530a7cd91707244bfc3d5249277dbfea6cb7aadb56d1ce6,
88a6675182766c252e2efe35,,Qwen2.5-7B-Instruct,1,,decode,2520,4,,1243.75,,unspecified,1,,,,0.022227049933539498,251.18939999999998,,,raw_pruned,False,1210c606499874a286056e7e1b6af84dc9e6d2ffc691d3aeb200596d6365c69c,sha256:0da4d3e4d430f404f59944ee32c33062882bbcbb95d465c522501a3a192994d9,,,/home/pdblend4/results/2026-09-21/pdblend-optimization/profile-v2-parallel/raw.json,63df6c50e9d2fd4581db6abb289a202046365ddf0eb415df38a0790cb5efef79,pair-67/samples/d-2520-1024-4-r1.json,3cf78bde18679835182ba1d8a1df21cb1750f8e4b952d920f4bd9988c953d71a,
c2b4e835a976cb73c9259474,,Qwen2.5-7B-Instruct,1,,decode,2520,4,,1243.75,,unspecified,2,,,,0.02222554842631022,250.50063999999998,,,raw_pruned,False,1210c606499874a286056e7e1b6af84dc9e6d2ffc691d3aeb200596d6365c69c,sha256:0da4d3e4d430f404f59944ee32c33062882bbcbb95d465c522501a3a192994d9,,,/home/pdblend4/results/2026-09-21/pdblend-optimization/profile-v2-parallel/raw.json,63df6c50e9d2fd4581db6abb289a202046365ddf0eb415df38a0790cb5efef79,pair-67/samples/d-2520-1024-4-r2.json,977e54682693919e744987087b2e30be07f7090e6d9da4e1ea2951e1a0e78f64,
dcc4d6c5b86f81f4c95dae0e,,Qwen2.5-7B-Instruct,1,,decode,2520,8,,1238.625,,unspecified,0,,,,0.02283483335416611,255.4198,,,raw_pruned,False,1210c606499874a286056e7e1b6af84dc9e6d2ffc691d3aeb200596d6365c69c,sha256:0da4d3e4d430f404f59944ee32c33062882bbcbb95d465c522501a3a192994d9,,,/home/pdblend4/results/2026-09-21/pdblend-optimization/profile-v2-parallel/raw.json,63df6c50e9d2fd4581db6abb289a202046365ddf0eb415df38a0790cb5efef79,pair-67/samples/d-2520-1024-8-r0.json,343ed6ed555cb1884798b99f66dc668f0ac62125dbb3ee4e1b5a0c83c76a9ef0,
7e5606cce36f313fa6b09e51,,Qwen2.5-7B-Instruct,1,,decode,2520,8,,1238.625,,unspecified,1,,,,0.022833061000527857,255.94826,,,raw_pruned,False,1210c606499874a286056e7e1b6af84dc9e6d2ffc691d3aeb200596d6365c69c,sha256:0da4d3e4d430f404f59944ee32c33062882bbcbb95d465c522501a3a192994d9,,,/home/pdblend4/results/2026-09-21/pdblend-optimization/profile-v2-parallel/raw.json,63df6c50e9d2fd4581db6abb289a202046365ddf0eb415df38a0790cb5efef79,pair-67/samples/d-2520-1024-8-r1.json,70f116299b88a642f81fc0ce317d122564e563b1174ac6ed786139d5048db2e9,
afe2dd6c2cf4fa86c22d9d1c,,Qwen2.5-7B-Instruct,1,,decode,2520,8,,1238.75,,unspecified,2,,,,0.02283368698538166,258.661,,,raw_pruned,False,1210c606499874a286056e7e1b6af84dc9e6d2ffc691d3aeb200596d6365c69c,sha256:0da4d3e4d430f404f59944ee32c33062882bbcbb95d465c522501a3a192994d9,,,/home/pdblend4/results/2026-09-21/pdblend-optimization/profile-v2-parallel/raw.json,63df6c50e9d2fd4581db6abb289a202046365ddf0eb415df38a0790cb5efef79,pair-67/samples/d-2520-1024-8-r2.json,8236591c4510fe1d7fd3837cad5dbde778f8229d163ddbabff28735a41f5ccea,
abbd1c496ef3b23674fb474d,,Qwen2.5-7B-Instruct,1,,decode,2520,16,,1230.625,,unspecified,0,,,,0.02381238823845273,268.83655999999996,,,raw_pruned,False,1210c606499874a286056e7e1b6af84dc9e6d2ffc691d3aeb200596d6365c69c,sha256:0da4d3e4d430f404f59944ee32c33062882bbcbb95d465c522501a3a192994d9,,,/home/pdblend4/results/2026-09-21/pdblend-optimization/profile-v2-parallel/raw.json,63df6c50e9d2fd4581db6abb289a202046365ddf0eb415df38a0790cb5efef79,pair-67/samples/d-2520-1024-16-r0.json,9bcd3d52627b06979c416b110a1e7ea9793b2dd64ecfd27adbc57405d387e10e,
c312110a7e903b44fe688575,,Qwen2.5-7B-Instruct,1,,decode,2520,16,,1230.5625,,unspecified,1,,,,0.023810796510605584,268.0651,,,raw_pruned,False,1210c606499874a286056e7e1b6af84dc9e6d2ffc691d3aeb200596d6365c69c,sha256:0da4d3e4d430f404f59944ee32c33062882bbcbb95d465c522501a3a192994d9,,,/home/pdblend4/results/2026-09-21/pdblend-optimization/profile-v2-parallel/raw.json,63df6c50e9d2fd4581db6abb289a202046365ddf0eb415df38a0790cb5efef79,pair-67/samples/d-2520-1024-16-r1.json,ad411925bfa5251fd272be83c1137da02cb7c390d54c893dda56588df4503929,
30bb93d7441187e8792496c0,,Qwen2.5-7B-Instruct,1,,decode,2520,16,,1230.0625,,unspecified,2,,,,0.023928010292600787,267.52517,,,raw_pruned,False,1210c606499874a286056e7e1b6af84dc9e6d2ffc691d3aeb200596d6365c69c,sha256:0da4d3e4d430f404f59944ee32c33062882bbcbb95d465c522501a3a192994d9,,,/home/pdblend4/results/2026-09-21/pdblend-optimization/profile-v2-parallel/raw.json,63df6c50e9d2fd4581db6abb289a202046365ddf0eb415df38a0790cb5efef79,pair-67/samples/d-2520-1024-16-r2.json,84df773a29a7d4f3249a4c92f581564ce1f6e8978e54784f2c71dc7b6f61c0fe,
6aa8c12fa5d5971167e82e0f,,Qwen2.5-7B-Instruct,1,,decode,2520,32,,1201.53125,,unspecified,0,,,,0.028414960611950268,271.61812000000003,,,raw_pruned,False,1210c606499874a286056e7e1b6af84dc9e6d2ffc691d3aeb200596d6365c69c,sha256:0da4d3e4d430f404f59944ee32c33062882bbcbb95d465c522501a3a192994d9,,,/home/pdblend4/results/2026-09-21/pdblend-optimization/profile-v2-parallel/raw.json,63df6c50e9d2fd4581db6abb289a202046365ddf0eb415df38a0790cb5efef79,pair-67/samples/d-2520-1024-32-r0.json,b0e985f460bf9513a4406eab0b73e7b323cb372d7c054152652900f1ae0b3b7c,
7e79e089d5190676cd20c5bf,,Qwen2.5-7B-Instruct,1,,decode,2520,32,,1201.53125,,unspecified,1,,,,0.02841105650771748,273.90862,,,raw_pruned,False,1210c606499874a286056e7e1b6af84dc9e6d2ffc691d3aeb200596d6365c69c,sha256:0da4d3e4d430f404f59944ee32c33062882bbcbb95d465c522501a3a192994d9,,,/home/pdblend4/results/2026-09-21/pdblend-optimization/profile-v2-parallel/raw.json,63df6c50e9d2fd4581db6abb289a202046365ddf0eb415df38a0790cb5efef79,pair-67/samples/d-2520-1024-32-r1.json,601e25717bb5a97a9eae0c5061b6fddd95ee39a8f6b9880666c7fe7c5bea0585,
da99971c3101f15f176ba3db,,Qwen2.5-7B-Instruct,1,,decode,2520,32,,1201.53125,,unspecified,2,,,,0.028417478908192028,270.80739,,,raw_pruned,False,1210c606499874a286056e7e1b6af84dc9e6d2ffc691d3aeb200596d6365c69c,sha256:0da4d3e4d430f404f59944ee32c33062882bbcbb95d465c522501a3a192994d9,,,/home/pdblend4/results/2026-09-21/pdblend-optimization/profile-v2-parallel/raw.json,63df6c50e9d2fd4581db6abb289a202046365ddf0eb415df38a0790cb5efef79,pair-67/samples/d-2520-1024-32-r2.json,a30cb33686613d77703aa5fc3ff859d9bffaf6d7d434bdf2a818dff05475a790,
aa7614b8a264152a1dd0ae75,,Qwen2.5-7B-Instruct,1,,decode,2520,64,,1184.015625,,unspecified,0,,,,0.03226717518221948,289.38054,,,raw_pruned,False,1210c606499874a286056e7e1b6af84dc9e6d2ffc691d3aeb200596d6365c69c,sha256:0da4d3e4d430f404f59944ee32c33062882bbcbb95d465c522501a3a192994d9,,,/home/pdblend4/results/2026-09-21/pdblend-optimization/profile-v2-parallel/raw.json,63df6c50e9d2fd4581db6abb289a202046365ddf0eb415df38a0790cb5efef79,pair-67/samples/d-2520-1024-64-r0.json,d8bb4ca3c69c2d10202c0d67d621743d88813f17daf448d35b80902872ea5941,
92d203a94b45756d44d4693a,,Qwen2.5-7B-Instruct,1,,decode,2520,64,,1183.515625,,unspecified,1,,,,0.03247204229429171,286.61814,,,raw_pruned,False,1210c606499874a286056e7e1b6af84dc9e6d2ffc691d3aeb200596d6365c69c,sha256:0da4d3e4d430f404f59944ee32c33062882bbcbb95d465c522501a3a192994d9,,,/home/pdblend4/results/2026-09-21/pdblend-optimization/profile-v2-parallel/raw.json,63df6c50e9d2fd4581db6abb289a202046365ddf0eb415df38a0790cb5efef79,pair-67/samples/d-2520-1024-64-r1.json,c5bb33bcee0c6a48cdcb0477bfd38bb849e728300ddff24e1418c05691a1ce54,
42a726079ba78249fa2235d9,,Qwen2.5-7B-Instruct,1,,decode,2520,64,,1184.765625,,unspecified,2,,,,0.03247491725079425,289.11107,,,raw_pruned,False,1210c606499874a286056e7e1b6af84dc9e6d2ffc691d3aeb200596d6365c69c,sha256:0da4d3e4d430f404f59944ee32c33062882bbcbb95d465c522501a3a192994d9,,,/home/pdblend4/results/2026-09-21/pdblend-optimization/profile-v2-parallel/raw.json,63df6c50e9d2fd4581db6abb289a202046365ddf0eb415df38a0790cb5efef79,pair-67/samples/d-2520-1024-64-r2.json,7b429867f6998e9285892366b9a4e920b3b36bfd99d59450dd8a9232bf216844,
19c325492724068a12a6ab6e,,Qwen2.5-7B-Instruct,1,,decode,2520,128,,1155.0078125,,unspecified,0,,,,0.04274023903740777,339.0199,,,raw_pruned,False,1210c606499874a286056e7e1b6af84dc9e6d2ffc691d3aeb200596d6365c69c,sha256:0da4d3e4d430f404f59944ee32c33062882bbcbb95d465c522501a3a192994d9,,,/home/pdblend4/results/2026-09-21/pdblend-optimization/profile-v2-parallel/raw.json,63df6c50e9d2fd4581db6abb289a202046365ddf0eb415df38a0790cb5efef79,pair-67/samples/d-2520-1024-128-r0.json,532ebbd1032de6e88724f45f7e0cb68080f7f5fd0b10ee2724eaf32e33afd0a7,
19994f666bad4331800efd20,,Qwen2.5-7B-Instruct,1,,decode,2520,128,,1155.5078125,,unspecified,1,,,,0.042378274060912054,341.93029,,,raw_pruned,False,1210c606499874a286056e7e1b6af84dc9e6d2ffc691d3aeb200596d6365c69c,sha256:0da4d3e4d430f404f59944ee32c33062882bbcbb95d465c522501a3a192994d9,,,/home/pdblend4/results/2026-09-21/pdblend-optimization/profile-v2-parallel/raw.json,63df6c50e9d2fd4581db6abb289a202046365ddf0eb415df38a0790cb5efef79,pair-67/samples/d-2520-1024-128-r1.json,fec820fd0b2b5e9aa14ec10f17c4ee91b315d47fd70205b1747c75af029ca479,
9d8d503201deed56f2a0f117,,Qwen2.5-7B-Instruct,1,,decode,2520,128,,1155.5078125,,unspecified,2,,,,0.042377845715668244,339.22282,,,raw_pruned,False,1210c606499874a286056e7e1b6af84dc9e6d2ffc691d3aeb200596d6365c69c,sha256:0da4d3e4d430f404f59944ee32c33062882bbcbb95d465c522501a3a192994d9,,,/home/pdblend4/results/2026-09-21/pdblend-optimization/profile-v2-parallel/raw.json,63df6c50e9d2fd4581db6abb289a202046365ddf0eb415df38a0790cb5efef79,pair-67/samples/d-2520-1024-128-r2.json,768c41900ff686003c55d613cffa8c0a2e441d6016dc9c0449ab29aa86c94fae,
61257b87899fdfdd5c31245c,,Qwen2.5-7B-Instruct,1,,decode,2520,256,,1122.390625,,unspecified,0,,,,0.06945887207984924,345.06466,,,raw_pruned,False,1210c606499874a286056e7e1b6af84dc9e6d2ffc691d3aeb200596d6365c69c,sha256:0da4d3e4d430f404f59944ee32c33062882bbcbb95d465c522501a3a192994d9,,,/home/pdblend4/results/2026-09-21/pdblend-optimization/profile-v2-parallel/raw.json,63df6c50e9d2fd4581db6abb289a202046365ddf0eb415df38a0790cb5efef79,pair-67/samples/d-2520-1024-256-r0.json,cbbb926c166ec87f9331cbe8c539b0ee204a29be2fa7073a9d5eb73844ea7c17,
013aaf3e6036de526abeadc6,,Qwen2.5-7B-Instruct,1,,decode,2520,256,,1122.390625,,unspecified,1,,,,0.06945248444875081,345.14054000000004,,,raw_pruned,False,1210c606499874a286056e7e1b6af84dc9e6d2ffc691d3aeb200596d6365c69c,sha256:0da4d3e4d430f404f59944ee32c33062882bbcbb95d465c522501a3a192994d9,,,/home/pdblend4/results/2026-09-21/pdblend-optimization/profile-v2-parallel/raw.json,63df6c50e9d2fd4581db6abb289a202046365ddf0eb415df38a0790cb5efef79,pair-67/samples/d-2520-1024-256-r1.json,470a9096b080c060c0f309b08f66fe375313a0c14f963ac2edf6880a6fb48b3d,
ccc1853ac183ae6297c6ea49,,Qwen2.5-7B-Instruct,1,,decode,2520,256,,1122.390625,,unspecified,2,,,,0.06945238841904534,345.21209000000005,,,raw_pruned,False,1210c606499874a286056e7e1b6af84dc9e6d2ffc691d3aeb200596d6365c69c,sha256:0da4d3e4d430f404f59944ee32c33062882bbcbb95d465c522501a3a192994d9,,,/home/pdblend4/results/2026-09-21/pdblend-optimization/profile-v2-parallel/raw.json,63df6c50e9d2fd4581db6abb289a202046365ddf0eb415df38a0790cb5efef79,pair-67/samples/d-2520-1024-256-r2.json,7f9ad8c75d4db7c923300f21a4695c34a7c7483b8426e93321aedc3576bc9adf,
e9a98ea595e50cbdcdd156ff,,Qwen2.5-7B-Instruct,1,,decode,2520,1,,4327.5,,unspecified,0,,,,0.020923110730478454,270.68722,,,raw_pruned,False,1210c606499874a286056e7e1b6af84dc9e6d2ffc691d3aeb200596d6365c69c,sha256:0da4d3e4d430f404f59944ee32c33062882bbcbb95d465c522501a3a192994d9,,,/home/pdblend4/results/2026-09-21/pdblend-optimization/profile-v2-parallel/raw.json,63df6c50e9d2fd4581db6abb289a202046365ddf0eb415df38a0790cb5efef79,pair-67/samples/d-2520-4096-1-r0.json,b377a011c0e2a051cf60f4d110a303432467fc207df64952ba9f43643f6ad025,
9e09f859259ba76afa9784e1,,Qwen2.5-7B-Instruct,1,,decode,2520,1,,4327.5,,unspecified,1,,,,0.020921286179929596,272.30973,,,raw_pruned,False,1210c606499874a286056e7e1b6af84dc9e6d2ffc691d3aeb200596d6365c69c,sha256:0da4d3e4d430f404f59944ee32c33062882bbcbb95d465c522501a3a192994d9,,,/home/pdblend4/results/2026-09-21/pdblend-optimization/profile-v2-parallel/raw.json,63df6c50e9d2fd4581db6abb289a202046365ddf0eb415df38a0790cb5efef79,pair-67/samples/d-2520-4096-1-r1.json,37151c3ece14f03c323f064e512d9d0ead5a5ab89d15e87b751eb1b1b3d1c1a5,
63e1bd64f62a6bd9fac2e33d,,Qwen2.5-7B-Instruct,1,,decode,2520,1,,4327.5,,unspecified,2,,,,0.020923387056614066,271.84824000000003,,,raw_pruned,False,1210c606499874a286056e7e1b6af84dc9e6d2ffc691d3aeb200596d6365c69c,sha256:0da4d3e4d430f404f59944ee32c33062882bbcbb95d465c522501a3a192994d9,,,/home/pdblend4/results/2026-09-21/pdblend-optimization/profile-v2-parallel/raw.json,63df6c50e9d2fd4581db6abb289a202046365ddf0eb415df38a0790cb5efef79,pair-67/samples/d-2520-4096-1-r2.json,d53156db2bbc72ba6b119f6ec475a3980e952adaaf6569d1bf558c59b69ec929,
a6b6f8a6baff3bb1901952a4,,Qwen2.5-7B-Instruct,1,,decode,2520,4,,4307.75,,unspecified,0,,,,0.02325643827748853,253.55968000000001,,,raw_pruned,False,1210c606499874a286056e7e1b6af84dc9e6d2ffc691d3aeb200596d6365c69c,sha256:0da4d3e4d430f404f59944ee32c33062882bbcbb95d465c522501a3a192994d9,,,/home/pdblend4/results/2026-09-21/pdblend-optimization/profile-v2-parallel/raw.json,63df6c50e9d2fd4581db6abb289a202046365ddf0eb415df38a0790cb5efef79,pair-67/samples/d-2520-4096-4-r0.json,0616b097a642d0f2deacd27c1ebf72ea0550f583f427cbfd66effc5da2f04700,
91f3fe4bb1eb2374da212233,,Qwen2.5-7B-Instruct,1,,decode,2520,4,,4307.75,,unspecified,1,,,,0.02325933811276458,250.32718,,,raw_pruned,False,1210c606499874a286056e7e1b6af84dc9e6d2ffc691d3aeb200596d6365c69c,sha256:0da4d3e4d430f404f59944ee32c33062882bbcbb95d465c522501a3a192994d9,,,/home/pdblend4/results/2026-09-21/pdblend-optimization/profile-v2-parallel/raw.json,63df6c50e9d2fd4581db6abb289a202046365ddf0eb415df38a0790cb5efef79,pair-67/samples/d-2520-4096-4-r1.json,af4f6d8be79b7db311866d5be3f93a3b63494756141d8293c0eaa07f48b85ac1,
b8d766d896c3b675ca6e09c8,,Qwen2.5-7B-Instruct,1,,decode,2520,4,,4307.25,,unspecified,2,,,,0.023258343408274096,250.38320202020205,,,raw_pruned,False,1210c606499874a286056e7e1b6af84dc9e6d2ffc691d3aeb200596d6365c69c,sha256:0da4d3e4d430f404f59944ee32c33062882bbcbb95d465c522501a3a192994d9,,,/home/pdblend4/results/2026-09-21/pdblend-optimization/profile-v2-parallel/raw.json,63df6c50e9d2fd4581db6abb289a202046365ddf0eb415df38a0790cb5efef79,pair-67/samples/d-2520-4096-4-r2.json,7fa3b8896791f0b33098f8d6b276353ca5609cdc49f27f923e4b537f6c7cfee9,
ff71291a7a6417823e181f68,,Qwen2.5-7B-Instruct,1,,decode,2520,8,,4296.625,,unspecified,0,,,,0.02475698159472777,259.52704,,,raw_pruned,False,1210c606499874a286056e7e1b6af84dc9e6d2ffc691d3aeb200596d6365c69c,sha256:0da4d3e4d430f404f59944ee32c33062882bbcbb95d465c522501a3a192994d9,,,/home/pdblend4/results/2026-09-21/pdblend-optimization/profile-v2-parallel/raw.json,63df6c50e9d2fd4581db6abb289a202046365ddf0eb415df38a0790cb5efef79,pair-67/samples/d-2520-4096-8-r0.json,33950ef4db39b85ade40733b30661b9480b8c3044a570be9124546158c9613c5,
d00186d31d025942f173dc21,,Qwen2.5-7B-Instruct,1,,decode,2520,8,,4296.625,,unspecified,1,,,,0.02475594648040167,261.27216,,,raw_pruned,False,1210c606499874a286056e7e1b6af84dc9e6d2ffc691d3aeb200596d6365c69c,sha256:0da4d3e4d430f404f59944ee32c33062882bbcbb95d465c522501a3a192994d9,,,/home/pdblend4/results/2026-09-21/pdblend-optimization/profile-v2-parallel/raw.json,63df6c50e9d2fd4581db6abb289a202046365ddf0eb415df38a0790cb5efef79,pair-67/samples/d-2520-4096-8-r1.json,17a307fe4400ac55cab37de62614d1c8175c2a73cbabd3339d8e8fa8d2608db2,
39285bafad0ee2a9d1561964,,Qwen2.5-7B-Instruct,1,,decode,2520,8,,4297.125,,unspecified,2,,,,0.024754058016408786,257.10314,,,raw_pruned,False,1210c606499874a286056e7e1b6af84dc9e6d2ffc691d3aeb200596d6365c69c,sha256:0da4d3e4d430f404f59944ee32c33062882bbcbb95d465c522501a3a192994d9,,,/home/pdblend4/results/2026-09-21/pdblend-optimization/profile-v2-parallel/raw.json,63df6c50e9d2fd4581db6abb289a202046365ddf0eb415df38a0790cb5efef79,pair-67/samples/d-2520-4096-8-r2.json,cb70b32c10cd1ef423439204684e3e201b21b835212670e050dc9bc94061922f,
30e5c57e28931a19e12338ea,,Qwen2.5-7B-Instruct,1,,decode,2520,16,,4278.5625,,unspecified,0,,,,0.027786876095665825,271.63106,,,raw_pruned,False,1210c606499874a286056e7e1b6af84dc9e6d2ffc691d3aeb200596d6365c69c,sha256:0da4d3e4d430f404f59944ee32c33062882bbcbb95d465c522501a3a192994d9,,,/home/pdblend4/results/2026-09-21/pdblend-optimization/profile-v2-parallel/raw.json,63df6c50e9d2fd4581db6abb289a202046365ddf0eb415df38a0790cb5efef79,pair-67/samples/d-2520-4096-16-r0.json,02c53e3f7bb5b7f9770db1d80c5e4186dda93d1f944d17456021563b88519a01,
9df9a546a89a1faefce53500,,Qwen2.5-7B-Instruct,1,,decode,2520,16,,4278.5625,,unspecified,1,,,,0.027782456080118815,271.78782,,,raw_pruned,False,1210c606499874a286056e7e1b6af84dc9e6d2ffc691d3aeb200596d6365c69c,sha256:0da4d3e4d430f404f59944ee32c33062882bbcbb95d465c522501a3a192994d9,,,/home/pdblend4/results/2026-09-21/pdblend-optimization/profile-v2-parallel/raw.json,63df6c50e9d2fd4581db6abb289a202046365ddf0eb415df38a0790cb5efef79,pair-67/samples/d-2520-4096-16-r1.json,1559904aed40fee5f28b5e67b0e64cadf31ff74ca230c05fdeb3f6948b5433b1,
eeb3180feaf07ac06c8e0b18,,Qwen2.5-7B-Instruct,1,,decode,2520,16,,4278.5625,,unspecified,2,,,,0.027781120936075845,270.39357,,,raw_pruned,False,1210c606499874a286056e7e1b6af84dc9e6d2ffc691d3aeb200596d6365c69c,sha256:0da4d3e4d430f404f59944ee32c33062882bbcbb95d465c522501a3a192994d9,,,/home/pdblend4/results/2026-09-21/pdblend-optimization/profile-v2-parallel/raw.json,63df6c50e9d2fd4581db6abb289a202046365ddf0eb415df38a0790cb5efef79,pair-67/samples/d-2520-4096-16-r2.json,0d3aaecf2115f0fa76caf96f23814ce9dbd6381e92eb839de9cf6e05ea31de10,
35c704bd0ebd8ac700a2651a,,Qwen2.5-7B-Instruct,1,,decode,2520,32,,4244.53125,,unspecified,0,,,,0.03623588707136071,273.48389,,,raw_pruned,False,1210c606499874a286056e7e1b6af84dc9e6d2ffc691d3aeb200596d6365c69c,sha256:0da4d3e4d430f404f59944ee32c33062882bbcbb95d465c522501a3a192994d9,,,/home/pdblend4/results/2026-09-21/pdblend-optimization/profile-v2-parallel/raw.json,63df6c50e9d2fd4581db6abb289a202046365ddf0eb415df38a0790cb5efef79,pair-67/samples/d-2520-4096-32-r0.json,9ee454f5c7e256b990f31c9c7c7f7adae4092c604dca42984eacd73875e56e82,
db9dafc2a3ae5e4779207caf,,Qwen2.5-7B-Instruct,1,,decode,2520,32,,4245.03125,,unspecified,1,,,,0.035974054885425155,273.3004,,,raw_pruned,False,1210c606499874a286056e7e1b6af84dc9e6d2ffc691d3aeb200596d6365c69c,sha256:0da4d3e4d430f404f59944ee32c33062882bbcbb95d465c522501a3a192994d9,,,/home/pdblend4/results/2026-09-21/pdblend-optimization/profile-v2-parallel/raw.json,63df6c50e9d2fd4581db6abb289a202046365ddf0eb415df38a0790cb5efef79,pair-67/samples/d-2520-4096-32-r1.json,8bcece2a462594a767c134271506c4d694dc7e23d4d3f69616e3a2c56d3ba163,
ea40e82ce49e2d865c474195,,Qwen2.5-7B-Instruct,1,,decode,2520,32,,4245.03125,,unspecified,2,,,,0.035974413370914594,275.68109,,,raw_pruned,False,1210c606499874a286056e7e1b6af84dc9e6d2ffc691d3aeb200596d6365c69c,sha256:0da4d3e4d430f404f59944ee32c33062882bbcbb95d465c522501a3a192994d9,,,/home/pdblend4/results/2026-09-21/pdblend-optimization/profile-v2-parallel/raw.json,63df6c50e9d2fd4581db6abb289a202046365ddf0eb415df38a0790cb5efef79,pair-67/samples/d-2520-4096-32-r2.json,893c8115b8258fe237477fe4d72f9d85151586589a4196dccb2d1323a0dc1ed1,
4e03815488adf775175bcf80,,Qwen2.5-7B-Instruct,1,,decode,2520,64,,4222.015625,,unspecified,0,,,,0.04762206304640997,288.42176,,,raw_pruned,False,1210c606499874a286056e7e1b6af84dc9e6d2ffc691d3aeb200596d6365c69c,sha256:0da4d3e4d430f404f59944ee32c33062882bbcbb95d465c522501a3a192994d9,,,/home/pdblend4/results/2026-09-21/pdblend-optimization/profile-v2-parallel/raw.json,63df6c50e9d2fd4581db6abb289a202046365ddf0eb415df38a0790cb5efef79,pair-67/samples/d-2520-4096-64-r0.json,6744e5c976410c503ff855e766c5621a20ac11804ccce94c256d55a9b8359eab,
b700d255f89ac66f60ce6fc6,,Qwen2.5-7B-Instruct,1,,decode,2520,64,,4222.515625,,unspecified,1,,,,0.048083605674596935,291.46594,,,raw_pruned,False,1210c606499874a286056e7e1b6af84dc9e6d2ffc691d3aeb200596d6365c69c,sha256:0da4d3e4d430f404f59944ee32c33062882bbcbb95d465c522501a3a192994d9,,,/home/pdblend4/results/2026-09-21/pdblend-optimization/profile-v2-parallel/raw.json,63df6c50e9d2fd4581db6abb289a202046365ddf0eb415df38a0790cb5efef79,pair-67/samples/d-2520-4096-64-r1.json,8135ef475583772ff993ad31ebbc8ded35aa6b9076272cd56ab065f4cb95e389,
80847b1b8e5c25f285db3333,,Qwen2.5-7B-Instruct,1,,decode,2520,64,,4222.515625,,unspecified,2,,,,0.04808145532241234,290.91333,,,raw_pruned,False,1210c606499874a286056e7e1b6af84dc9e6d2ffc691d3aeb200596d6365c69c,sha256:0da4d3e4d430f404f59944ee32c33062882bbcbb95d465c522501a3a192994d9,,,/home/pdblend4/results/2026-09-21/pdblend-optimization/profile-v2-parallel/raw.json,63df6c50e9d2fd4581db6abb289a202046365ddf0eb415df38a0790cb5efef79,pair-67/samples/d-2520-4096-64-r2.json,c2e546a57a0cdd3c58bccb23768300c2adea674800ca422277b465850b3d1086,
2c7f027c6f51bf5001ab6daf,,Qwen2.5-7B-Instruct,1,,mixed,1500,8,,1024,,unspecified,,,,,,,,,raw_pruned,False,1210c606499874a286056e7e1b6af84dc9e6d2ffc691d3aeb200596d6365c69c,sha256:0da4d3e4d430f404f59944ee32c33062882bbcbb95d465c522501a3a192994d9,,,/home/pdblend4/results/2026-09-21/pdblend-optimization/profile-v2-parallel/raw.json,63df6c50e9d2fd4581db6abb289a202046365ddf0eb415df38a0790cb5efef79,pair-23/samples/mixed-1500-8-512.json,37b8651f568cac0a2c3423ad4e9c7de130d0f5f041d84384dc2f51d608b5d963,
86151b0c5e1016d9d5e7bc79,,Qwen2.5-7B-Instruct,1,,mixed,1500,8,,1024,,unspecified,,,,,,,,,raw_pruned,False,1210c606499874a286056e7e1b6af84dc9e6d2ffc691d3aeb200596d6365c69c,sha256:0da4d3e4d430f404f59944ee32c33062882bbcbb95d465c522501a3a192994d9,,,/home/pdblend4/results/2026-09-21/pdblend-optimization/profile-v2-parallel/raw.json,63df6c50e9d2fd4581db6abb289a202046365ddf0eb415df38a0790cb5efef79,pair-23/samples/mixed-1500-8-2048.json,398cf8ebf3fca9c08d7b98b03bc8ccd8e5963ad0a070295e0d4aaee96708a3d7,
608c45e5078eca4454c2c511,,Qwen2.5-7B-Instruct,1,,mixed,1500,32,,1024,,unspecified,,,,,,,,,raw_pruned,False,1210c606499874a286056e7e1b6af84dc9e6d2ffc691d3aeb200596d6365c69c,sha256:0da4d3e4d430f404f59944ee32c33062882bbcbb95d465c522501a3a192994d9,,,/home/pdblend4/results/2026-09-21/pdblend-optimization/profile-v2-parallel/raw.json,63df6c50e9d2fd4581db6abb289a202046365ddf0eb415df38a0790cb5efef79,pair-23/samples/mixed-1500-32-512.json,0ab078afcd4c7d5d695cebd14e9d0475ad40eb627df75ae5c931e5eb21ff95c8,
e9a4d9bc37a04fc416a0ac35,,Qwen2.5-7B-Instruct,1,,mixed,1500,32,,1024,,unspecified,,,,,,,,,raw_pruned,False,1210c606499874a286056e7e1b6af84dc9e6d2ffc691d3aeb200596d6365c69c,sha256:0da4d3e4d430f404f59944ee32c33062882bbcbb95d465c522501a3a192994d9,,,/home/pdblend4/results/2026-09-21/pdblend-optimization/profile-v2-parallel/raw.json,63df6c50e9d2fd4581db6abb289a202046365ddf0eb415df38a0790cb5efef79,pair-23/samples/mixed-1500-32-2048.json,6ae98185b11ba40a49ee2c83a705fa72971ef17a623c17639ae1896340bb752c,
19dbcb6f78a4d300411b64a8,,Qwen2.5-7B-Instruct,1,,mixed,2100,8,,1024,,unspecified,,,,,,,,,raw_pruned,False,1210c606499874a286056e7e1b6af84dc9e6d2ffc691d3aeb200596d6365c69c,sha256:0da4d3e4d430f404f59944ee32c33062882bbcbb95d465c522501a3a192994d9,,,/home/pdblend4/results/2026-09-21/pdblend-optimization/profile-v2-parallel/raw.json,63df6c50e9d2fd4581db6abb289a202046365ddf0eb415df38a0790cb5efef79,pair-45/samples/mixed-2100-8-512.json,b242a4bb2a490cf81782595010b9b3df2d7bb1e6e2ab85a20f2a6fd199b59659,
4235bc84cf2ee19a875bc109,,Qwen2.5-7B-Instruct,1,,mixed,2100,8,,1024,,unspecified,,,,,,,,,raw_pruned,False,1210c606499874a286056e7e1b6af84dc9e6d2ffc691d3aeb200596d6365c69c,sha256:0da4d3e4d430f404f59944ee32c33062882bbcbb95d465c522501a3a192994d9,,,/home/pdblend4/results/2026-09-21/pdblend-optimization/profile-v2-parallel/raw.json,63df6c50e9d2fd4581db6abb289a202046365ddf0eb415df38a0790cb5efef79,pair-45/samples/mixed-2100-8-2048.json,24ac9307500031b495329117a619be791bb6543c16924878078cf85f535137a0,
257c81b7d8026d1c13b09e56,,Qwen2.5-7B-Instruct,1,,mixed,2100,32,,1024,,unspecified,,,,,,,,,raw_pruned,False,1210c606499874a286056e7e1b6af84dc9e6d2ffc691d3aeb200596d6365c69c,sha256:0da4d3e4d430f404f59944ee32c33062882bbcbb95d465c522501a3a192994d9,,,/home/pdblend4/results/2026-09-21/pdblend-optimization/profile-v2-parallel/raw.json,63df6c50e9d2fd4581db6abb289a202046365ddf0eb415df38a0790cb5efef79,pair-45/samples/mixed-2100-32-512.json,b152138695964eb33e53738a1bcb3a7edd126151b67a8e8839af9ebc7ff77ce3,
f5cad8695aaa2f2a745543f4,,Qwen2.5-7B-Instruct,1,,mixed,2100,32,,1024,,unspecified,,,,,,,,,raw_pruned,False,1210c606499874a286056e7e1b6af84dc9e6d2ffc691d3aeb200596d6365c69c,sha256:0da4d3e4d430f404f59944ee32c33062882bbcbb95d465c522501a3a192994d9,,,/home/pdblend4/results/2026-09-21/pdblend-optimization/profile-v2-parallel/raw.json,63df6c50e9d2fd4581db6abb289a202046365ddf0eb415df38a0790cb5efef79,pair-45/samples/mixed-2100-32-2048.json,ddeb324237a6fccbadcce432c54d31fc321f74e09e0f657185b6322d7d442408,
5e68cedb6c2feaeefb4274c6,,Qwen2.5-7B-Instruct,1,,mixed,2520,8,,1024,,unspecified,,,,,,,,,raw_pruned,False,1210c606499874a286056e7e1b6af84dc9e6d2ffc691d3aeb200596d6365c69c,sha256:0da4d3e4d430f404f59944ee32c33062882bbcbb95d465c522501a3a192994d9,,,/home/pdblend4/results/2026-09-21/pdblend-optimization/profile-v2-parallel/raw.json,63df6c50e9d2fd4581db6abb289a202046365ddf0eb415df38a0790cb5efef79,pair-67/samples/mixed-2520-8-512.json,050c611c4d18dec79537a2e112ffd95ae9785fe3723a5a5f76075aa0391967f6,
50a67dd707d532f4a67f46e8,,Qwen2.5-7B-Instruct,1,,mixed,2520,8,,1024,,unspecified,,,,,,,,,raw_pruned,False,1210c606499874a286056e7e1b6af84dc9e6d2ffc691d3aeb200596d6365c69c,sha256:0da4d3e4d430f404f59944ee32c33062882bbcbb95d465c522501a3a192994d9,,,/home/pdblend4/results/2026-09-21/pdblend-optimization/profile-v2-parallel/raw.json,63df6c50e9d2fd4581db6abb289a202046365ddf0eb415df38a0790cb5efef79,pair-67/samples/mixed-2520-8-2048.json,86dfe5e45f08ae81fad5802c23f9a51a43c17a4637b77362f0a887e028199bae,
f30672e02e42cd8590483139,,Qwen2.5-7B-Instruct,1,,mixed,2520,32,,1024,,unspecified,,,,,,,,,raw_pruned,False,1210c606499874a286056e7e1b6af84dc9e6d2ffc691d3aeb200596d6365c69c,sha256:0da4d3e4d430f404f59944ee32c33062882bbcbb95d465c522501a3a192994d9,,,/home/pdblend4/results/2026-09-21/pdblend-optimization/profile-v2-parallel/raw.json,63df6c50e9d2fd4581db6abb289a202046365ddf0eb415df38a0790cb5efef79,pair-67/samples/mixed-2520-32-512.json,ca19f50bea9f85b6228a853f990e1c27b3ab362f6074519882c53d0404a717a9,
ee3a67e510e25c32e223e438,,Qwen2.5-7B-Instruct,1,,mixed,2520,32,,1024,,unspecified,,,,,,,,,raw_pruned,False,1210c606499874a286056e7e1b6af84dc9e6d2ffc691d3aeb200596d6365c69c,sha256:0da4d3e4d430f404f59944ee32c33062882bbcbb95d465c522501a3a192994d9,,,/home/pdblend4/results/2026-09-21/pdblend-optimization/profile-v2-parallel/raw.json,63df6c50e9d2fd4581db6abb289a202046365ddf0eb415df38a0790cb5efef79,pair-67/samples/mixed-2520-32-2048.json,44dbbeff2fd5f98762a9601828e1faf4f2d2e748d4cb784447f1d1e8c8bcef47,
7c15a15fb6e3bf60b28e8a28,,Qwen2.5-7B-Instruct,1,,transfer,,,512,,,unspecified,,3,,,,,,,raw_pruned,False,1210c606499874a286056e7e1b6af84dc9e6d2ffc691d3aeb200596d6365c69c,sha256:0da4d3e4d430f404f59944ee32c33062882bbcbb95d465c522501a3a192994d9,,,/home/pdblend4/results/2026-09-21/pdblend-optimization/profile-v2-parallel/raw.json,63df6c50e9d2fd4581db6abb289a202046365ddf0eb415df38a0790cb5efef79,,,
95d5bbca5785980466e21dfa,,Qwen2.5-7B-Instruct,1,,transfer,,,2048,,,unspecified,,3,,,,,,,raw_pruned,False,1210c606499874a286056e7e1b6af84dc9e6d2ffc691d3aeb200596d6365c69c,sha256:0da4d3e4d430f404f59944ee32c33062882bbcbb95d465c522501a3a192994d9,,,/home/pdblend4/results/2026-09-21/pdblend-optimization/profile-v2-parallel/raw.json,63df6c50e9d2fd4581db6abb289a202046365ddf0eb415df38a0790cb5efef79,,,
db87b959a1d2b269982578b4,,Qwen2.5-7B-Instruct,1,,transfer,,,7168,,,unspecified,,3,,,,,,,raw_pruned,False,1210c606499874a286056e7e1b6af84dc9e6d2ffc691d3aeb200596d6365c69c,sha256:0da4d3e4d430f404f59944ee32c33062882bbcbb95d465c522501a3a192994d9,,,/home/pdblend4/results/2026-09-21/pdblend-optimization/profile-v2-parallel/raw.json,63df6c50e9d2fd4581db6abb289a202046365ddf0eb415df38a0790cb5efef79,,,
5d74322821bf80156980901a,,Qwen2.5-7B-Instruct,1,,prefill,2520,,128,,,unspecified,,67,0.029821157455444336,,,269.750219441062,,,raw_pruned,False,1210c606499874a286056e7e1b6af84dc9e6d2ffc691d3aeb200596d6365c69c,sha256:0da4d3e4d430f404f59944ee32c33062882bbcbb95d465c522501a3a192994d9,,,/home/pdblend4/results/2026-09-21/pdblend-optimization/profile-v2-parallel/pair-67/raw.json,7f5d9b5e2e999bfe5cba1850ccaf47e130f18164f2ee90b100cc1ec5c0379a82,,,
bca82a8d90ec748e86d5f600,,Qwen2.5-7B-Instruct,1,,prefill,2520,,512,,,unspecified,,28,0.07267212867736816,,,337.4332635902123,,,raw_pruned,False,1210c606499874a286056e7e1b6af84dc9e6d2ffc691d3aeb200596d6365c69c,sha256:0da4d3e4d430f404f59944ee32c33062882bbcbb95d465c522501a3a192994d9,,,/home/pdblend4/results/2026-09-21/pdblend-optimization/profile-v2-parallel/pair-67/raw.json,7f5d9b5e2e999bfe5cba1850ccaf47e130f18164f2ee90b100cc1ec5c0379a82,,,
5eca0c6e60ae9d778557e30c,,Qwen2.5-7B-Instruct,1,,prefill,2520,,1024,,,unspecified,,15,0.13984203338623047,,,344.7201866363379,,,raw_pruned,False,1210c606499874a286056e7e1b6af84dc9e6d2ffc691d3aeb200596d6365c69c,sha256:0da4d3e4d430f404f59944ee32c33062882bbcbb95d465c522501a3a192994d9,,,/home/pdblend4/results/2026-09-21/pdblend-optimization/profile-v2-parallel/pair-67/raw.json,7f5d9b5e2e999bfe5cba1850ccaf47e130f18164f2ee90b100cc1ec5c0379a82,,,
22b241b4ae9360fe233dae9b,,Qwen2.5-7B-Instruct,1,,prefill,2520,,2048,,,unspecified,,8,0.2706763744354248,,,349.0996250395335,,,raw_pruned,False,1210c606499874a286056e7e1b6af84dc9e6d2ffc691d3aeb200596d6365c69c,sha256:0da4d3e4d430f404f59944ee32c33062882bbcbb95d465c522501a3a192994d9,,,/home/pdblend4/results/2026-09-21/pdblend-optimization/profile-v2-parallel/pair-67/raw.json,7f5d9b5e2e999bfe5cba1850ccaf47e130f18164f2ee90b100cc1ec5c0379a82,,,
528f900861f05d680d14e626,,Qwen2.5-7B-Instruct,1,,prefill,2520,,4096,,,unspecified,,4,0.5495274066925049,,,349.64721404457197,,,raw_pruned,False,1210c606499874a286056e7e1b6af84dc9e6d2ffc691d3aeb200596d6365c69c,sha256:0da4d3e4d430f404f59944ee32c33062882bbcbb95d465c522501a3a192994d9,,,/home/pdblend4/results/2026-09-21/pdblend-optimization/profile-v2-parallel/pair-67/raw.json,7f5d9b5e2e999bfe5cba1850ccaf47e130f18164f2ee90b100cc1ec5c0379a82,,,
70438647b86d545d70e40af8,,Qwen2.5-7B-Instruct,1,,prefill,2520,,7168,,,unspecified,,3,1.0131397247314453,,,352.87317788148914,,,raw_pruned,False,1210c606499874a286056e7e1b6af84dc9e6d2ffc691d3aeb200596d6365c69c,sha256:0da4d3e4d430f404f59944ee32c33062882bbcbb95d465c522501a3a192994d9,,,/home/pdblend4/results/2026-09-21/pdblend-optimization/profile-v2-parallel/pair-67/raw.json,7f5d9b5e2e999bfe5cba1850ccaf47e130f18164f2ee90b100cc1ec5c0379a82,,,
c4d49668064d8cbc782a265c,,Qwen2.5-7B-Instruct,1,,decode,2520,1,,492.0,,unspecified,0,,,,0.020495976580948125,266.09396,,,raw_pruned,False,1210c606499874a286056e7e1b6af84dc9e6d2ffc691d3aeb200596d6365c69c,sha256:0da4d3e4d430f404f59944ee32c33062882bbcbb95d465c522501a3a192994d9,,,/home/pdblend4/results/2026-09-21/pdblend-optimization/profile-v2-parallel/pair-67/raw.json,7f5d9b5e2e999bfe5cba1850ccaf47e130f18164f2ee90b100cc1ec5c0379a82,samples/d-2520-256-1-r0.json,,
49564512e809cdefa1cfb301,,Qwen2.5-7B-Instruct,1,,decode,2520,1,,493.0,,unspecified,1,,,,0.020494244137748342,266.84044,,,raw_pruned,False,1210c606499874a286056e7e1b6af84dc9e6d2ffc691d3aeb200596d6365c69c,sha256:0da4d3e4d430f404f59944ee32c33062882bbcbb95d465c522501a3a192994d9,,,/home/pdblend4/results/2026-09-21/pdblend-optimization/profile-v2-parallel/pair-67/raw.json,7f5d9b5e2e999bfe5cba1850ccaf47e130f18164f2ee90b100cc1ec5c0379a82,samples/d-2520-256-1-r1.json,,
844afae43d7e67f35ccafde4,,Qwen2.5-7B-Instruct,1,,decode,2520,1,,493.0,,unspecified,2,,,,0.0204939070295115,265.57138,,,raw_pruned,False,1210c606499874a286056e7e1b6af84dc9e6d2ffc691d3aeb200596d6365c69c,sha256:0da4d3e4d430f404f59944ee32c33062882bbcbb95d465c522501a3a192994d9,,,/home/pdblend4/results/2026-09-21/pdblend-optimization/profile-v2-parallel/pair-67/raw.json,7f5d9b5e2e999bfe5cba1850ccaf47e130f18164f2ee90b100cc1ec5c0379a82,samples/d-2520-256-1-r2.json,,
65fafad83490cb23d619232c,,Qwen2.5-7B-Instruct,1,,decode,2520,4,,479.0,,unspecified,0,,,,0.02188456971483627,247.83588,,,raw_pruned,False,1210c606499874a286056e7e1b6af84dc9e6d2ffc691d3aeb200596d6365c69c,sha256:0da4d3e4d430f404f59944ee32c33062882bbcbb95d465c522501a3a192994d9,,,/home/pdblend4/results/2026-09-21/pdblend-optimization/profile-v2-parallel/pair-67/raw.json,7f5d9b5e2e999bfe5cba1850ccaf47e130f18164f2ee90b100cc1ec5c0379a82,samples/d-2520-256-4-r0.json,,
43dc3eaaaee4a782a2640906,,Qwen2.5-7B-Instruct,1,,decode,2520,4,,479.25,,unspecified,1,,,,0.021931795697463185,248.69841,,,raw_pruned,False,1210c606499874a286056e7e1b6af84dc9e6d2ffc691d3aeb200596d6365c69c,sha256:0da4d3e4d430f404f59944ee32c33062882bbcbb95d465c522501a3a192994d9,,,/home/pdblend4/results/2026-09-21/pdblend-optimization/profile-v2-parallel/pair-67/raw.json,7f5d9b5e2e999bfe5cba1850ccaf47e130f18164f2ee90b100cc1ec5c0379a82,samples/d-2520-256-4-r1.json,,
abcb913b81eb473224d8a59c,,Qwen2.5-7B-Instruct,1,,decode,2520,4,,479.25,,unspecified,2,,,,0.0219305157661438,247.82092,,,raw_pruned,False,1210c606499874a286056e7e1b6af84dc9e6d2ffc691d3aeb200596d6365c69c,sha256:0da4d3e4d430f404f59944ee32c33062882bbcbb95d465c522501a3a192994d9,,,/home/pdblend4/results/2026-09-21/pdblend-optimization/profile-v2-parallel/pair-67/raw.json,7f5d9b5e2e999bfe5cba1850ccaf47e130f18164f2ee90b100cc1ec5c0379a82,samples/d-2520-256-4-r2.json,,
9ae8f1712465e787d61a3185,,Qwen2.5-7B-Instruct,1,,decode,2520,8,,474.625,,unspecified,0,,,,0.0224230546053215,253.3808585858586,,,raw_pruned,False,1210c606499874a286056e7e1b6af84dc9e6d2ffc691d3aeb200596d6365c69c,sha256:0da4d3e4d430f404f59944ee32c33062882bbcbb95d465c522501a3a192994d9,,,/home/pdblend4/results/2026-09-21/pdblend-optimization/profile-v2-parallel/pair-67/raw.json,7f5d9b5e2e999bfe5cba1850ccaf47e130f18164f2ee90b100cc1ec5c0379a82,samples/d-2520-256-8-r0.json,,
6b7eeff983e6b281f3bbb711,,Qwen2.5-7B-Instruct,1,,decode,2520,8,,474.625,,unspecified,1,,,,0.022425636582310424,253.23975,,,raw_pruned,False,1210c606499874a286056e7e1b6af84dc9e6d2ffc691d3aeb200596d6365c69c,sha256:0da4d3e4d430f404f59944ee32c33062882bbcbb95d465c522501a3a192994d9,,,/home/pdblend4/results/2026-09-21/pdblend-optimization/profile-v2-parallel/pair-67/raw.json,7f5d9b5e2e999bfe5cba1850ccaf47e130f18164f2ee90b100cc1ec5c0379a82,samples/d-2520-256-8-r1.json,,
2bec6b8435ce1af4d898050f,,Qwen2.5-7B-Instruct,1,,decode,2520,8,,475.125,,unspecified,2,,,,0.02232345938682556,255.30380000000002,,,raw_pruned,False,1210c606499874a286056e7e1b6af84dc9e6d2ffc691d3aeb200596d6365c69c,sha256:0da4d3e4d430f404f59944ee32c33062882bbcbb95d465c522501a3a192994d9,,,/home/pdblend4/results/2026-09-21/pdblend-optimization/profile-v2-parallel/pair-67/raw.json,7f5d9b5e2e999bfe5cba1850ccaf47e130f18164f2ee90b100cc1ec5c0379a82,samples/d-2520-256-8-r2.json,,
5dda6b0c5bdeb8fca54a138b,,Qwen2.5-7B-Instruct,1,,decode,2520,16,,470.5625,,unspecified,0,,,,0.022834805048764024,265.57447474747477,,,raw_pruned,False,1210c606499874a286056e7e1b6af84dc9e6d2ffc691d3aeb200596d6365c69c,sha256:0da4d3e4d430f404f59944ee32c33062882bbcbb95d465c522501a3a192994d9,,,/home/pdblend4/results/2026-09-21/pdblend-optimization/profile-v2-parallel/pair-67/raw.json,7f5d9b5e2e999bfe5cba1850ccaf47e130f18164f2ee90b100cc1ec5c0379a82,samples/d-2520-256-16-r0.json,,
f43f16eee6d570d051f70ac4,,Qwen2.5-7B-Instruct,1,,decode,2520,16,,470.5625,,unspecified,1,,,,0.022831741533322965,268.02919,,,raw_pruned,False,1210c606499874a286056e7e1b6af84dc9e6d2ffc691d3aeb200596d6365c69c,sha256:0da4d3e4d430f404f59944ee32c33062882bbcbb95d465c522501a3a192994d9,,,/home/pdblend4/results/2026-09-21/pdblend-optimization/profile-v2-parallel/pair-67/raw.json,7f5d9b5e2e999bfe5cba1850ccaf47e130f18164f2ee90b100cc1ec5c0379a82,samples/d-2520-256-16-r1.json,,
04193e3eb7181321ae9d19e4,,Qwen2.5-7B-Instruct,1,,decode,2520,16,,470.5625,,unspecified,2,,,,0.022831941848476183,266.59115,,,raw_pruned,False,1210c606499874a286056e7e1b6af84dc9e6d2ffc691d3aeb200596d6365c69c,sha256:0da4d3e4d430f404f59944ee32c33062882bbcbb95d465c522501a3a192994d9,,,/home/pdblend4/results/2026-09-21/pdblend-optimization/profile-v2-parallel/pair-67/raw.json,7f5d9b5e2e999bfe5cba1850ccaf47e130f18164f2ee90b100cc1ec5c0379a82,samples/d-2520-256-16-r2.json,,
2dc4c5fda2b7ba23eb1874d2,,Qwen2.5-7B-Instruct,1,,decode,2520,32,,445.53125,,unspecified,0,,,,0.026178296323846148,271.58577,,,raw_pruned,False,1210c606499874a286056e7e1b6af84dc9e6d2ffc691d3aeb200596d6365c69c,sha256:0da4d3e4d430f404f59944ee32c33062882bbcbb95d465c522501a3a192994d9,,,/home/pdblend4/results/2026-09-21/pdblend-optimization/profile-v2-parallel/pair-67/raw.json,7f5d9b5e2e999bfe5cba1850ccaf47e130f18164f2ee90b100cc1ec5c0379a82,samples/d-2520-256-32-r0.json,,
6ca8695b9b9d45d0eb6b3925,,Qwen2.5-7B-Instruct,1,,decode,2520,32,,445.03125,,unspecified,1,,,,0.026319970582660876,273.64669000000004,,,raw_pruned,False,1210c606499874a286056e7e1b6af84dc9e6d2ffc691d3aeb200596d6365c69c,sha256:0da4d3e4d430f404f59944ee32c33062882bbcbb95d465c522501a3a192994d9,,,/home/pdblend4/results/2026-09-21/pdblend-optimization/profile-v2-parallel/pair-67/raw.json,7f5d9b5e2e999bfe5cba1850ccaf47e130f18164f2ee90b100cc1ec5c0379a82,samples/d-2520-256-32-r1.json,,
1eae6a4984ebe2fc627bff4d,,Qwen2.5-7B-Instruct,1,,decode,2520,32,,445.03125,,unspecified,2,,,,0.02631629642687346,270.19455,,,raw_pruned,False,1210c606499874a286056e7e1b6af84dc9e6d2ffc691d3aeb200596d6365c69c,sha256:0da4d3e4d430f404f59944ee32c33062882bbcbb95d465c522501a3a192994d9,,,/home/pdblend4/results/2026-09-21/pdblend-optimization/profile-v2-parallel/pair-67/raw.json,7f5d9b5e2e999bfe5cba1850ccaf47e130f18164f2ee90b100cc1ec5c0379a82,samples/d-2520-256-32-r2.json,,
479e8b6b1780bf457b6d08f0,,Qwen2.5-7B-Instruct,1,,decode,2520,64,,433.515625,,unspecified,0,,,,0.028417445041916588,287.69094,,,raw_pruned,False,1210c606499874a286056e7e1b6af84dc9e6d2ffc691d3aeb200596d6365c69c,sha256:0da4d3e4d430f404f59944ee32c33062882bbcbb95d465c522501a3a192994d9,,,/home/pdblend4/results/2026-09-21/pdblend-optimization/profile-v2-parallel/pair-67/raw.json,7f5d9b5e2e999bfe5cba1850ccaf47e130f18164f2ee90b100cc1ec5c0379a82,samples/d-2520-256-64-r0.json,,
c504b59dce065986da480f57,,Qwen2.5-7B-Instruct,1,,decode,2520,64,,433.515625,,unspecified,1,,,,0.028410495682196182,288.21496,,,raw_pruned,False,1210c606499874a286056e7e1b6af84dc9e6d2ffc691d3aeb200596d6365c69c,sha256:0da4d3e4d430f404f59944ee32c33062882bbcbb95d465c522501a3a192994d9,,,/home/pdblend4/results/2026-09-21/pdblend-optimization/profile-v2-parallel/pair-67/raw.json,7f5d9b5e2e999bfe5cba1850ccaf47e130f18164f2ee90b100cc1ec5c0379a82,samples/d-2520-256-64-r1.json,,
8071deb0d900b4f8a84cb8c6,,Qwen2.5-7B-Instruct,1,,decode,2520,64,,433.515625,,unspecified,2,,,,0.028413508426059376,291.34371,,,raw_pruned,False,1210c606499874a286056e7e1b6af84dc9e6d2ffc691d3aeb200596d6365c69c,sha256:0da4d3e4d430f404f59944ee32c33062882bbcbb95d465c522501a3a192994d9,,,/home/pdblend4/results/2026-09-21/pdblend-optimization/profile-v2-parallel/pair-67/raw.json,7f5d9b5e2e999bfe5cba1850ccaf47e130f18164f2ee90b100cc1ec5c0379a82,samples/d-2520-256-64-r2.json,,
d0eb686964305eebe7fdb7b7,,Qwen2.5-7B-Instruct,1,,decode,2520,128,,406.5078125,,unspecified,0,,,,0.03472678528891669,345.77884,,,raw_pruned,False,1210c606499874a286056e7e1b6af84dc9e6d2ffc691d3aeb200596d6365c69c,sha256:0da4d3e4d430f404f59944ee32c33062882bbcbb95d465c522501a3a192994d9,,,/home/pdblend4/results/2026-09-21/pdblend-optimization/profile-v2-parallel/pair-67/raw.json,7f5d9b5e2e999bfe5cba1850ccaf47e130f18164f2ee90b100cc1ec5c0379a82,samples/d-2520-256-128-r0.json,,
e43e6446438b1e1eaf3a61d5,,Qwen2.5-7B-Instruct,1,,decode,2520,128,,406.0078125,,unspecified,1,,,,0.03448875197048845,347.74330000000003,,,raw_pruned,False,1210c606499874a286056e7e1b6af84dc9e6d2ffc691d3aeb200596d6365c69c,sha256:0da4d3e4d430f404f59944ee32c33062882bbcbb95d465c522501a3a192994d9,,,/home/pdblend4/results/2026-09-21/pdblend-optimization/profile-v2-parallel/pair-67/raw.json,7f5d9b5e2e999bfe5cba1850ccaf47e130f18164f2ee90b100cc1ec5c0379a82,samples/d-2520-256-128-r1.json,,
1684b91708b4bb938f310119,,Qwen2.5-7B-Instruct,1,,decode,2520,128,,406.5078125,,unspecified,2,,,,0.03472931186358134,344.89093,,,raw_pruned,False,1210c606499874a286056e7e1b6af84dc9e6d2ffc691d3aeb200596d6365c69c,sha256:0da4d3e4d430f404f59944ee32c33062882bbcbb95d465c522501a3a192994d9,,,/home/pdblend4/results/2026-09-21/pdblend-optimization/profile-v2-parallel/pair-67/raw.json,7f5d9b5e2e999bfe5cba1850ccaf47e130f18164f2ee90b100cc1ec5c0379a82,samples/d-2520-256-128-r2.json,,
771205475a6468c96e3f6ac2,,Qwen2.5-7B-Instruct,1,,decode,2520,256,,362.0546875,,unspecified,0,,,,0.05377172398310836,346.13373,,,raw_pruned,False,1210c606499874a286056e7e1b6af84dc9e6d2ffc691d3aeb200596d6365c69c,sha256:0da4d3e4d430f404f59944ee32c33062882bbcbb95d465c522501a3a192994d9,,,/home/pdblend4/results/2026-09-21/pdblend-optimization/profile-v2-parallel/pair-67/raw.json,7f5d9b5e2e999bfe5cba1850ccaf47e130f18164f2ee90b100cc1ec5c0379a82,samples/d-2520-256-256-r0.json,,
f9e681d5b771b3695411724f,,Qwen2.5-7B-Instruct,1,,decode,2520,256,,361.9765625,,unspecified,1,,,,0.053769052669566164,344.80426,,,raw_pruned,False,1210c606499874a286056e7e1b6af84dc9e6d2ffc691d3aeb200596d6365c69c,sha256:0da4d3e4d430f404f59944ee32c33062882bbcbb95d465c522501a3a192994d9,,,/home/pdblend4/results/2026-09-21/pdblend-optimization/profile-v2-parallel/pair-67/raw.json,7f5d9b5e2e999bfe5cba1850ccaf47e130f18164f2ee90b100cc1ec5c0379a82,samples/d-2520-256-256-r1.json,,
891afce45be392ded753f208,,Qwen2.5-7B-Instruct,1,,decode,2520,256,,361.9765625,,unspecified,2,,,,0.053803169599143406,345.90847,,,raw_pruned,False,1210c606499874a286056e7e1b6af84dc9e6d2ffc691d3aeb200596d6365c69c,sha256:0da4d3e4d430f404f59944ee32c33062882bbcbb95d465c522501a3a192994d9,,,/home/pdblend4/results/2026-09-21/pdblend-optimization/profile-v2-parallel/pair-67/raw.json,7f5d9b5e2e999bfe5cba1850ccaf47e130f18164f2ee90b100cc1ec5c0379a82,samples/d-2520-256-256-r2.json,,
9722d54553dfa9f0cfc00293,,Qwen2.5-7B-Instruct,1,,decode,2520,1,,1260.0,,unspecified,0,,,,0.020495170452555674,272.20174,,,raw_pruned,False,1210c606499874a286056e7e1b6af84dc9e6d2ffc691d3aeb200596d6365c69c,sha256:0da4d3e4d430f404f59944ee32c33062882bbcbb95d465c522501a3a192994d9,,,/home/pdblend4/results/2026-09-21/pdblend-optimization/profile-v2-parallel/pair-67/raw.json,7f5d9b5e2e999bfe5cba1850ccaf47e130f18164f2ee90b100cc1ec5c0379a82,samples/d-2520-1024-1-r0.json,,
f06597735271e4d04540bc2c,,Qwen2.5-7B-Instruct,1,,decode,2520,1,,1260.0,,unspecified,1,,,,0.020492371965627202,275.07362,,,raw_pruned,False,1210c606499874a286056e7e1b6af84dc9e6d2ffc691d3aeb200596d6365c69c,sha256:0da4d3e4d430f404f59944ee32c33062882bbcbb95d465c522501a3a192994d9,,,/home/pdblend4/results/2026-09-21/pdblend-optimization/profile-v2-parallel/pair-67/raw.json,7f5d9b5e2e999bfe5cba1850ccaf47e130f18164f2ee90b100cc1ec5c0379a82,samples/d-2520-1024-1-r1.json,,
923116fee31b2dae3c7a1a1e,,Qwen2.5-7B-Instruct,1,,decode,2520,1,,1260.0,,unspecified,2,,,,0.020493783911720652,272.3806,,,raw_pruned,False,1210c606499874a286056e7e1b6af84dc9e6d2ffc691d3aeb200596d6365c69c,sha256:0da4d3e4d430f404f59944ee32c33062882bbcbb95d465c522501a3a192994d9,,,/home/pdblend4/results/2026-09-21/pdblend-optimization/profile-v2-parallel/pair-67/raw.json,7f5d9b5e2e999bfe5cba1850ccaf47e130f18164f2ee90b100cc1ec5c0379a82,samples/d-2520-1024-1-r2.json,,
412a0fd081cf165002c892ed,,Qwen2.5-7B-Instruct,1,,decode,2520,4,,1243.75,,unspecified,0,,,,0.022223132451375326,252.76848999999999,,,raw_pruned,False,1210c606499874a286056e7e1b6af84dc9e6d2ffc691d3aeb200596d6365c69c,sha256:0da4d3e4d430f404f59944ee32c33062882bbcbb95d465c522501a3a192994d9,,,/home/pdblend4/results/2026-09-21/pdblend-optimization/profile-v2-parallel/pair-67/raw.json,7f5d9b5e2e999bfe5cba1850ccaf47e130f18164f2ee90b100cc1ec5c0379a82,samples/d-2520-1024-4-r0.json,,
090f52aeebf2081c73e386c2,,Qwen2.5-7B-Instruct,1,,decode,2520,4,,1243.75,,unspecified,1,,,,0.022227049933539498,251.18939999999998,,,raw_pruned,False,1210c606499874a286056e7e1b6af84dc9e6d2ffc691d3aeb200596d6365c69c,sha256:0da4d3e4d430f404f59944ee32c33062882bbcbb95d465c522501a3a192994d9,,,/home/pdblend4/results/2026-09-21/pdblend-optimization/profile-v2-parallel/pair-67/raw.json,7f5d9b5e2e999bfe5cba1850ccaf47e130f18164f2ee90b100cc1ec5c0379a82,samples/d-2520-1024-4-r1.json,,
c8881ab17f889565a035f6c4,,Qwen2.5-7B-Instruct,1,,decode,2520,4,,1243.75,,unspecified,2,,,,0.02222554842631022,250.50063999999998,,,raw_pruned,False,1210c606499874a286056e7e1b6af84dc9e6d2ffc691d3aeb200596d6365c69c,sha256:0da4d3e4d430f404f59944ee32c33062882bbcbb95d465c522501a3a192994d9,,,/home/pdblend4/results/2026-09-21/pdblend-optimization/profile-v2-parallel/pair-67/raw.json,7f5d9b5e2e999bfe5cba1850ccaf47e130f18164f2ee90b100cc1ec5c0379a82,samples/d-2520-1024-4-r2.json,,
ad686f125f6678a4e6f7d7bb,,Qwen2.5-7B-Instruct,1,,decode,2520,8,,1238.625,,unspecified,0,,,,0.02283483335416611,255.4198,,,raw_pruned,False,1210c606499874a286056e7e1b6af84dc9e6d2ffc691d3aeb200596d6365c69c,sha256:0da4d3e4d430f404f59944ee32c33062882bbcbb95d465c522501a3a192994d9,,,/home/pdblend4/results/2026-09-21/pdblend-optimization/profile-v2-parallel/pair-67/raw.json,7f5d9b5e2e999bfe5cba1850ccaf47e130f18164f2ee90b100cc1ec5c0379a82,samples/d-2520-1024-8-r0.json,,
1b41b819b509a9383ff4c187,,Qwen2.5-7B-Instruct,1,,decode,2520,8,,1238.625,,unspecified,1,,,,0.022833061000527857,255.94826,,,raw_pruned,False,1210c606499874a286056e7e1b6af84dc9e6d2ffc691d3aeb200596d6365c69c,sha256:0da4d3e4d430f404f59944ee32c33062882bbcbb95d465c522501a3a192994d9,,,/home/pdblend4/results/2026-09-21/pdblend-optimization/profile-v2-parallel/pair-67/raw.json,7f5d9b5e2e999bfe5cba1850ccaf47e130f18164f2ee90b100cc1ec5c0379a82,samples/d-2520-1024-8-r1.json,,
701bcf1ab77daf8a44b25b6a,,Qwen2.5-7B-Instruct,1,,decode,2520,8,,1238.75,,unspecified,2,,,,0.02283368698538166,258.661,,,raw_pruned,False,1210c606499874a286056e7e1b6af84dc9e6d2ffc691d3aeb200596d6365c69c,sha256:0da4d3e4d430f404f59944ee32c33062882bbcbb95d465c522501a3a192994d9,,,/home/pdblend4/results/2026-09-21/pdblend-optimization/profile-v2-parallel/pair-67/raw.json,7f5d9b5e2e999bfe5cba1850ccaf47e130f18164f2ee90b100cc1ec5c0379a82,samples/d-2520-1024-8-r2.json,,
8f4d2989b10e639a3b558b65,,Qwen2.5-7B-Instruct,1,,decode,2520,16,,1230.625,,unspecified,0,,,,0.02381238823845273,268.83655999999996,,,raw_pruned,False,1210c606499874a286056e7e1b6af84dc9e6d2ffc691d3aeb200596d6365c69c,sha256:0da4d3e4d430f404f59944ee32c33062882bbcbb95d465c522501a3a192994d9,,,/home/pdblend4/results/2026-09-21/pdblend-optimization/profile-v2-parallel/pair-67/raw.json,7f5d9b5e2e999bfe5cba1850ccaf47e130f18164f2ee90b100cc1ec5c0379a82,samples/d-2520-1024-16-r0.json,,
bab09dd153533f2cf62bb5d7,,Qwen2.5-7B-Instruct,1,,decode,2520,16,,1230.5625,,unspecified,1,,,,0.023810796510605584,268.0651,,,raw_pruned,False,1210c606499874a286056e7e1b6af84dc9e6d2ffc691d3aeb200596d6365c69c,sha256:0da4d3e4d430f404f59944ee32c33062882bbcbb95d465c522501a3a192994d9,,,/home/pdblend4/results/2026-09-21/pdblend-optimization/profile-v2-parallel/pair-67/raw.json,7f5d9b5e2e999bfe5cba1850ccaf47e130f18164f2ee90b100cc1ec5c0379a82,samples/d-2520-1024-16-r1.json,,
94d5a21cdaeb722cd402b3bc,,Qwen2.5-7B-Instruct,1,,decode,2520,16,,1230.0625,,unspecified,2,,,,0.023928010292600787,267.52517,,,raw_pruned,False,1210c606499874a286056e7e1b6af84dc9e6d2ffc691d3aeb200596d6365c69c,sha256:0da4d3e4d430f404f59944ee32c33062882bbcbb95d465c522501a3a192994d9,,,/home/pdblend4/results/2026-09-21/pdblend-optimization/profile-v2-parallel/pair-67/raw.json,7f5d9b5e2e999bfe5cba1850ccaf47e130f18164f2ee90b100cc1ec5c0379a82,samples/d-2520-1024-16-r2.json,,
b010f7412f2d2ba86a486005,,Qwen2.5-7B-Instruct,1,,decode,2520,32,,1201.53125,,unspecified,0,,,,0.028414960611950268,271.61812000000003,,,raw_pruned,False,1210c606499874a286056e7e1b6af84dc9e6d2ffc691d3aeb200596d6365c69c,sha256:0da4d3e4d430f404f59944ee32c33062882bbcbb95d465c522501a3a192994d9,,,/home/pdblend4/results/2026-09-21/pdblend-optimization/profile-v2-parallel/pair-67/raw.json,7f5d9b5e2e999bfe5cba1850ccaf47e130f18164f2ee90b100cc1ec5c0379a82,samples/d-2520-1024-32-r0.json,,
cd948a9d426485a96e27fd13,,Qwen2.5-7B-Instruct,1,,decode,2520,32,,1201.53125,,unspecified,1,,,,0.02841105650771748,273.90862,,,raw_pruned,False,1210c606499874a286056e7e1b6af84dc9e6d2ffc691d3aeb200596d6365c69c,sha256:0da4d3e4d430f404f59944ee32c33062882bbcbb95d465c522501a3a192994d9,,,/home/pdblend4/results/2026-09-21/pdblend-optimization/profile-v2-parallel/pair-67/raw.json,7f5d9b5e2e999bfe5cba1850ccaf47e130f18164f2ee90b100cc1ec5c0379a82,samples/d-2520-1024-32-r1.json,,
27349cf1749d1d877c4b140b,,Qwen2.5-7B-Instruct,1,,decode,2520,32,,1201.53125,,unspecified,2,,,,0.028417478908192028,270.80739,,,raw_pruned,False,1210c606499874a286056e7e1b6af84dc9e6d2ffc691d3aeb200596d6365c69c,sha256:0da4d3e4d430f404f59944ee32c33062882bbcbb95d465c522501a3a192994d9,,,/home/pdblend4/results/2026-09-21/pdblend-optimization/profile-v2-parallel/pair-67/raw.json,7f5d9b5e2e999bfe5cba1850ccaf47e130f18164f2ee90b100cc1ec5c0379a82,samples/d-2520-1024-32-r2.json,,
d922771453fe1f2c3cf5e4f7,,Qwen2.5-7B-Instruct,1,,decode,2520,64,,1184.015625,,unspecified,0,,,,0.03226717518221948,289.38054,,,raw_pruned,False,1210c606499874a286056e7e1b6af84dc9e6d2ffc691d3aeb200596d6365c69c,sha256:0da4d3e4d430f404f59944ee32c33062882bbcbb95d465c522501a3a192994d9,,,/home/pdblend4/results/2026-09-21/pdblend-optimization/profile-v2-parallel/pair-67/raw.json,7f5d9b5e2e999bfe5cba1850ccaf47e130f18164f2ee90b100cc1ec5c0379a82,samples/d-2520-1024-64-r0.json,,
846b3d164bf6aefe2284a0db,,Qwen2.5-7B-Instruct,1,,decode,2520,64,,1183.515625,,unspecified,1,,,,0.03247204229429171,286.61814,,,raw_pruned,False,1210c606499874a286056e7e1b6af84dc9e6d2ffc691d3aeb200596d6365c69c,sha256:0da4d3e4d430f404f59944ee32c33062882bbcbb95d465c522501a3a192994d9,,,/home/pdblend4/results/2026-09-21/pdblend-optimization/profile-v2-parallel/pair-67/raw.json,7f5d9b5e2e999bfe5cba1850ccaf47e130f18164f2ee90b100cc1ec5c0379a82,samples/d-2520-1024-64-r1.json,,
66a9c105e493295f7f1c88d5,,Qwen2.5-7B-Instruct,1,,decode,2520,64,,1184.765625,,unspecified,2,,,,0.03247491725079425,289.11107,,,raw_pruned,False,1210c606499874a286056e7e1b6af84dc9e6d2ffc691d3aeb200596d6365c69c,sha256:0da4d3e4d430f404f59944ee32c33062882bbcbb95d465c522501a3a192994d9,,,/home/pdblend4/results/2026-09-21/pdblend-optimization/profile-v2-parallel/pair-67/raw.json,7f5d9b5e2e999bfe5cba1850ccaf47e130f18164f2ee90b100cc1ec5c0379a82,samples/d-2520-1024-64-r2.json,,
dd1760d2356367216ea58068,,Qwen2.5-7B-Instruct,1,,decode,2520,128,,1155.0078125,,unspecified,0,,,,0.04274023903740777,339.0199,,,raw_pruned,False,1210c606499874a286056e7e1b6af84dc9e6d2ffc691d3aeb200596d6365c69c,sha256:0da4d3e4d430f404f59944ee32c33062882bbcbb95d465c522501a3a192994d9,,,/home/pdblend4/results/2026-09-21/pdblend-optimization/profile-v2-parallel/pair-67/raw.json,7f5d9b5e2e999bfe5cba1850ccaf47e130f18164f2ee90b100cc1ec5c0379a82,samples/d-2520-1024-128-r0.json,,
324fd55152a2447c536dc054,,Qwen2.5-7B-Instruct,1,,decode,2520,128,,1155.5078125,,unspecified,1,,,,0.042378274060912054,341.93029,,,raw_pruned,False,1210c606499874a286056e7e1b6af84dc9e6d2ffc691d3aeb200596d6365c69c,sha256:0da4d3e4d430f404f59944ee32c33062882bbcbb95d465c522501a3a192994d9,,,/home/pdblend4/results/2026-09-21/pdblend-optimization/profile-v2-parallel/pair-67/raw.json,7f5d9b5e2e999bfe5cba1850ccaf47e130f18164f2ee90b100cc1ec5c0379a82,samples/d-2520-1024-128-r1.json,,
c9965554949b29bca8f66ed6,,Qwen2.5-7B-Instruct,1,,decode,2520,128,,1155.5078125,,unspecified,2,,,,0.042377845715668244,339.22282,,,raw_pruned,False,1210c606499874a286056e7e1b6af84dc9e6d2ffc691d3aeb200596d6365c69c,sha256:0da4d3e4d430f404f59944ee32c33062882bbcbb95d465c522501a3a192994d9,,,/home/pdblend4/results/2026-09-21/pdblend-optimization/profile-v2-parallel/pair-67/raw.json,7f5d9b5e2e999bfe5cba1850ccaf47e130f18164f2ee90b100cc1ec5c0379a82,samples/d-2520-1024-128-r2.json,,
c0131cfa6e9ad9bfb9979090,,Qwen2.5-7B-Instruct,1,,decode,2520,256,,1122.390625,,unspecified,0,,,,0.06945887207984924,345.06466,,,raw_pruned,False,1210c606499874a286056e7e1b6af84dc9e6d2ffc691d3aeb200596d6365c69c,sha256:0da4d3e4d430f404f59944ee32c33062882bbcbb95d465c522501a3a192994d9,,,/home/pdblend4/results/2026-09-21/pdblend-optimization/profile-v2-parallel/pair-67/raw.json,7f5d9b5e2e999bfe5cba1850ccaf47e130f18164f2ee90b100cc1ec5c0379a82,samples/d-2520-1024-256-r0.json,,
d32b3002e87e98abe876ba5c,,Qwen2.5-7B-Instruct,1,,decode,2520,256,,1122.390625,,unspecified,1,,,,0.06945248444875081,345.14054000000004,,,raw_pruned,False,1210c606499874a286056e7e1b6af84dc9e6d2ffc691d3aeb200596d6365c69c,sha256:0da4d3e4d430f404f59944ee32c33062882bbcbb95d465c522501a3a192994d9,,,/home/pdblend4/results/2026-09-21/pdblend-optimization/profile-v2-parallel/pair-67/raw.json,7f5d9b5e2e999bfe5cba1850ccaf47e130f18164f2ee90b100cc1ec5c0379a82,samples/d-2520-1024-256-r1.json,,
3dc62440e14186e7599c10cc,,Qwen2.5-7B-Instruct,1,,decode,2520,256,,1122.390625,,unspecified,2,,,,0.06945238841904534,345.21209000000005,,,raw_pruned,False,1210c606499874a286056e7e1b6af84dc9e6d2ffc691d3aeb200596d6365c69c,sha256:0da4d3e4d430f404f59944ee32c33062882bbcbb95d465c522501a3a192994d9,,,/home/pdblend4/results/2026-09-21/pdblend-optimization/profile-v2-parallel/pair-67/raw.json,7f5d9b5e2e999bfe5cba1850ccaf47e130f18164f2ee90b100cc1ec5c0379a82,samples/d-2520-1024-256-r2.json,,
e8cf2a617c84df3a3e27ddfc,,Qwen2.5-7B-Instruct,1,,decode,2520,1,,4327.5,,unspecified,0,,,,0.020923110730478454,270.68722,,,raw_pruned,False,1210c606499874a286056e7e1b6af84dc9e6d2ffc691d3aeb200596d6365c69c,sha256:0da4d3e4d430f404f59944ee32c33062882bbcbb95d465c522501a3a192994d9,,,/home/pdblend4/results/2026-09-21/pdblend-optimization/profile-v2-parallel/pair-67/raw.json,7f5d9b5e2e999bfe5cba1850ccaf47e130f18164f2ee90b100cc1ec5c0379a82,samples/d-2520-4096-1-r0.json,,
ea51e3254b955c250d8a5ec4,,Qwen2.5-7B-Instruct,1,,decode,2520,1,,4327.5,,unspecified,1,,,,0.020921286179929596,272.30973,,,raw_pruned,False,1210c606499874a286056e7e1b6af84dc9e6d2ffc691d3aeb200596d6365c69c,sha256:0da4d3e4d430f404f59944ee32c33062882bbcbb95d465c522501a3a192994d9,,,/home/pdblend4/results/2026-09-21/pdblend-optimization/profile-v2-parallel/pair-67/raw.json,7f5d9b5e2e999bfe5cba1850ccaf47e130f18164f2ee90b100cc1ec5c0379a82,samples/d-2520-4096-1-r1.json,,
41fd384fcc37997613e66c3e,,Qwen2.5-7B-Instruct,1,,decode,2520,1,,4327.5,,unspecified,2,,,,0.020923387056614066,271.84824000000003,,,raw_pruned,False,1210c606499874a286056e7e1b6af84dc9e6d2ffc691d3aeb200596d6365c69c,sha256:0da4d3e4d430f404f59944ee32c33062882bbcbb95d465c522501a3a192994d9,,,/home/pdblend4/results/2026-09-21/pdblend-optimization/profile-v2-parallel/pair-67/raw.json,7f5d9b5e2e999bfe5cba1850ccaf47e130f18164f2ee90b100cc1ec5c0379a82,samples/d-2520-4096-1-r2.json,,
fea78a567b5b712fd601d919,,Qwen2.5-7B-Instruct,1,,decode,2520,4,,4307.75,,unspecified,0,,,,0.02325643827748853,253.55968000000001,,,raw_pruned,False,1210c606499874a286056e7e1b6af84dc9e6d2ffc691d3aeb200596d6365c69c,sha256:0da4d3e4d430f404f59944ee32c33062882bbcbb95d465c522501a3a192994d9,,,/home/pdblend4/results/2026-09-21/pdblend-optimization/profile-v2-parallel/pair-67/raw.json,7f5d9b5e2e999bfe5cba1850ccaf47e130f18164f2ee90b100cc1ec5c0379a82,samples/d-2520-4096-4-r0.json,,
535ecf66cb68c8af7a1ea9fa,,Qwen2.5-7B-Instruct,1,,decode,2520,4,,4307.75,,unspecified,1,,,,0.02325933811276458,250.32718,,,raw_pruned,False,1210c606499874a286056e7e1b6af84dc9e6d2ffc691d3aeb200596d6365c69c,sha256:0da4d3e4d430f404f59944ee32c33062882bbcbb95d465c522501a3a192994d9,,,/home/pdblend4/results/2026-09-21/pdblend-optimization/profile-v2-parallel/pair-67/raw.json,7f5d9b5e2e999bfe5cba1850ccaf47e130f18164f2ee90b100cc1ec5c0379a82,samples/d-2520-4096-4-r1.json,,
7828000008f24627dbbc6a09,,Qwen2.5-7B-Instruct,1,,decode,2520,4,,4307.25,,unspecified,2,,,,0.023258343408274096,250.38320202020205,,,raw_pruned,False,1210c606499874a286056e7e1b6af84dc9e6d2ffc691d3aeb200596d6365c69c,sha256:0da4d3e4d430f404f59944ee32c33062882bbcbb95d465c522501a3a192994d9,,,/home/pdblend4/results/2026-09-21/pdblend-optimization/profile-v2-parallel/pair-67/raw.json,7f5d9b5e2e999bfe5cba1850ccaf47e130f18164f2ee90b100cc1ec5c0379a82,samples/d-2520-4096-4-r2.json,,
d3c0004695e287f50de12c88,,Qwen2.5-7B-Instruct,1,,decode,2520,8,,4296.625,,unspecified,0,,,,0.02475698159472777,259.52704,,,raw_pruned,False,1210c606499874a286056e7e1b6af84dc9e6d2ffc691d3aeb200596d6365c69c,sha256:0da4d3e4d430f404f59944ee32c33062882bbcbb95d465c522501a3a192994d9,,,/home/pdblend4/results/2026-09-21/pdblend-optimization/profile-v2-parallel/pair-67/raw.json,7f5d9b5e2e999bfe5cba1850ccaf47e130f18164f2ee90b100cc1ec5c0379a82,samples/d-2520-4096-8-r0.json,,
80a12e5c16e7bb7fb135e950,,Qwen2.5-7B-Instruct,1,,decode,2520,8,,4296.625,,unspecified,1,,,,0.02475594648040167,261.27216,,,raw_pruned,False,1210c606499874a286056e7e1b6af84dc9e6d2ffc691d3aeb200596d6365c69c,sha256:0da4d3e4d430f404f59944ee32c33062882bbcbb95d465c522501a3a192994d9,,,/home/pdblend4/results/2026-09-21/pdblend-optimization/profile-v2-parallel/pair-67/raw.json,7f5d9b5e2e999bfe5cba1850ccaf47e130f18164f2ee90b100cc1ec5c0379a82,samples/d-2520-4096-8-r1.json,,
d0d99467faf7863beb0f0649,,Qwen2.5-7B-Instruct,1,,decode,2520,8,,4297.125,,unspecified,2,,,,0.024754058016408786,257.10314,,,raw_pruned,False,1210c606499874a286056e7e1b6af84dc9e6d2ffc691d3aeb200596d6365c69c,sha256:0da4d3e4d430f404f59944ee32c33062882bbcbb95d465c522501a3a192994d9,,,/home/pdblend4/results/2026-09-21/pdblend-optimization/profile-v2-parallel/pair-67/raw.json,7f5d9b5e2e999bfe5cba1850ccaf47e130f18164f2ee90b100cc1ec5c0379a82,samples/d-2520-4096-8-r2.json,,
4787fd60193077c547b08d1e,,Qwen2.5-7B-Instruct,1,,decode,2520,16,,4278.5625,,unspecified,0,,,,0.027786876095665825,271.63106,,,raw_pruned,False,1210c606499874a286056e7e1b6af84dc9e6d2ffc691d3aeb200596d6365c69c,sha256:0da4d3e4d430f404f59944ee32c33062882bbcbb95d465c522501a3a192994d9,,,/home/pdblend4/results/2026-09-21/pdblend-optimization/profile-v2-parallel/pair-67/raw.json,7f5d9b5e2e999bfe5cba1850ccaf47e130f18164f2ee90b100cc1ec5c0379a82,samples/d-2520-4096-16-r0.json,,
dfed23c61d14948a7d630be2,,Qwen2.5-7B-Instruct,1,,decode,2520,16,,4278.5625,,unspecified,1,,,,0.027782456080118815,271.78782,,,raw_pruned,False,1210c606499874a286056e7e1b6af84dc9e6d2ffc691d3aeb200596d6365c69c,sha256:0da4d3e4d430f404f59944ee32c33062882bbcbb95d465c522501a3a192994d9,,,/home/pdblend4/results/2026-09-21/pdblend-optimization/profile-v2-parallel/pair-67/raw.json,7f5d9b5e2e999bfe5cba1850ccaf47e130f18164f2ee90b100cc1ec5c0379a82,samples/d-2520-4096-16-r1.json,,
1f60798fbac9b6839e01f423,,Qwen2.5-7B-Instruct,1,,decode,2520,16,,4278.5625,,unspecified,2,,,,0.027781120936075845,270.39357,,,raw_pruned,False,1210c606499874a286056e7e1b6af84dc9e6d2ffc691d3aeb200596d6365c69c,sha256:0da4d3e4d430f404f59944ee32c33062882bbcbb95d465c522501a3a192994d9,,,/home/pdblend4/results/2026-09-21/pdblend-optimization/profile-v2-parallel/pair-67/raw.json,7f5d9b5e2e999bfe5cba1850ccaf47e130f18164f2ee90b100cc1ec5c0379a82,samples/d-2520-4096-16-r2.json,,
2d51b33c6795b2e507d9fe53,,Qwen2.5-7B-Instruct,1,,decode,2520,32,,4244.53125,,unspecified,0,,,,0.03623588707136071,273.48389,,,raw_pruned,False,1210c606499874a286056e7e1b6af84dc9e6d2ffc691d3aeb200596d6365c69c,sha256:0da4d3e4d430f404f59944ee32c33062882bbcbb95d465c522501a3a192994d9,,,/home/pdblend4/results/2026-09-21/pdblend-optimization/profile-v2-parallel/pair-67/raw.json,7f5d9b5e2e999bfe5cba1850ccaf47e130f18164f2ee90b100cc1ec5c0379a82,samples/d-2520-4096-32-r0.json,,
d314bed2e89a825c86db84a7,,Qwen2.5-7B-Instruct,1,,decode,2520,32,,4245.03125,,unspecified,1,,,,0.035974054885425155,273.3004,,,raw_pruned,False,1210c606499874a286056e7e1b6af84dc9e6d2ffc691d3aeb200596d6365c69c,sha256:0da4d3e4d430f404f59944ee32c33062882bbcbb95d465c522501a3a192994d9,,,/home/pdblend4/results/2026-09-21/pdblend-optimization/profile-v2-parallel/pair-67/raw.json,7f5d9b5e2e999bfe5cba1850ccaf47e130f18164f2ee90b100cc1ec5c0379a82,samples/d-2520-4096-32-r1.json,,
c5b5d6623fb3abd732bfd71e,,Qwen2.5-7B-Instruct,1,,decode,2520,32,,4245.03125,,unspecified,2,,,,0.035974413370914594,275.68109,,,raw_pruned,False,1210c606499874a286056e7e1b6af84dc9e6d2ffc691d3aeb200596d6365c69c,sha256:0da4d3e4d430f404f59944ee32c33062882bbcbb95d465c522501a3a192994d9,,,/home/pdblend4/results/2026-09-21/pdblend-optimization/profile-v2-parallel/pair-67/raw.json,7f5d9b5e2e999bfe5cba1850ccaf47e130f18164f2ee90b100cc1ec5c0379a82,samples/d-2520-4096-32-r2.json,,
91ffa038b1fd372677e833a6,,Qwen2.5-7B-Instruct,1,,decode,2520,64,,4222.015625,,unspecified,0,,,,0.04762206304640997,288.42176,,,raw_pruned,False,1210c606499874a286056e7e1b6af84dc9e6d2ffc691d3aeb200596d6365c69c,sha256:0da4d3e4d430f404f59944ee32c33062882bbcbb95d465c522501a3a192994d9,,,/home/pdblend4/results/2026-09-21/pdblend-optimization/profile-v2-parallel/pair-67/raw.json,7f5d9b5e2e999bfe5cba1850ccaf47e130f18164f2ee90b100cc1ec5c0379a82,samples/d-2520-4096-64-r0.json,,
a6f42837f12b16774f3c3a43,,Qwen2.5-7B-Instruct,1,,decode,2520,64,,4222.515625,,unspecified,1,,,,0.048083605674596935,291.46594,,,raw_pruned,False,1210c606499874a286056e7e1b6af84dc9e6d2ffc691d3aeb200596d6365c69c,sha256:0da4d3e4d430f404f59944ee32c33062882bbcbb95d465c522501a3a192994d9,,,/home/pdblend4/results/2026-09-21/pdblend-optimization/profile-v2-parallel/pair-67/raw.json,7f5d9b5e2e999bfe5cba1850ccaf47e130f18164f2ee90b100cc1ec5c0379a82,samples/d-2520-4096-64-r1.json,,
d4cf1068f202b3f039ef384d,,Qwen2.5-7B-Instruct,1,,decode,2520,64,,4222.515625,,unspecified,2,,,,0.04808145532241234,290.91333,,,raw_pruned,False,1210c606499874a286056e7e1b6af84dc9e6d2ffc691d3aeb200596d6365c69c,sha256:0da4d3e4d430f404f59944ee32c33062882bbcbb95d465c522501a3a192994d9,,,/home/pdblend4/results/2026-09-21/pdblend-optimization/profile-v2-parallel/pair-67/raw.json,7f5d9b5e2e999bfe5cba1850ccaf47e130f18164f2ee90b100cc1ec5c0379a82,samples/d-2520-4096-64-r2.json,,
be42dcf505b8458f03641c1c,,Qwen2.5-7B-Instruct,1,,mixed,2520,8,,1024,,unspecified,,,,,,,,,raw_pruned,False,1210c606499874a286056e7e1b6af84dc9e6d2ffc691d3aeb200596d6365c69c,sha256:0da4d3e4d430f404f59944ee32c33062882bbcbb95d465c522501a3a192994d9,,,/home/pdblend4/results/2026-09-21/pdblend-optimization/profile-v2-parallel/pair-67/raw.json,7f5d9b5e2e999bfe5cba1850ccaf47e130f18164f2ee90b100cc1ec5c0379a82,samples/mixed-2520-8-512.json,,
0851cc77764f515573e369e2,,Qwen2.5-7B-Instruct,1,,mixed,2520,8,,1024,,unspecified,,,,,,,,,raw_pruned,False,1210c606499874a286056e7e1b6af84dc9e6d2ffc691d3aeb200596d6365c69c,sha256:0da4d3e4d430f404f59944ee32c33062882bbcbb95d465c522501a3a192994d9,,,/home/pdblend4/results/2026-09-21/pdblend-optimization/profile-v2-parallel/pair-67/raw.json,7f5d9b5e2e999bfe5cba1850ccaf47e130f18164f2ee90b100cc1ec5c0379a82,samples/mixed-2520-8-2048.json,,
a5c9b382cd9318d52df9cc48,,Qwen2.5-7B-Instruct,1,,mixed,2520,32,,1024,,unspecified,,,,,,,,,raw_pruned,False,1210c606499874a286056e7e1b6af84dc9e6d2ffc691d3aeb200596d6365c69c,sha256:0da4d3e4d430f404f59944ee32c33062882bbcbb95d465c522501a3a192994d9,,,/home/pdblend4/results/2026-09-21/pdblend-optimization/profile-v2-parallel/pair-67/raw.json,7f5d9b5e2e999bfe5cba1850ccaf47e130f18164f2ee90b100cc1ec5c0379a82,samples/mixed-2520-32-512.json,,
b7c10a9ed15d779a8bd28daf,,Qwen2.5-7B-Instruct,1,,mixed,2520,32,,1024,,unspecified,,,,,,,,,raw_pruned,False,1210c606499874a286056e7e1b6af84dc9e6d2ffc691d3aeb200596d6365c69c,sha256:0da4d3e4d430f404f59944ee32c33062882bbcbb95d465c522501a3a192994d9,,,/home/pdblend4/results/2026-09-21/pdblend-optimization/profile-v2-parallel/pair-67/raw.json,7f5d9b5e2e999bfe5cba1850ccaf47e130f18164f2ee90b100cc1ec5c0379a82,samples/mixed-2520-32-2048.json,,
62057bd1db6c7cc164dc0498,,Qwen2.5-7B-Instruct,1,,prefill,2100,,128,,,unspecified,,65,0.030904054641723633,,,230.30942489041314,,,raw_pruned,False,1210c606499874a286056e7e1b6af84dc9e6d2ffc691d3aeb200596d6365c69c,sha256:0da4d3e4d430f404f59944ee32c33062882bbcbb95d465c522501a3a192994d9,,,/home/pdblend4/results/2026-09-21/pdblend-optimization/profile-v2-parallel/pair-45/raw.json,4e305e1ae169469407d66735aa753557613dcd7f78ebfa17d3b3d5b95c25a344,,,
d0435524861c581da2cda469,,Qwen2.5-7B-Instruct,1,,prefill,2100,,512,,,unspecified,,25,0.08228325843811035,,,274.7608355185636,,,raw_pruned,False,1210c606499874a286056e7e1b6af84dc9e6d2ffc691d3aeb200596d6365c69c,sha256:0da4d3e4d430f404f59944ee32c33062882bbcbb95d465c522501a3a192994d9,,,/home/pdblend4/results/2026-09-21/pdblend-optimization/profile-v2-parallel/pair-45/raw.json,4e305e1ae169469407d66735aa753557613dcd7f78ebfa17d3b3d5b95c25a344,,,
ee0403d3c4cf2ad44b4cca8c,,Qwen2.5-7B-Instruct,1,,prefill,2100,,1024,,,unspecified,,13,0.15812206268310547,,,281.82238262445753,,,raw_pruned,False,1210c606499874a286056e7e1b6af84dc9e6d2ffc691d3aeb200596d6365c69c,sha256:0da4d3e4d430f404f59944ee32c33062882bbcbb95d465c522501a3a192994d9,,,/home/pdblend4/results/2026-09-21/pdblend-optimization/profile-v2-parallel/pair-45/raw.json,4e305e1ae169469407d66735aa753557613dcd7f78ebfa17d3b3d5b95c25a344,,,
c78941bb2329a1bc027b9ec6,,Qwen2.5-7B-Instruct,1,,prefill,2100,,2048,,,unspecified,,7,0.31091737747192383,,,275.09449995982345,,,raw_pruned,False,1210c606499874a286056e7e1b6af84dc9e6d2ffc691d3aeb200596d6365c69c,sha256:0da4d3e4d430f404f59944ee32c33062882bbcbb95d465c522501a3a192994d9,,,/home/pdblend4/results/2026-09-21/pdblend-optimization/profile-v2-parallel/pair-45/raw.json,4e305e1ae169469407d66735aa753557613dcd7f78ebfa17d3b3d5b95c25a344,,,
d4b2278a42503fa0521c7d85,,Qwen2.5-7B-Instruct,1,,prefill,2100,,4096,,,unspecified,,4,0.6362791061401367,,,268.2381529487175,,,raw_pruned,False,1210c606499874a286056e7e1b6af84dc9e6d2ffc691d3aeb200596d6365c69c,sha256:0da4d3e4d430f404f59944ee32c33062882bbcbb95d465c522501a3a192994d9,,,/home/pdblend4/results/2026-09-21/pdblend-optimization/profile-v2-parallel/pair-45/raw.json,4e305e1ae169469407d66735aa753557613dcd7f78ebfa17d3b3d5b95c25a344,,,
193c7d2922c38caa099d0a68,,Qwen2.5-7B-Instruct,1,,prefill,2100,,7168,,,unspecified,,3,1.1656713485717773,,,270.10663242951864,,,raw_pruned,False,1210c606499874a286056e7e1b6af84dc9e6d2ffc691d3aeb200596d6365c69c,sha256:0da4d3e4d430f404f59944ee32c33062882bbcbb95d465c522501a3a192994d9,,,/home/pdblend4/results/2026-09-21/pdblend-optimization/profile-v2-parallel/pair-45/raw.json,4e305e1ae169469407d66735aa753557613dcd7f78ebfa17d3b3d5b95c25a344,,,
bc22b6d3c6241464e2634997,,Qwen2.5-7B-Instruct,1,,decode,2100,1,,490.5,,unspecified,0,,,,0.0207550110164025,223.0819,,,raw_pruned,False,1210c606499874a286056e7e1b6af84dc9e6d2ffc691d3aeb200596d6365c69c,sha256:0da4d3e4d430f404f59944ee32c33062882bbcbb95d465c522501a3a192994d9,,,/home/pdblend4/results/2026-09-21/pdblend-optimization/profile-v2-parallel/pair-45/raw.json,4e305e1ae169469407d66735aa753557613dcd7f78ebfa17d3b3d5b95c25a344,samples/d-2100-256-1-r0.json,,
94ebd60ab911228906743ced,,Qwen2.5-7B-Instruct,1,,decode,2100,1,,490.0,,unspecified,1,,,,0.020664691925048828,223.09784,,,raw_pruned,False,1210c606499874a286056e7e1b6af84dc9e6d2ffc691d3aeb200596d6365c69c,sha256:0da4d3e4d430f404f59944ee32c33062882bbcbb95d465c522501a3a192994d9,,,/home/pdblend4/results/2026-09-21/pdblend-optimization/profile-v2-parallel/pair-45/raw.json,4e305e1ae169469407d66735aa753557613dcd7f78ebfa17d3b3d5b95c25a344,samples/d-2100-256-1-r1.json,,
814543c7702cfe965e41f652,,Qwen2.5-7B-Instruct,1,,decode,2100,1,,490.0,,unspecified,2,,,,0.020662592462271697,223.68380000000002,,,raw_pruned,False,1210c606499874a286056e7e1b6af84dc9e6d2ffc691d3aeb200596d6365c69c,sha256:0da4d3e4d430f404f59944ee32c33062882bbcbb95d465c522501a3a192994d9,,,/home/pdblend4/results/2026-09-21/pdblend-optimization/profile-v2-parallel/pair-45/raw.json,4e305e1ae169469407d66735aa753557613dcd7f78ebfa17d3b3d5b95c25a344,samples/d-2100-256-1-r2.json,,
0a35087b1af1b83b7bcd9e90,,Qwen2.5-7B-Instruct,1,,decode,2100,4,,475.75,,unspecified,0,,,,0.022224788665771485,208.46198,,,raw_pruned,False,1210c606499874a286056e7e1b6af84dc9e6d2ffc691d3aeb200596d6365c69c,sha256:0da4d3e4d430f404f59944ee32c33062882bbcbb95d465c522501a3a192994d9,,,/home/pdblend4/results/2026-09-21/pdblend-optimization/profile-v2-parallel/pair-45/raw.json,4e305e1ae169469407d66735aa753557613dcd7f78ebfa17d3b3d5b95c25a344,samples/d-2100-256-4-r0.json,,
a668951e5b25b035d1d522e6,,Qwen2.5-7B-Instruct,1,,decode,2100,4,,475.75,,unspecified,1,,,,0.02222523053487142,208.79838,,,raw_pruned,False,1210c606499874a286056e7e1b6af84dc9e6d2ffc691d3aeb200596d6365c69c,sha256:0da4d3e4d430f404f59944ee32c33062882bbcbb95d465c522501a3a192994d9,,,/home/pdblend4/results/2026-09-21/pdblend-optimization/profile-v2-parallel/pair-45/raw.json,4e305e1ae169469407d66735aa753557613dcd7f78ebfa17d3b3d5b95c25a344,samples/d-2100-256-4-r1.json,,
b4dfb912273346af9ab2ccd6,,Qwen2.5-7B-Instruct,1,,decode,2100,4,,475.75,,unspecified,2,,,,0.022225039800008138,209.25615000000002,,,raw_pruned,False,1210c606499874a286056e7e1b6af84dc9e6d2ffc691d3aeb200596d6365c69c,sha256:0da4d3e4d430f404f59944ee32c33062882bbcbb95d465c522501a3a192994d9,,,/home/pdblend4/results/2026-09-21/pdblend-optimization/profile-v2-parallel/pair-45/raw.json,4e305e1ae169469407d66735aa753557613dcd7f78ebfa17d3b3d5b95c25a344,samples/d-2100-256-4-r2.json,,
3cc8e8c7c0286d879c450b67,,Qwen2.5-7B-Instruct,1,,decode,2100,8,,471.625,,unspecified,0,,,,0.0226289319776302,214.00642,,,raw_pruned,False,1210c606499874a286056e7e1b6af84dc9e6d2ffc691d3aeb200596d6365c69c,sha256:0da4d3e4d430f404f59944ee32c33062882bbcbb95d465c522501a3a192994d9,,,/home/pdblend4/results/2026-09-21/pdblend-optimization/profile-v2-parallel/pair-45/raw.json,4e305e1ae169469407d66735aa753557613dcd7f78ebfa17d3b3d5b95c25a344,samples/d-2100-256-8-r0.json,,
0a5375d96b6df4d5eb38ad1f,,Qwen2.5-7B-Instruct,1,,decode,2100,8,,471.625,,unspecified,1,,,,0.02263014348923351,213.9946767676768,,,raw_pruned,False,1210c606499874a286056e7e1b6af84dc9e6d2ffc691d3aeb200596d6365c69c,sha256:0da4d3e4d430f404f59944ee32c33062882bbcbb95d465c522501a3a192994d9,,,/home/pdblend4/results/2026-09-21/pdblend-optimization/profile-v2-parallel/pair-45/raw.json,4e305e1ae169469407d66735aa753557613dcd7f78ebfa17d3b3d5b95c25a344,samples/d-2100-256-8-r1.json,,
4722fa5cac12503d4f1382a2,,Qwen2.5-7B-Instruct,1,,decode,2100,8,,472.125,,unspecified,2,,,,0.022731578350067137,213.88485,,,raw_pruned,False,1210c606499874a286056e7e1b6af84dc9e6d2ffc691d3aeb200596d6365c69c,sha256:0da4d3e4d430f404f59944ee32c33062882bbcbb95d465c522501a3a192994d9,,,/home/pdblend4/results/2026-09-21/pdblend-optimization/profile-v2-parallel/pair-45/raw.json,4e305e1ae169469407d66735aa753557613dcd7f78ebfa17d3b3d5b95c25a344,samples/d-2100-256-8-r2.json,,
ce809736be4e4f6c1a9582ad,,Qwen2.5-7B-Instruct,1,,decode,2100,16,,467.5625,,unspecified,0,,,,0.023258223644522732,221.25733,,,raw_pruned,False,1210c606499874a286056e7e1b6af84dc9e6d2ffc691d3aeb200596d6365c69c,sha256:0da4d3e4d430f404f59944ee32c33062882bbcbb95d465c522501a3a192994d9,,,/home/pdblend4/results/2026-09-21/pdblend-optimization/profile-v2-parallel/pair-45/raw.json,4e305e1ae169469407d66735aa753557613dcd7f78ebfa17d3b3d5b95c25a344,samples/d-2100-256-16-r0.json,,
3d1e7b07a9c2518e2d9a654d,,Qwen2.5-7B-Instruct,1,,decode,2100,16,,467.5625,,unspecified,1,,,,0.023257495081701943,221.60662,,,raw_pruned,False,1210c606499874a286056e7e1b6af84dc9e6d2ffc691d3aeb200596d6365c69c,sha256:0da4d3e4d430f404f59944ee32c33062882bbcbb95d465c522501a3a192994d9,,,/home/pdblend4/results/2026-09-21/pdblend-optimization/profile-v2-parallel/pair-45/raw.json,4e305e1ae169469407d66735aa753557613dcd7f78ebfa17d3b3d5b95c25a344,samples/d-2100-256-16-r1.json,,
53bd6e4a8c81755b4888eda1,,Qwen2.5-7B-Instruct,1,,decode,2100,16,,467.625,,unspecified,2,,,,0.023259627541830374,221.24468000000002,,,raw_pruned,False,1210c606499874a286056e7e1b6af84dc9e6d2ffc691d3aeb200596d6365c69c,sha256:0da4d3e4d430f404f59944ee32c33062882bbcbb95d465c522501a3a192994d9,,,/home/pdblend4/results/2026-09-21/pdblend-optimization/profile-v2-parallel/pair-45/raw.json,4e305e1ae169469407d66735aa753557613dcd7f78ebfa17d3b3d5b95c25a344,samples/d-2100-256-16-r2.json,,
2827fd844ef6d90baf59086d,,Qwen2.5-7B-Instruct,1,,decode,2100,32,,442.53125,,unspecified,0,,,,0.02674252081682338,226.73545,,,raw_pruned,False,1210c606499874a286056e7e1b6af84dc9e6d2ffc691d3aeb200596d6365c69c,sha256:0da4d3e4d430f404f59944ee32c33062882bbcbb95d465c522501a3a192994d9,,,/home/pdblend4/results/2026-09-21/pdblend-optimization/profile-v2-parallel/pair-45/raw.json,4e305e1ae169469407d66735aa753557613dcd7f78ebfa17d3b3d5b95c25a344,samples/d-2100-256-32-r0.json,,
02c83e795c55181b0b1ef181,,Qwen2.5-7B-Instruct,1,,decode,2100,32,,442.65625,,unspecified,1,,,,0.0267388552905404,226.52258,,,raw_pruned,False,1210c606499874a286056e7e1b6af84dc9e6d2ffc691d3aeb200596d6365c69c,sha256:0da4d3e4d430f404f59944ee32c33062882bbcbb95d465c522501a3a192994d9,,,/home/pdblend4/results/2026-09-21/pdblend-optimization/profile-v2-parallel/pair-45/raw.json,4e305e1ae169469407d66735aa753557613dcd7f78ebfa17d3b3d5b95c25a344,samples/d-2100-256-32-r1.json,,
59f41d1d072a8caac4f0fdca,,Qwen2.5-7B-Instruct,1,,decode,2100,32,,442.53125,,unspecified,2,,,,0.02674109413024576,225.73743,,,raw_pruned,False,1210c606499874a286056e7e1b6af84dc9e6d2ffc691d3aeb200596d6365c69c,sha256:0da4d3e4d430f404f59944ee32c33062882bbcbb95d465c522501a3a192994d9,,,/home/pdblend4/results/2026-09-21/pdblend-optimization/profile-v2-parallel/pair-45/raw.json,4e305e1ae169469407d66735aa753557613dcd7f78ebfa17d3b3d5b95c25a344,samples/d-2100-256-32-r2.json,,
1bb7e891aa5b22648a017fd6,,Qwen2.5-7B-Instruct,1,,decode,2100,64,,431.015625,,unspecified,0,,,,0.02890256788000206,239.64256,,,raw_pruned,False,1210c606499874a286056e7e1b6af84dc9e6d2ffc691d3aeb200596d6365c69c,sha256:0da4d3e4d430f404f59944ee32c33062882bbcbb95d465c522501a3a192994d9,,,/home/pdblend4/results/2026-09-21/pdblend-optimization/profile-v2-parallel/pair-45/raw.json,4e305e1ae169469407d66735aa753557613dcd7f78ebfa17d3b3d5b95c25a344,samples/d-2100-256-64-r0.json,,
91acf49a86a7970967368784,,Qwen2.5-7B-Instruct,1,,decode,2100,64,,431.03125,,unspecified,1,,,,0.028902602333553955,238.95078,,,raw_pruned,False,1210c606499874a286056e7e1b6af84dc9e6d2ffc691d3aeb200596d6365c69c,sha256:0da4d3e4d430f404f59944ee32c33062882bbcbb95d465c522501a3a192994d9,,,/home/pdblend4/results/2026-09-21/pdblend-optimization/profile-v2-parallel/pair-45/raw.json,4e305e1ae169469407d66735aa753557613dcd7f78ebfa17d3b3d5b95c25a344,samples/d-2100-256-64-r1.json,,
f49b6e88d3fc4988c17d9018,,Qwen2.5-7B-Instruct,1,,decode,2100,64,,431.515625,,unspecified,2,,,,0.02873869736989339,239.42901,,,raw_pruned,False,1210c606499874a286056e7e1b6af84dc9e6d2ffc691d3aeb200596d6365c69c,sha256:0da4d3e4d430f404f59944ee32c33062882bbcbb95d465c522501a3a192994d9,,,/home/pdblend4/results/2026-09-21/pdblend-optimization/profile-v2-parallel/pair-45/raw.json,4e305e1ae169469407d66735aa753557613dcd7f78ebfa17d3b3d5b95c25a344,samples/d-2100-256-64-r2.json,,
da55f150754321307177ba3f,,Qwen2.5-7B-Instruct,1,,decode,2100,128,,404.5078125,,unspecified,0,,,,0.035217612562045246,282.73676,,,raw_pruned,False,1210c606499874a286056e7e1b6af84dc9e6d2ffc691d3aeb200596d6365c69c,sha256:0da4d3e4d430f404f59944ee32c33062882bbcbb95d465c522501a3a192994d9,,,/home/pdblend4/results/2026-09-21/pdblend-optimization/profile-v2-parallel/pair-45/raw.json,4e305e1ae169469407d66735aa753557613dcd7f78ebfa17d3b3d5b95c25a344,samples/d-2100-256-128-r0.json,,
b9b5d3037562c122580714ff,,Qwen2.5-7B-Instruct,1,,decode,2100,128,,404.5078125,,unspecified,1,,,,0.03521820189247669,282.9591,,,raw_pruned,False,1210c606499874a286056e7e1b6af84dc9e6d2ffc691d3aeb200596d6365c69c,sha256:0da4d3e4d430f404f59944ee32c33062882bbcbb95d465c522501a3a192994d9,,,/home/pdblend4/results/2026-09-21/pdblend-optimization/profile-v2-parallel/pair-45/raw.json,4e305e1ae169469407d66735aa753557613dcd7f78ebfa17d3b3d5b95c25a344,samples/d-2100-256-128-r1.json,,
c54e6b9998bc01f9f02a2c47,,Qwen2.5-7B-Instruct,1,,decode,2100,128,,404.5078125,,unspecified,2,,,,0.03521785769664066,281.80904,,,raw_pruned,False,1210c606499874a286056e7e1b6af84dc9e6d2ffc691d3aeb200596d6365c69c,sha256:0da4d3e4d430f404f59944ee32c33062882bbcbb95d465c522501a3a192994d9,,,/home/pdblend4/results/2026-09-21/pdblend-optimization/profile-v2-parallel/pair-45/raw.json,4e305e1ae169469407d66735aa753557613dcd7f78ebfa17d3b3d5b95c25a344,samples/d-2100-256-128-r2.json,,
5832e411fb0367e315d9b257,,Qwen2.5-7B-Instruct,1,,decode,2100,256,,354.2734375,,unspecified,0,,,,0.058826452143052044,291.99326,,,raw_pruned,False,1210c606499874a286056e7e1b6af84dc9e6d2ffc691d3aeb200596d6365c69c,sha256:0da4d3e4d430f404f59944ee32c33062882bbcbb95d465c522501a3a192994d9,,,/home/pdblend4/results/2026-09-21/pdblend-optimization/profile-v2-parallel/pair-45/raw.json,4e305e1ae169469407d66735aa753557613dcd7f78ebfa17d3b3d5b95c25a344,samples/d-2100-256-256-r0.json,,
a2a428815c7325fd5151869e,,Qwen2.5-7B-Instruct,1,,decode,2100,256,,354.7265625,,unspecified,1,,,,0.05849423603704798,291.12668,,,raw_pruned,False,1210c606499874a286056e7e1b6af84dc9e6d2ffc691d3aeb200596d6365c69c,sha256:0da4d3e4d430f404f59944ee32c33062882bbcbb95d465c522501a3a192994d9,,,/home/pdblend4/results/2026-09-21/pdblend-optimization/profile-v2-parallel/pair-45/raw.json,4e305e1ae169469407d66735aa753557613dcd7f78ebfa17d3b3d5b95c25a344,samples/d-2100-256-256-r1.json,,
f4e7266136f1d36363e52314,,Qwen2.5-7B-Instruct,1,,decode,2100,256,,354.7265625,,unspecified,2,,,,0.05848321580050284,291.18831,,,raw_pruned,False,1210c606499874a286056e7e1b6af84dc9e6d2ffc691d3aeb200596d6365c69c,sha256:0da4d3e4d430f404f59944ee32c33062882bbcbb95d465c522501a3a192994d9,,,/home/pdblend4/results/2026-09-21/pdblend-optimization/profile-v2-parallel/pair-45/raw.json,4e305e1ae169469407d66735aa753557613dcd7f78ebfa17d3b3d5b95c25a344,samples/d-2100-256-256-r2.json,,
25fcf4f5045ad93b5a279fdd,,Qwen2.5-7B-Instruct,1,,decode,2100,1,,1258.0,,unspecified,0,,,,0.020661735337627822,227.47484,,,raw_pruned,False,1210c606499874a286056e7e1b6af84dc9e6d2ffc691d3aeb200596d6365c69c,sha256:0da4d3e4d430f404f59944ee32c33062882bbcbb95d465c522501a3a192994d9,,,/home/pdblend4/results/2026-09-21/pdblend-optimization/profile-v2-parallel/pair-45/raw.json,4e305e1ae169469407d66735aa753557613dcd7f78ebfa17d3b3d5b95c25a344,samples/d-2100-1024-1-r0.json,,
4cc5d1d9e8813d9c2bd4cbc2,,Qwen2.5-7B-Instruct,1,,decode,2100,1,,1257.5,,unspecified,1,,,,0.020752824688353478,226.7308,,,raw_pruned,False,1210c606499874a286056e7e1b6af84dc9e6d2ffc691d3aeb200596d6365c69c,sha256:0da4d3e4d430f404f59944ee32c33062882bbcbb95d465c522501a3a192994d9,,,/home/pdblend4/results/2026-09-21/pdblend-optimization/profile-v2-parallel/pair-45/raw.json,4e305e1ae169469407d66735aa753557613dcd7f78ebfa17d3b3d5b95c25a344,samples/d-2100-1024-1-r1.json,,
0051bbf5799076bc068ef921,,Qwen2.5-7B-Instruct,1,,decode,2100,1,,1257.5,,unspecified,2,,,,0.02074883191912006,226.38609,,,raw_pruned,False,1210c606499874a286056e7e1b6af84dc9e6d2ffc691d3aeb200596d6365c69c,sha256:0da4d3e4d430f404f59944ee32c33062882bbcbb95d465c522501a3a192994d9,,,/home/pdblend4/results/2026-09-21/pdblend-optimization/profile-v2-parallel/pair-45/raw.json,4e305e1ae169469407d66735aa753557613dcd7f78ebfa17d3b3d5b95c25a344,samples/d-2100-1024-1-r2.json,,
3f4528c1d9cdefb78fafcc67,,Qwen2.5-7B-Instruct,1,,decode,2100,4,,1240.25,,unspecified,0,,,,0.022529357188456767,211.16885,,,raw_pruned,False,1210c606499874a286056e7e1b6af84dc9e6d2ffc691d3aeb200596d6365c69c,sha256:0da4d3e4d430f404f59944ee32c33062882bbcbb95d465c522501a3a192994d9,,,/home/pdblend4/results/2026-09-21/pdblend-optimization/profile-v2-parallel/pair-45/raw.json,4e305e1ae169469407d66735aa753557613dcd7f78ebfa17d3b3d5b95c25a344,samples/d-2100-1024-4-r0.json,,
c190e61577fd9b2c2eaee82c,,Qwen2.5-7B-Instruct,1,,decode,2100,4,,1241.25,,unspecified,1,,,,0.022526541271725216,210.74443,,,raw_pruned,False,1210c606499874a286056e7e1b6af84dc9e6d2ffc691d3aeb200596d6365c69c,sha256:0da4d3e4d430f404f59944ee32c33062882bbcbb95d465c522501a3a192994d9,,,/home/pdblend4/results/2026-09-21/pdblend-optimization/profile-v2-parallel/pair-45/raw.json,4e305e1ae169469407d66735aa753557613dcd7f78ebfa17d3b3d5b95c25a344,samples/d-2100-1024-4-r1.json,,
f68260c4f9237bcf7b1e2d24,,Qwen2.5-7B-Instruct,1,,decode,2100,4,,1241.25,,unspecified,2,,,,0.02252448893882133,210.75767,,,raw_pruned,False,1210c606499874a286056e7e1b6af84dc9e6d2ffc691d3aeb200596d6365c69c,sha256:0da4d3e4d430f404f59944ee32c33062882bbcbb95d465c522501a3a192994d9,,,/home/pdblend4/results/2026-09-21/pdblend-optimization/profile-v2-parallel/pair-45/raw.json,4e305e1ae169469407d66735aa753557613dcd7f78ebfa17d3b3d5b95c25a344,samples/d-2100-1024-4-r2.json,,
2df8b792af075da5e4ab8296,,Qwen2.5-7B-Instruct,1,,decode,2100,8,,1236.125,,unspecified,0,,,,0.02315037669958892,215.33134,,,raw_pruned,False,1210c606499874a286056e7e1b6af84dc9e6d2ffc691d3aeb200596d6365c69c,sha256:0da4d3e4d430f404f59944ee32c33062882bbcbb95d465c522501a3a192994d9,,,/home/pdblend4/results/2026-09-21/pdblend-optimization/profile-v2-parallel/pair-45/raw.json,4e305e1ae169469407d66735aa753557613dcd7f78ebfa17d3b3d5b95c25a344,samples/d-2100-1024-8-r0.json,,
6b4ed802a16d2e20e25a1a36,,Qwen2.5-7B-Instruct,1,,decode,2100,8,,1235.75,,unspecified,1,,,,0.023260014556175053,215.49632000000003,,,raw_pruned,False,1210c606499874a286056e7e1b6af84dc9e6d2ffc691d3aeb200596d6365c69c,sha256:0da4d3e4d430f404f59944ee32c33062882bbcbb95d465c522501a3a192994d9,,,/home/pdblend4/results/2026-09-21/pdblend-optimization/profile-v2-parallel/pair-45/raw.json,4e305e1ae169469407d66735aa753557613dcd7f78ebfa17d3b3d5b95c25a344,samples/d-2100-1024-8-r1.json,,
64695c363d8cd537e9bb9082,,Qwen2.5-7B-Instruct,1,,decode,2100,8,,1236.125,,unspecified,2,,,,0.023152583175235324,215.92106,,,raw_pruned,False,1210c606499874a286056e7e1b6af84dc9e6d2ffc691d3aeb200596d6365c69c,sha256:0da4d3e4d430f404f59944ee32c33062882bbcbb95d465c522501a3a192994d9,,,/home/pdblend4/results/2026-09-21/pdblend-optimization/profile-v2-parallel/pair-45/raw.json,4e305e1ae169469407d66735aa753557613dcd7f78ebfa17d3b3d5b95c25a344,samples/d-2100-1024-8-r2.json,,
9e6ea647d00fab0e13fb5cc3,,Qwen2.5-7B-Instruct,1,,decode,2100,16,,1228.0625,,unspecified,0,,,,0.02415880719244768,222.87877,,,raw_pruned,False,1210c606499874a286056e7e1b6af84dc9e6d2ffc691d3aeb200596d6365c69c,sha256:0da4d3e4d430f404f59944ee32c33062882bbcbb95d465c522501a3a192994d9,,,/home/pdblend4/results/2026-09-21/pdblend-optimization/profile-v2-parallel/pair-45/raw.json,4e305e1ae169469407d66735aa753557613dcd7f78ebfa17d3b3d5b95c25a344,samples/d-2100-1024-16-r0.json,,
dd0fe520525ce2a74845d88a,,Qwen2.5-7B-Instruct,1,,decode,2100,16,,1228.0625,,unspecified,1,,,,0.02415557875149492,223.11944,,,raw_pruned,False,1210c606499874a286056e7e1b6af84dc9e6d2ffc691d3aeb200596d6365c69c,sha256:0da4d3e4d430f404f59944ee32c33062882bbcbb95d465c522501a3a192994d9,,,/home/pdblend4/results/2026-09-21/pdblend-optimization/profile-v2-parallel/pair-45/raw.json,4e305e1ae169469407d66735aa753557613dcd7f78ebfa17d3b3d5b95c25a344,samples/d-2100-1024-16-r1.json,,
66e1f20a809002c9d0793282,,Qwen2.5-7B-Instruct,1,,decode,2100,16,,1228.0625,,unspecified,2,,,,0.02415566513503807,222.8601,,,raw_pruned,False,1210c606499874a286056e7e1b6af84dc9e6d2ffc691d3aeb200596d6365c69c,sha256:0da4d3e4d430f404f59944ee32c33062882bbcbb95d465c522501a3a192994d9,,,/home/pdblend4/results/2026-09-21/pdblend-optimization/profile-v2-parallel/pair-45/raw.json,4e305e1ae169469407d66735aa753557613dcd7f78ebfa17d3b3d5b95c25a344,samples/d-2100-1024-16-r2.json,,
e4c1a9b7efa6ddd6639ccba1,,Qwen2.5-7B-Instruct,1,,decode,2100,32,,1199.53125,,unspecified,0,,,,0.02874124050140381,228.09468,,,raw_pruned,False,1210c606499874a286056e7e1b6af84dc9e6d2ffc691d3aeb200596d6365c69c,sha256:0da4d3e4d430f404f59944ee32c33062882bbcbb95d465c522501a3a192994d9,,,/home/pdblend4/results/2026-09-21/pdblend-optimization/profile-v2-parallel/pair-45/raw.json,4e305e1ae169469407d66735aa753557613dcd7f78ebfa17d3b3d5b95c25a344,samples/d-2100-1024-32-r0.json,,
24e3f48084209c58749f2c52,,Qwen2.5-7B-Instruct,1,,decode,2100,32,,1199.53125,,unspecified,1,,,,0.028740485509236652,226.58208,,,raw_pruned,False,1210c606499874a286056e7e1b6af84dc9e6d2ffc691d3aeb200596d6365c69c,sha256:0da4d3e4d430f404f59944ee32c33062882bbcbb95d465c522501a3a192994d9,,,/home/pdblend4/results/2026-09-21/pdblend-optimization/profile-v2-parallel/pair-45/raw.json,4e305e1ae169469407d66735aa753557613dcd7f78ebfa17d3b3d5b95c25a344,samples/d-2100-1024-32-r1.json,,
d57e147949a05d5f72dc90bb,,Qwen2.5-7B-Instruct,1,,decode,2100,32,,1199.53125,,unspecified,2,,,,0.028739470174942893,226.26039,,,raw_pruned,False,1210c606499874a286056e7e1b6af84dc9e6d2ffc691d3aeb200596d6365c69c,sha256:0da4d3e4d430f404f59944ee32c33062882bbcbb95d465c522501a3a192994d9,,,/home/pdblend4/results/2026-09-21/pdblend-optimization/profile-v2-parallel/pair-45/raw.json,4e305e1ae169469407d66735aa753557613dcd7f78ebfa17d3b3d5b95c25a344,samples/d-2100-1024-32-r2.json,,
b8bbcfabead5bf25becfb27e,,Qwen2.5-7B-Instruct,1,,decode,2100,64,,1182.515625,,unspecified,0,,,,0.032895640323036594,238.85898,,,raw_pruned,False,1210c606499874a286056e7e1b6af84dc9e6d2ffc691d3aeb200596d6365c69c,sha256:0da4d3e4d430f404f59944ee32c33062882bbcbb95d465c522501a3a192994d9,,,/home/pdblend4/results/2026-09-21/pdblend-optimization/profile-v2-parallel/pair-45/raw.json,4e305e1ae169469407d66735aa753557613dcd7f78ebfa17d3b3d5b95c25a344,samples/d-2100-1024-64-r0.json,,
9c0d46ab6046ab609501e021,,Qwen2.5-7B-Instruct,1,,decode,2100,64,,1182.515625,,unspecified,1,,,,0.032900209489621614,239.12031,,,raw_pruned,False,1210c606499874a286056e7e1b6af84dc9e6d2ffc691d3aeb200596d6365c69c,sha256:0da4d3e4d430f404f59944ee32c33062882bbcbb95d465c522501a3a192994d9,,,/home/pdblend4/results/2026-09-21/pdblend-optimization/profile-v2-parallel/pair-45/raw.json,4e305e1ae169469407d66735aa753557613dcd7f78ebfa17d3b3d5b95c25a344,samples/d-2100-1024-64-r1.json,,
4d5b106576c3c4e4a71b5e8f,,Qwen2.5-7B-Instruct,1,,decode,2100,64,,1182.515625,,unspecified,2,,,,0.03290639582433199,239.84902000000002,,,raw_pruned,False,1210c606499874a286056e7e1b6af84dc9e6d2ffc691d3aeb200596d6365c69c,sha256:0da4d3e4d430f404f59944ee32c33062882bbcbb95d465c522501a3a192994d9,,,/home/pdblend4/results/2026-09-21/pdblend-optimization/profile-v2-parallel/pair-45/raw.json,4e305e1ae169469407d66735aa753557613dcd7f78ebfa17d3b3d5b95c25a344,samples/d-2100-1024-64-r2.json,,
2b5df8ccfecdee5780027882,,Qwen2.5-7B-Instruct,1,,decode,2100,128,,1153.5078125,,unspecified,0,,,,0.04311057822457675,273.42242,,,raw_pruned,False,1210c606499874a286056e7e1b6af84dc9e6d2ffc691d3aeb200596d6365c69c,sha256:0da4d3e4d430f404f59944ee32c33062882bbcbb95d465c522501a3a192994d9,,,/home/pdblend4/results/2026-09-21/pdblend-optimization/profile-v2-parallel/pair-45/raw.json,4e305e1ae169469407d66735aa753557613dcd7f78ebfa17d3b3d5b95c25a344,samples/d-2100-1024-128-r0.json,,
d9a69f7fd7cedef987896d41,,Qwen2.5-7B-Instruct,1,,decode,2100,128,,1153.5078125,,unspecified,1,,,,0.04310460748343632,274.47128,,,raw_pruned,False,1210c606499874a286056e7e1b6af84dc9e6d2ffc691d3aeb200596d6365c69c,sha256:0da4d3e4d430f404f59944ee32c33062882bbcbb95d465c522501a3a192994d9,,,/home/pdblend4/results/2026-09-21/pdblend-optimization/profile-v2-parallel/pair-45/raw.json,4e305e1ae169469407d66735aa753557613dcd7f78ebfa17d3b3d5b95c25a344,samples/d-2100-1024-128-r1.json,,
1e5cec4e9fefb3448695ac4e,,Qwen2.5-7B-Instruct,1,,decode,2100,128,,1153.5078125,,unspecified,2,,,,0.04310678819130207,273.09174,,,raw_pruned,False,1210c606499874a286056e7e1b6af84dc9e6d2ffc691d3aeb200596d6365c69c,sha256:0da4d3e4d430f404f59944ee32c33062882bbcbb95d465c522501a3a192994d9,,,/home/pdblend4/results/2026-09-21/pdblend-optimization/profile-v2-parallel/pair-45/raw.json,4e305e1ae169469407d66735aa753557613dcd7f78ebfa17d3b3d5b95c25a344,samples/d-2100-1024-128-r2.json,,
8162bfde44aee2dabdb7a817,,Qwen2.5-7B-Instruct,1,,decode,2100,256,,1117.390625,,unspecified,0,,,,0.07576062101306337,277.93282,,,raw_pruned,False,1210c606499874a286056e7e1b6af84dc9e6d2ffc691d3aeb200596d6365c69c,sha256:0da4d3e4d430f404f59944ee32c33062882bbcbb95d465c522501a3a192994d9,,,/home/pdblend4/results/2026-09-21/pdblend-optimization/profile-v2-parallel/pair-45/raw.json,4e305e1ae169469407d66735aa753557613dcd7f78ebfa17d3b3d5b95c25a344,samples/d-2100-1024-256-r0.json,,
872c22b11ba7f5488f3d7ecf,,Qwen2.5-7B-Instruct,1,,decode,2100,256,,1116.89453125,,unspecified,1,,,,0.0746335129239666,280.75667999999996,,,raw_pruned,False,1210c606499874a286056e7e1b6af84dc9e6d2ffc691d3aeb200596d6365c69c,sha256:0da4d3e4d430f404f59944ee32c33062882bbcbb95d465c522501a3a192994d9,,,/home/pdblend4/results/2026-09-21/pdblend-optimization/profile-v2-parallel/pair-45/raw.json,4e305e1ae169469407d66735aa753557613dcd7f78ebfa17d3b3d5b95c25a344,samples/d-2100-1024-256-r1.json,,
443c5be709675de36389cc9f,,Qwen2.5-7B-Instruct,1,,decode,2100,256,,1117.390625,,unspecified,2,,,,0.07577090191118645,273.28422,,,raw_pruned,False,1210c606499874a286056e7e1b6af84dc9e6d2ffc691d3aeb200596d6365c69c,sha256:0da4d3e4d430f404f59944ee32c33062882bbcbb95d465c522501a3a192994d9,,,/home/pdblend4/results/2026-09-21/pdblend-optimization/profile-v2-parallel/pair-45/raw.json,4e305e1ae169469407d66735aa753557613dcd7f78ebfa17d3b3d5b95c25a344,samples/d-2100-1024-256-r2.json,,
99fc677b8a7fc8737695bdb0,,Qwen2.5-7B-Instruct,1,,decode,2100,1,,4325.0,,unspecified,0,,,,0.0211889521550324,225.31051,,,raw_pruned,False,1210c606499874a286056e7e1b6af84dc9e6d2ffc691d3aeb200596d6365c69c,sha256:0da4d3e4d430f404f59944ee32c33062882bbcbb95d465c522501a3a192994d9,,,/home/pdblend4/results/2026-09-21/pdblend-optimization/profile-v2-parallel/pair-45/raw.json,4e305e1ae169469407d66735aa753557613dcd7f78ebfa17d3b3d5b95c25a344,samples/d-2100-4096-1-r0.json,,
cb54b4817c8d838f260770a2,,Qwen2.5-7B-Instruct,1,,decode,2100,1,,4325.0,,unspecified,1,,,,0.021189602754883848,225.47686000000002,,,raw_pruned,False,1210c606499874a286056e7e1b6af84dc9e6d2ffc691d3aeb200596d6365c69c,sha256:0da4d3e4d430f404f59944ee32c33062882bbcbb95d465c522501a3a192994d9,,,/home/pdblend4/results/2026-09-21/pdblend-optimization/profile-v2-parallel/pair-45/raw.json,4e305e1ae169469407d66735aa753557613dcd7f78ebfa17d3b3d5b95c25a344,samples/d-2100-4096-1-r1.json,,
ce458c99c3ead0c2bf1acc45,,Qwen2.5-7B-Instruct,1,,decode,2100,1,,4325.0,,unspecified,2,,,,0.021188624834610245,225.01183838383838,,,raw_pruned,False,1210c606499874a286056e7e1b6af84dc9e6d2ffc691d3aeb200596d6365c69c,sha256:0da4d3e4d430f404f59944ee32c33062882bbcbb95d465c522501a3a192994d9,,,/home/pdblend4/results/2026-09-21/pdblend-optimization/profile-v2-parallel/pair-45/raw.json,4e305e1ae169469407d66735aa753557613dcd7f78ebfa17d3b3d5b95c25a344,samples/d-2100-4096-1-r2.json,,
1fa61675ce383d023ebd12d0,,Qwen2.5-7B-Instruct,1,,decode,2100,4,,4304.75,,unspecified,0,,,,0.023588439203658194,211.88433,,,raw_pruned,False,1210c606499874a286056e7e1b6af84dc9e6d2ffc691d3aeb200596d6365c69c,sha256:0da4d3e4d430f404f59944ee32c33062882bbcbb95d465c522501a3a192994d9,,,/home/pdblend4/results/2026-09-21/pdblend-optimization/profile-v2-parallel/pair-45/raw.json,4e305e1ae169469407d66735aa753557613dcd7f78ebfa17d3b3d5b95c25a344,samples/d-2100-4096-4-r0.json,,
7e800e40d673c81c103c9a81,,Qwen2.5-7B-Instruct,1,,decode,2100,4,,4304.75,,unspecified,1,,,,0.02358646887653279,211.20452,,,raw_pruned,False,1210c606499874a286056e7e1b6af84dc9e6d2ffc691d3aeb200596d6365c69c,sha256:0da4d3e4d430f404f59944ee32c33062882bbcbb95d465c522501a3a192994d9,,,/home/pdblend4/results/2026-09-21/pdblend-optimization/profile-v2-parallel/pair-45/raw.json,4e305e1ae169469407d66735aa753557613dcd7f78ebfa17d3b3d5b95c25a344,samples/d-2100-4096-4-r1.json,,
94fdde7e2424769a3db7d735,,Qwen2.5-7B-Instruct,1,,decode,2100,4,,4305.25,,unspecified,2,,,,0.02358905886704067,210.90478,,,raw_pruned,False,1210c606499874a286056e7e1b6af84dc9e6d2ffc691d3aeb200596d6365c69c,sha256:0da4d3e4d430f404f59944ee32c33062882bbcbb95d465c522501a3a192994d9,,,/home/pdblend4/results/2026-09-21/pdblend-optimization/profile-v2-parallel/pair-45/raw.json,4e305e1ae169469407d66735aa753557613dcd7f78ebfa17d3b3d5b95c25a344,samples/d-2100-4096-4-r2.json,,
ca0ea946fe01e1ac25a7d2e7,,Qwen2.5-7B-Instruct,1,,decode,2100,8,,4294.125,,unspecified,0,,,,0.025129291879471823,215.45666,,,raw_pruned,False,1210c606499874a286056e7e1b6af84dc9e6d2ffc691d3aeb200596d6365c69c,sha256:0da4d3e4d430f404f59944ee32c33062882bbcbb95d465c522501a3a192994d9,,,/home/pdblend4/results/2026-09-21/pdblend-optimization/profile-v2-parallel/pair-45/raw.json,4e305e1ae169469407d66735aa753557613dcd7f78ebfa17d3b3d5b95c25a344,samples/d-2100-4096-8-r0.json,,
b1b8a7241800112c12f07490,,Qwen2.5-7B-Instruct,1,,decode,2100,8,,4294.25,,unspecified,1,,,,0.02512919363664023,216.73568,,,raw_pruned,False,1210c606499874a286056e7e1b6af84dc9e6d2ffc691d3aeb200596d6365c69c,sha256:0da4d3e4d430f404f59944ee32c33062882bbcbb95d465c522501a3a192994d9,,,/home/pdblend4/results/2026-09-21/pdblend-optimization/profile-v2-parallel/pair-45/raw.json,4e305e1ae169469407d66735aa753557613dcd7f78ebfa17d3b3d5b95c25a344,samples/d-2100-4096-8-r1.json,,
89a89086eec3413d05ef7c97,,Qwen2.5-7B-Instruct,1,,decode,2100,8,,4294.625,,unspecified,2,,,,0.02512810338082625,215.61564646464646,,,raw_pruned,False,1210c606499874a286056e7e1b6af84dc9e6d2ffc691d3aeb200596d6365c69c,sha256:0da4d3e4d430f404f59944ee32c33062882bbcbb95d465c522501a3a192994d9,,,/home/pdblend4/results/2026-09-21/pdblend-optimization/profile-v2-parallel/pair-45/raw.json,4e305e1ae169469407d66735aa753557613dcd7f78ebfa17d3b3d5b95c25a344,samples/d-2100-4096-8-r2.json,,
4441b75e1be7c939844c2952,,Qwen2.5-7B-Instruct,1,,decode,2100,16,,4276.0625,,unspecified,0,,,,0.028252778080223643,223.63469,,,raw_pruned,False,1210c606499874a286056e7e1b6af84dc9e6d2ffc691d3aeb200596d6365c69c,sha256:0da4d3e4d430f404f59944ee32c33062882bbcbb95d465c522501a3a192994d9,,,/home/pdblend4/results/2026-09-21/pdblend-optimization/profile-v2-parallel/pair-45/raw.json,4e305e1ae169469407d66735aa753557613dcd7f78ebfa17d3b3d5b95c25a344,samples/d-2100-4096-16-r0.json,,
9a39afc7887c85b45d3494cb,,Qwen2.5-7B-Instruct,1,,decode,2100,16,,4276.0625,,unspecified,1,,,,0.028249332460306458,223.87572727272726,,,raw_pruned,False,1210c606499874a286056e7e1b6af84dc9e6d2ffc691d3aeb200596d6365c69c,sha256:0da4d3e4d430f404f59944ee32c33062882bbcbb95d465c522501a3a192994d9,,,/home/pdblend4/results/2026-09-21/pdblend-optimization/profile-v2-parallel/pair-45/raw.json,4e305e1ae169469407d66735aa753557613dcd7f78ebfa17d3b3d5b95c25a344,samples/d-2100-4096-16-r1.json,,
6e8c802ef8815916015ba5f0,,Qwen2.5-7B-Instruct,1,,decode,2100,16,,4276.125,,unspecified,2,,,,0.02824997363117455,223.61119,,,raw_pruned,False,1210c606499874a286056e7e1b6af84dc9e6d2ffc691d3aeb200596d6365c69c,sha256:0da4d3e4d430f404f59944ee32c33062882bbcbb95d465c522501a3a192994d9,,,/home/pdblend4/results/2026-09-21/pdblend-optimization/profile-v2-parallel/pair-45/raw.json,4e305e1ae169469407d66735aa753557613dcd7f78ebfa17d3b3d5b95c25a344,samples/d-2100-4096-16-r2.json,,
c6c61e9509c4623318d3d2df,,Qwen2.5-7B-Instruct,1,,decode,2100,32,,4243.53125,,unspecified,0,,,,0.036770198275061214,228.58088,,,raw_pruned,False,1210c606499874a286056e7e1b6af84dc9e6d2ffc691d3aeb200596d6365c69c,sha256:0da4d3e4d430f404f59944ee32c33062882bbcbb95d465c522501a3a192994d9,,,/home/pdblend4/results/2026-09-21/pdblend-optimization/profile-v2-parallel/pair-45/raw.json,4e305e1ae169469407d66735aa753557613dcd7f78ebfa17d3b3d5b95c25a344,samples/d-2100-4096-32-r0.json,,
c34b37bd9d1a8a86922ecbc7,,Qwen2.5-7B-Instruct,1,,decode,2100,32,,4243.53125,,unspecified,1,,,,0.03650173827679488,229.00717,,,raw_pruned,False,1210c606499874a286056e7e1b6af84dc9e6d2ffc691d3aeb200596d6365c69c,sha256:0da4d3e4d430f404f59944ee32c33062882bbcbb95d465c522501a3a192994d9,,,/home/pdblend4/results/2026-09-21/pdblend-optimization/profile-v2-parallel/pair-45/raw.json,4e305e1ae169469407d66735aa753557613dcd7f78ebfa17d3b3d5b95c25a344,samples/d-2100-4096-32-r1.json,,
ff0212070b711da311a51ec1,,Qwen2.5-7B-Instruct,1,,decode,2100,32,,4243.53125,,unspecified,2,,,,0.036768248852561504,228.65352,,,raw_pruned,False,1210c606499874a286056e7e1b6af84dc9e6d2ffc691d3aeb200596d6365c69c,sha256:0da4d3e4d430f404f59944ee32c33062882bbcbb95d465c522501a3a192994d9,,,/home/pdblend4/results/2026-09-21/pdblend-optimization/profile-v2-parallel/pair-45/raw.json,4e305e1ae169469407d66735aa753557613dcd7f78ebfa17d3b3d5b95c25a344,samples/d-2100-4096-32-r2.json,,
0a6efa920bcc8fdaf2757cbc,,Qwen2.5-7B-Instruct,1,,decode,2100,64,,4221.015625,,unspecified,0,,,,0.048546605897181246,240.50984,,,raw_pruned,False,1210c606499874a286056e7e1b6af84dc9e6d2ffc691d3aeb200596d6365c69c,sha256:0da4d3e4d430f404f59944ee32c33062882bbcbb95d465c522501a3a192994d9,,,/home/pdblend4/results/2026-09-21/pdblend-optimization/profile-v2-parallel/pair-45/raw.json,4e305e1ae169469407d66735aa753557613dcd7f78ebfa17d3b3d5b95c25a344,samples/d-2100-4096-64-r0.json,,
cff92ebca5da123c92c2583f,,Qwen2.5-7B-Instruct,1,,decode,2100,64,,4221.015625,,unspecified,1,,,,0.048554188996842766,241.94267,,,raw_pruned,False,1210c606499874a286056e7e1b6af84dc9e6d2ffc691d3aeb200596d6365c69c,sha256:0da4d3e4d430f404f59944ee32c33062882bbcbb95d465c522501a3a192994d9,,,/home/pdblend4/results/2026-09-21/pdblend-optimization/profile-v2-parallel/pair-45/raw.json,4e305e1ae169469407d66735aa753557613dcd7f78ebfa17d3b3d5b95c25a344,samples/d-2100-4096-64-r1.json,,
894e91d2878cdb19a9168602,,Qwen2.5-7B-Instruct,1,,decode,2100,64,,4221.015625,,unspecified,2,,,,0.048545612872225564,241.79514,,,raw_pruned,False,1210c606499874a286056e7e1b6af84dc9e6d2ffc691d3aeb200596d6365c69c,sha256:0da4d3e4d430f404f59944ee32c33062882bbcbb95d465c522501a3a192994d9,,,/home/pdblend4/results/2026-09-21/pdblend-optimization/profile-v2-parallel/pair-45/raw.json,4e305e1ae169469407d66735aa753557613dcd7f78ebfa17d3b3d5b95c25a344,samples/d-2100-4096-64-r2.json,,
349ab8e128fdd952e2384efb,,Qwen2.5-7B-Instruct,1,,mixed,2100,8,,1024,,unspecified,,,,,,,,,raw_pruned,False,1210c606499874a286056e7e1b6af84dc9e6d2ffc691d3aeb200596d6365c69c,sha256:0da4d3e4d430f404f59944ee32c33062882bbcbb95d465c522501a3a192994d9,,,/home/pdblend4/results/2026-09-21/pdblend-optimization/profile-v2-parallel/pair-45/raw.json,4e305e1ae169469407d66735aa753557613dcd7f78ebfa17d3b3d5b95c25a344,samples/mixed-2100-8-512.json,,
08d324320beb207ffa3ed8c9,,Qwen2.5-7B-Instruct,1,,mixed,2100,8,,1024,,unspecified,,,,,,,,,raw_pruned,False,1210c606499874a286056e7e1b6af84dc9e6d2ffc691d3aeb200596d6365c69c,sha256:0da4d3e4d430f404f59944ee32c33062882bbcbb95d465c522501a3a192994d9,,,/home/pdblend4/results/2026-09-21/pdblend-optimization/profile-v2-parallel/pair-45/raw.json,4e305e1ae169469407d66735aa753557613dcd7f78ebfa17d3b3d5b95c25a344,samples/mixed-2100-8-2048.json,,
e80846594affbd0073ceb3a2,,Qwen2.5-7B-Instruct,1,,mixed,2100,32,,1024,,unspecified,,,,,,,,,raw_pruned,False,1210c606499874a286056e7e1b6af84dc9e6d2ffc691d3aeb200596d6365c69c,sha256:0da4d3e4d430f404f59944ee32c33062882bbcbb95d465c522501a3a192994d9,,,/home/pdblend4/results/2026-09-21/pdblend-optimization/profile-v2-parallel/pair-45/raw.json,4e305e1ae169469407d66735aa753557613dcd7f78ebfa17d3b3d5b95c25a344,samples/mixed-2100-32-512.json,,
1758816bad05dda98de653b7,,Qwen2.5-7B-Instruct,1,,mixed,2100,32,,1024,,unspecified,,,,,,,,,raw_pruned,False,1210c606499874a286056e7e1b6af84dc9e6d2ffc691d3aeb200596d6365c69c,sha256:0da4d3e4d430f404f59944ee32c33062882bbcbb95d465c522501a3a192994d9,,,/home/pdblend4/results/2026-09-21/pdblend-optimization/profile-v2-parallel/pair-45/raw.json,4e305e1ae169469407d66735aa753557613dcd7f78ebfa17d3b3d5b95c25a344,samples/mixed-2100-32-2048.json,,
46e6096694ac8b6b88565cf6,,Qwen2.5-7B-Instruct,1,,prefill,1500,,128,,,unspecified,,58,0.03421461582183838,,,215.39279357660345,,,raw_pruned,False,1210c606499874a286056e7e1b6af84dc9e6d2ffc691d3aeb200596d6365c69c,sha256:0da4d3e4d430f404f59944ee32c33062882bbcbb95d465c522501a3a192994d9,,,/home/pdblend4/results/2026-09-21/pdblend-optimization/profile-v2-parallel/pair-23/raw.json,dafe24d8c855cf3acb6aa855ddb213f6e6f6aaf4da30a7dbedb8bb0d26e60003,,,
e25cc9c3f0bb7cf89b64df34,,Qwen2.5-7B-Instruct,1,,prefill,1500,,512,,,unspecified,,19,0.1103363037109375,,,237.46982892371088,,,raw_pruned,False,1210c606499874a286056e7e1b6af84dc9e6d2ffc691d3aeb200596d6365c69c,sha256:0da4d3e4d430f404f59944ee32c33062882bbcbb95d465c522501a3a192994d9,,,/home/pdblend4/results/2026-09-21/pdblend-optimization/profile-v2-parallel/pair-23/raw.json,dafe24d8c855cf3acb6aa855ddb213f6e6f6aaf4da30a7dbedb8bb0d26e60003,,,
4e4770d659899b9b8621fdba,,Qwen2.5-7B-Instruct,1,,prefill,1500,,1024,,,unspecified,,10,0.21532785892486572,,,228.9760761190748,,,raw_pruned,False,1210c606499874a286056e7e1b6af84dc9e6d2ffc691d3aeb200596d6365c69c,sha256:0da4d3e4d430f404f59944ee32c33062882bbcbb95d465c522501a3a192994d9,,,/home/pdblend4/results/2026-09-21/pdblend-optimization/profile-v2-parallel/pair-23/raw.json,dafe24d8c855cf3acb6aa855ddb213f6e6f6aaf4da30a7dbedb8bb0d26e60003,,,
e6eecd41703429097c59584a,,Qwen2.5-7B-Instruct,1,,prefill,1500,,2048,,,unspecified,,5,0.42669034004211426,,,216.18003154362114,,,raw_pruned,False,1210c606499874a286056e7e1b6af84dc9e6d2ffc691d3aeb200596d6365c69c,sha256:0da4d3e4d430f404f59944ee32c33062882bbcbb95d465c522501a3a192994d9,,,/home/pdblend4/results/2026-09-21/pdblend-optimization/profile-v2-parallel/pair-23/raw.json,dafe24d8c855cf3acb6aa855ddb213f6e6f6aaf4da30a7dbedb8bb0d26e60003,,,
7415d5685fbad02d2064380e,,Qwen2.5-7B-Instruct,1,,prefill,1500,,4096,,,unspecified,,3,0.8739161491394043,,,211.06654969579054,,,raw_pruned,False,1210c606499874a286056e7e1b6af84dc9e6d2ffc691d3aeb200596d6365c69c,sha256:0da4d3e4d430f404f59944ee32c33062882bbcbb95d465c522501a3a192994d9,,,/home/pdblend4/results/2026-09-21/pdblend-optimization/profile-v2-parallel/pair-23/raw.json,dafe24d8c855cf3acb6aa855ddb213f6e6f6aaf4da30a7dbedb8bb0d26e60003,,,
c83383f8d00ec8a6ac98c06e,,Qwen2.5-7B-Instruct,1,,prefill,1500,,7168,,,unspecified,,3,1.60298752784729,,,211.05012615896968,,,raw_pruned,False,1210c606499874a286056e7e1b6af84dc9e6d2ffc691d3aeb200596d6365c69c,sha256:0da4d3e4d430f404f59944ee32c33062882bbcbb95d465c522501a3a192994d9,,,/home/pdblend4/results/2026-09-21/pdblend-optimization/profile-v2-parallel/pair-23/raw.json,dafe24d8c855cf3acb6aa855ddb213f6e6f6aaf4da30a7dbedb8bb0d26e60003,,,
093df18bebc0ea436f955fe8,,Qwen2.5-7B-Instruct,1,,prefill,1800,,128,,,unspecified,,65,0.0309293270111084,,,244.22062517724623,,,raw_pruned,False,1210c606499874a286056e7e1b6af84dc9e6d2ffc691d3aeb200596d6365c69c,sha256:0da4d3e4d430f404f59944ee32c33062882bbcbb95d465c522501a3a192994d9,,,/home/pdblend4/results/2026-09-21/pdblend-optimization/profile-v2-parallel/pair-23/raw.json,dafe24d8c855cf3acb6aa855ddb213f6e6f6aaf4da30a7dbedb8bb0d26e60003,,,
131f8edccecccf7af66b7371,,Qwen2.5-7B-Instruct,1,,prefill,1800,,512,,,unspecified,,22,0.0935666561126709,,,262.0359643668217,,,raw_pruned,False,1210c606499874a286056e7e1b6af84dc9e6d2ffc691d3aeb200596d6365c69c,sha256:0da4d3e4d430f404f59944ee32c33062882bbcbb95d465c522501a3a192994d9,,,/home/pdblend4/results/2026-09-21/pdblend-optimization/profile-v2-parallel/pair-23/raw.json,dafe24d8c855cf3acb6aa855ddb213f6e6f6aaf4da30a7dbedb8bb0d26e60003,,,
323dc3bb8a53d44760efe533,,Qwen2.5-7B-Instruct,1,,prefill,1800,,1024,,,unspecified,,11,0.1819601058959961,,,257.9818936143522,,,raw_pruned,False,1210c606499874a286056e7e1b6af84dc9e6d2ffc691d3aeb200596d6365c69c,sha256:0da4d3e4d430f404f59944ee32c33062882bbcbb95d465c522501a3a192994d9,,,/home/pdblend4/results/2026-09-21/pdblend-optimization/profile-v2-parallel/pair-23/raw.json,dafe24d8c855cf3acb6aa855ddb213f6e6f6aaf4da30a7dbedb8bb0d26e60003,,,
40402b3bfbea7edf8e8d1fa2,,Qwen2.5-7B-Instruct,1,,prefill,1800,,2048,,,unspecified,,6,0.35841166973114014,,,246.59448240136,,,raw_pruned,False,1210c606499874a286056e7e1b6af84dc9e6d2ffc691d3aeb200596d6365c69c,sha256:0da4d3e4d430f404f59944ee32c33062882bbcbb95d465c522501a3a192994d9,,,/home/pdblend4/results/2026-09-21/pdblend-optimization/profile-v2-parallel/pair-23/raw.json,dafe24d8c855cf3acb6aa855ddb213f6e6f6aaf4da30a7dbedb8bb0d26e60003,,,
4aadc5637e0cac8e4a06d6d4,,Qwen2.5-7B-Instruct,1,,prefill,1800,,4096,,,unspecified,,3,0.7348883152008057,,,239.10756674352376,,,raw_pruned,False,1210c606499874a286056e7e1b6af84dc9e6d2ffc691d3aeb200596d6365c69c,sha256:0da4d3e4d430f404f59944ee32c33062882bbcbb95d465c522501a3a192994d9,,,/home/pdblend4/results/2026-09-21/pdblend-optimization/profile-v2-parallel/pair-23/raw.json,dafe24d8c855cf3acb6aa855ddb213f6e6f6aaf4da30a7dbedb8bb0d26e60003,,,
2dc744a90ebc49677553231a,,Qwen2.5-7B-Instruct,1,,prefill,1800,,7168,,,unspecified,,3,1.3471691608428955,,,244.42945284859348,,,raw_pruned,False,1210c606499874a286056e7e1b6af84dc9e6d2ffc691d3aeb200596d6365c69c,sha256:0da4d3e4d430f404f59944ee32c33062882bbcbb95d465c522501a3a192994d9,,,/home/pdblend4/results/2026-09-21/pdblend-optimization/profile-v2-parallel/pair-23/raw.json,dafe24d8c855cf3acb6aa855ddb213f6e6f6aaf4da30a7dbedb8bb0d26e60003,,,
466b02ced175709d30032f82,,Qwen2.5-7B-Instruct,1,,decode,1500,1,,486.5,,unspecified,0,,,,0.02109919821662742,214.65448,,,raw_pruned,False,1210c606499874a286056e7e1b6af84dc9e6d2ffc691d3aeb200596d6365c69c,sha256:0da4d3e4d430f404f59944ee32c33062882bbcbb95d465c522501a3a192994d9,,,/home/pdblend4/results/2026-09-21/pdblend-optimization/profile-v2-parallel/pair-23/raw.json,dafe24d8c855cf3acb6aa855ddb213f6e6f6aaf4da30a7dbedb8bb0d26e60003,samples/d-1500-256-1-r0.json,,
f3ef83c45a6c869fcef72742,,Qwen2.5-7B-Instruct,1,,decode,1500,1,,487.0,,unspecified,1,,,,0.02100960647358614,215.04593,,,raw_pruned,False,1210c606499874a286056e7e1b6af84dc9e6d2ffc691d3aeb200596d6365c69c,sha256:0da4d3e4d430f404f59944ee32c33062882bbcbb95d465c522501a3a192994d9,,,/home/pdblend4/results/2026-09-21/pdblend-optimization/profile-v2-parallel/pair-23/raw.json,dafe24d8c855cf3acb6aa855ddb213f6e6f6aaf4da30a7dbedb8bb0d26e60003,samples/d-1500-256-1-r1.json,,
bd843165fad8d6b6587bca7c,,Qwen2.5-7B-Instruct,1,,decode,1500,1,,487.0,,unspecified,2,,,,0.021009474241433023,215.99732,,,raw_pruned,False,1210c606499874a286056e7e1b6af84dc9e6d2ffc691d3aeb200596d6365c69c,sha256:0da4d3e4d430f404f59944ee32c33062882bbcbb95d465c522501a3a192994d9,,,/home/pdblend4/results/2026-09-21/pdblend-optimization/profile-v2-parallel/pair-23/raw.json,dafe24d8c855cf3acb6aa855ddb213f6e6f6aaf4da30a7dbedb8bb0d26e60003,samples/d-1500-256-1-r2.json,,
2de3bc4e8b9f6b21acac8207,,Qwen2.5-7B-Instruct,1,,decode,1500,4,,469.75,,unspecified,0,,,,0.02283174588800021,200.71784,,,raw_pruned,False,1210c606499874a286056e7e1b6af84dc9e6d2ffc691d3aeb200596d6365c69c,sha256:0da4d3e4d430f404f59944ee32c33062882bbcbb95d465c522501a3a192994d9,,,/home/pdblend4/results/2026-09-21/pdblend-optimization/profile-v2-parallel/pair-23/raw.json,dafe24d8c855cf3acb6aa855ddb213f6e6f6aaf4da30a7dbedb8bb0d26e60003,samples/d-1500-256-4-r0.json,,
4bbd8ed05d641d472a709309,,Qwen2.5-7B-Instruct,1,,decode,1500,4,,469.75,,unspecified,1,,,,0.02283497052649929,200.05095,,,raw_pruned,False,1210c606499874a286056e7e1b6af84dc9e6d2ffc691d3aeb200596d6365c69c,sha256:0da4d3e4d430f404f59944ee32c33062882bbcbb95d465c522501a3a192994d9,,,/home/pdblend4/results/2026-09-21/pdblend-optimization/profile-v2-parallel/pair-23/raw.json,dafe24d8c855cf3acb6aa855ddb213f6e6f6aaf4da30a7dbedb8bb0d26e60003,samples/d-1500-256-4-r1.json,,
ad1e12cb725f9d053b0aaa0b,,Qwen2.5-7B-Instruct,1,,decode,1500,4,,469.75,,unspecified,2,,,,0.02283440877313483,199.85824,,,raw_pruned,False,1210c606499874a286056e7e1b6af84dc9e6d2ffc691d3aeb200596d6365c69c,sha256:0da4d3e4d430f404f59944ee32c33062882bbcbb95d465c522501a3a192994d9,,,/home/pdblend4/results/2026-09-21/pdblend-optimization/profile-v2-parallel/pair-23/raw.json,dafe24d8c855cf3acb6aa855ddb213f6e6f6aaf4da30a7dbedb8bb0d26e60003,samples/d-1500-256-4-r2.json,,
0bec200fb745cc11b86cd995,,Qwen2.5-7B-Instruct,1,,decode,1500,8,,465.625,,unspecified,0,,,,0.023478321066484766,202.76032999999998,,,raw_pruned,False,1210c606499874a286056e7e1b6af84dc9e6d2ffc691d3aeb200596d6365c69c,sha256:0da4d3e4d430f404f59944ee32c33062882bbcbb95d465c522501a3a192994d9,,,/home/pdblend4/results/2026-09-21/pdblend-optimization/profile-v2-parallel/pair-23/raw.json,dafe24d8c855cf3acb6aa855ddb213f6e6f6aaf4da30a7dbedb8bb0d26e60003,samples/d-1500-256-8-r0.json,,
c8d5c4bf92f1401ee229888c,,Qwen2.5-7B-Instruct,1,,decode,1500,8,,465.125,,unspecified,1,,,,0.023368265027197722,202.69983,,,raw_pruned,False,1210c606499874a286056e7e1b6af84dc9e6d2ffc691d3aeb200596d6365c69c,sha256:0da4d3e4d430f404f59944ee32c33062882bbcbb95d465c522501a3a192994d9,,,/home/pdblend4/results/2026-09-21/pdblend-optimization/profile-v2-parallel/pair-23/raw.json,dafe24d8c855cf3acb6aa855ddb213f6e6f6aaf4da30a7dbedb8bb0d26e60003,samples/d-1500-256-8-r1.json,,
c53a5ae6b1abd8fdea26d22d,,Qwen2.5-7B-Instruct,1,,decode,1500,8,,465.625,,unspecified,2,,,,0.023475638017967832,202.82178,,,raw_pruned,False,1210c606499874a286056e7e1b6af84dc9e6d2ffc691d3aeb200596d6365c69c,sha256:0da4d3e4d430f404f59944ee32c33062882bbcbb95d465c522501a3a192994d9,,,/home/pdblend4/results/2026-09-21/pdblend-optimization/profile-v2-parallel/pair-23/raw.json,dafe24d8c855cf3acb6aa855ddb213f6e6f6aaf4da30a7dbedb8bb0d26e60003,samples/d-1500-256-8-r2.json,,
b50667ddd433bdd1f9f6d168,,Qwen2.5-7B-Instruct,1,,decode,1500,16,,461.5625,,unspecified,0,,,,0.023927407971979897,209.32173999999998,,,raw_pruned,False,1210c606499874a286056e7e1b6af84dc9e6d2ffc691d3aeb200596d6365c69c,sha256:0da4d3e4d430f404f59944ee32c33062882bbcbb95d465c522501a3a192994d9,,,/home/pdblend4/results/2026-09-21/pdblend-optimization/profile-v2-parallel/pair-23/raw.json,dafe24d8c855cf3acb6aa855ddb213f6e6f6aaf4da30a7dbedb8bb0d26e60003,samples/d-1500-256-16-r0.json,,
a2ada5ac9a33ab3ffec0242c,,Qwen2.5-7B-Instruct,1,,decode,1500,16,,461.5625,,unspecified,1,,,,0.023925093372472735,209.72550999999999,,,raw_pruned,False,1210c606499874a286056e7e1b6af84dc9e6d2ffc691d3aeb200596d6365c69c,sha256:0da4d3e4d430f404f59944ee32c33062882bbcbb95d465c522501a3a192994d9,,,/home/pdblend4/results/2026-09-21/pdblend-optimization/profile-v2-parallel/pair-23/raw.json,dafe24d8c855cf3acb6aa855ddb213f6e6f6aaf4da30a7dbedb8bb0d26e60003,samples/d-1500-256-16-r1.json,,
163808cc8e58026ec9c5daf1,,Qwen2.5-7B-Instruct,1,,decode,1500,16,,461.5625,,unspecified,2,,,,0.023925727634338673,209.44834343434343,,,raw_pruned,False,1210c606499874a286056e7e1b6af84dc9e6d2ffc691d3aeb200596d6365c69c,sha256:0da4d3e4d430f404f59944ee32c33062882bbcbb95d465c522501a3a192994d9,,,/home/pdblend4/results/2026-09-21/pdblend-optimization/profile-v2-parallel/pair-23/raw.json,dafe24d8c855cf3acb6aa855ddb213f6e6f6aaf4da30a7dbedb8bb0d26e60003,samples/d-1500-256-16-r2.json,,
a4ab7668ec688910e77c49da,,Qwen2.5-7B-Instruct,1,,decode,1500,32,,437.03125,,unspecified,0,,,,0.027778942055172392,213.89803,,,raw_pruned,False,1210c606499874a286056e7e1b6af84dc9e6d2ffc691d3aeb200596d6365c69c,sha256:0da4d3e4d430f404f59944ee32c33062882bbcbb95d465c522501a3a192994d9,,,/home/pdblend4/results/2026-09-21/pdblend-optimization/profile-v2-parallel/pair-23/raw.json,dafe24d8c855cf3acb6aa855ddb213f6e6f6aaf4da30a7dbedb8bb0d26e60003,samples/d-1500-256-32-r0.json,,
5de72bfb970e81d5aca293d6,,Qwen2.5-7B-Instruct,1,,decode,1500,32,,436.546875,,unspecified,1,,,,0.027632590815507247,212.99848999999998,,,raw_pruned,False,1210c606499874a286056e7e1b6af84dc9e6d2ffc691d3aeb200596d6365c69c,sha256:0da4d3e4d430f404f59944ee32c33062882bbcbb95d465c522501a3a192994d9,,,/home/pdblend4/results/2026-09-21/pdblend-optimization/profile-v2-parallel/pair-23/raw.json,dafe24d8c855cf3acb6aa855ddb213f6e6f6aaf4da30a7dbedb8bb0d26e60003,samples/d-1500-256-32-r1.json,,
5f9baea6782f08d621a21baa,,Qwen2.5-7B-Instruct,1,,decode,1500,32,,437.03125,,unspecified,2,,,,0.027783350149790446,212.5005,,,raw_pruned,False,1210c606499874a286056e7e1b6af84dc9e6d2ffc691d3aeb200596d6365c69c,sha256:0da4d3e4d430f404f59944ee32c33062882bbcbb95d465c522501a3a192994d9,,,/home/pdblend4/results/2026-09-21/pdblend-optimization/profile-v2-parallel/pair-23/raw.json,dafe24d8c855cf3acb6aa855ddb213f6e6f6aaf4da30a7dbedb8bb0d26e60003,samples/d-1500-256-32-r2.json,,
0d9fdf388dc47994a3c2bf1d,,Qwen2.5-7B-Instruct,1,,decode,1500,64,,413.015625,,unspecified,0,,,,0.02958663257621449,218.3323,,,raw_pruned,False,1210c606499874a286056e7e1b6af84dc9e6d2ffc691d3aeb200596d6365c69c,sha256:0da4d3e4d430f404f59944ee32c33062882bbcbb95d465c522501a3a192994d9,,,/home/pdblend4/results/2026-09-21/pdblend-optimization/profile-v2-parallel/pair-23/raw.json,dafe24d8c855cf3acb6aa855ddb213f6e6f6aaf4da30a7dbedb8bb0d26e60003,samples/d-1500-256-64-r0.json,,
16f7d2313816919760af65b7,,Qwen2.5-7B-Instruct,1,,decode,1500,64,,426.015625,,unspecified,1,,,,0.029592288316354243,225.72923,,,raw_pruned,False,1210c606499874a286056e7e1b6af84dc9e6d2ffc691d3aeb200596d6365c69c,sha256:0da4d3e4d430f404f59944ee32c33062882bbcbb95d465c522501a3a192994d9,,,/home/pdblend4/results/2026-09-21/pdblend-optimization/profile-v2-parallel/pair-23/raw.json,dafe24d8c855cf3acb6aa855ddb213f6e6f6aaf4da30a7dbedb8bb0d26e60003,samples/d-1500-256-64-r1.json,,
df99fda3b30b8203baf2fe35,,Qwen2.5-7B-Instruct,1,,decode,1500,64,,426.515625,,unspecified,2,,,,0.029765861374991282,225.34384000000003,,,raw_pruned,False,1210c606499874a286056e7e1b6af84dc9e6d2ffc691d3aeb200596d6365c69c,sha256:0da4d3e4d430f404f59944ee32c33062882bbcbb95d465c522501a3a192994d9,,,/home/pdblend4/results/2026-09-21/pdblend-optimization/profile-v2-parallel/pair-23/raw.json,dafe24d8c855cf3acb6aa855ddb213f6e6f6aaf4da30a7dbedb8bb0d26e60003,samples/d-1500-256-64-r2.json,,
bdfd36cbe83699e29aad237b,,Qwen2.5-7B-Instruct,1,,decode,1500,128,,390.0078125,,unspecified,0,,,,0.03937112064812127,250.96151999999998,,,raw_pruned,False,1210c606499874a286056e7e1b6af84dc9e6d2ffc691d3aeb200596d6365c69c,sha256:0da4d3e4d430f404f59944ee32c33062882bbcbb95d465c522501a3a192994d9,,,/home/pdblend4/results/2026-09-21/pdblend-optimization/profile-v2-parallel/pair-23/raw.json,dafe24d8c855cf3acb6aa855ddb213f6e6f6aaf4da30a7dbedb8bb0d26e60003,samples/d-1500-256-128-r0.json,,
4625e99b494c7d64b9b5350c,,Qwen2.5-7B-Instruct,1,,decode,1500,128,,390.0078125,,unspecified,1,,,,0.03937864866782361,253.11012,,,raw_pruned,False,1210c606499874a286056e7e1b6af84dc9e6d2ffc691d3aeb200596d6365c69c,sha256:0da4d3e4d430f404f59944ee32c33062882bbcbb95d465c522501a3a192994d9,,,/home/pdblend4/results/2026-09-21/pdblend-optimization/profile-v2-parallel/pair-23/raw.json,dafe24d8c855cf3acb6aa855ddb213f6e6f6aaf4da30a7dbedb8bb0d26e60003,samples/d-1500-256-128-r1.json,,
a9571ffeccea1b996dbfe325,,Qwen2.5-7B-Instruct,1,,decode,1500,128,,390.0078125,,unspecified,2,,,,0.03937786770617868,251.199,,,raw_pruned,False,1210c606499874a286056e7e1b6af84dc9e6d2ffc691d3aeb200596d6365c69c,sha256:0da4d3e4d430f404f59944ee32c33062882bbcbb95d465c522501a3a192994d9,,,/home/pdblend4/results/2026-09-21/pdblend-optimization/profile-v2-parallel/pair-23/raw.json,dafe24d8c855cf3acb6aa855ddb213f6e6f6aaf4da30a7dbedb8bb0d26e60003,samples/d-1500-256-128-r2.json,,
48c3bd30855669fbd663cedb,,Qwen2.5-7B-Instruct,1,,decode,1500,256,,338.0546875,,unspecified,0,,,,0.07463705005930431,239.75844,,,raw_pruned,False,1210c606499874a286056e7e1b6af84dc9e6d2ffc691d3aeb200596d6365c69c,sha256:0da4d3e4d430f404f59944ee32c33062882bbcbb95d465c522501a3a192994d9,,,/home/pdblend4/results/2026-09-21/pdblend-optimization/profile-v2-parallel/pair-23/raw.json,dafe24d8c855cf3acb6aa855ddb213f6e6f6aaf4da30a7dbedb8bb0d26e60003,samples/d-1500-256-256-r0.json,,
b8feb6a2480869e073dc8221,,Qwen2.5-7B-Instruct,1,,decode,1500,256,,337.9765625,,unspecified,1,,,,0.07463418191938258,241.17648,,,raw_pruned,False,1210c606499874a286056e7e1b6af84dc9e6d2ffc691d3aeb200596d6365c69c,sha256:0da4d3e4d430f404f59944ee32c33062882bbcbb95d465c522501a3a192994d9,,,/home/pdblend4/results/2026-09-21/pdblend-optimization/profile-v2-parallel/pair-23/raw.json,dafe24d8c855cf3acb6aa855ddb213f6e6f6aaf4da30a7dbedb8bb0d26e60003,samples/d-1500-256-256-r1.json,,
30c28d5dcfc19278ae6a1584,,Qwen2.5-7B-Instruct,1,,decode,1500,256,,337.9765625,,unspecified,2,,,,0.07463739523247107,240.33896000000001,,,raw_pruned,False,1210c606499874a286056e7e1b6af84dc9e6d2ffc691d3aeb200596d6365c69c,sha256:0da4d3e4d430f404f59944ee32c33062882bbcbb95d465c522501a3a192994d9,,,/home/pdblend4/results/2026-09-21/pdblend-optimization/profile-v2-parallel/pair-23/raw.json,dafe24d8c855cf3acb6aa855ddb213f6e6f6aaf4da30a7dbedb8bb0d26e60003,samples/d-1500-256-256-r2.json,,
9087e2a3bda43ca3d673ebb4,,Qwen2.5-7B-Instruct,1,,decode,1500,1,,1254.0,,unspecified,0,,,,0.021191721245393914,215.09441999999999,,,raw_pruned,False,1210c606499874a286056e7e1b6af84dc9e6d2ffc691d3aeb200596d6365c69c,sha256:0da4d3e4d430f404f59944ee32c33062882bbcbb95d465c522501a3a192994d9,,,/home/pdblend4/results/2026-09-21/pdblend-optimization/profile-v2-parallel/pair-23/raw.json,dafe24d8c855cf3acb6aa855ddb213f6e6f6aaf4da30a7dbedb8bb0d26e60003,samples/d-1500-1024-1-r0.json,,
00f636b07fa9096d7ec15d97,,Qwen2.5-7B-Instruct,1,,decode,1500,1,,1254.0,,unspecified,1,,,,0.021189020851911124,214.64458,,,raw_pruned,False,1210c606499874a286056e7e1b6af84dc9e6d2ffc691d3aeb200596d6365c69c,sha256:0da4d3e4d430f404f59944ee32c33062882bbcbb95d465c522501a3a192994d9,,,/home/pdblend4/results/2026-09-21/pdblend-optimization/profile-v2-parallel/pair-23/raw.json,dafe24d8c855cf3acb6aa855ddb213f6e6f6aaf4da30a7dbedb8bb0d26e60003,samples/d-1500-1024-1-r1.json,,
d52b52cac38034f6c446e699,,Qwen2.5-7B-Instruct,1,,decode,1500,1,,1254.0,,unspecified,2,,,,0.02118998967995078,215.29213,,,raw_pruned,False,1210c606499874a286056e7e1b6af84dc9e6d2ffc691d3aeb200596d6365c69c,sha256:0da4d3e4d430f404f59944ee32c33062882bbcbb95d465c522501a3a192994d9,,,/home/pdblend4/results/2026-09-21/pdblend-optimization/profile-v2-parallel/pair-23/raw.json,dafe24d8c855cf3acb6aa855ddb213f6e6f6aaf4da30a7dbedb8bb0d26e60003,samples/d-1500-1024-1-r2.json,,
7edffbe5e95dd17636dca536,,Qwen2.5-7B-Instruct,1,,decode,1500,4,,1233.75,,unspecified,0,,,,0.02325957653134368,199.55540000000002,,,raw_pruned,False,1210c606499874a286056e7e1b6af84dc9e6d2ffc691d3aeb200596d6365c69c,sha256:0da4d3e4d430f404f59944ee32c33062882bbcbb95d465c522501a3a192994d9,,,/home/pdblend4/results/2026-09-21/pdblend-optimization/profile-v2-parallel/pair-23/raw.json,dafe24d8c855cf3acb6aa855ddb213f6e6f6aaf4da30a7dbedb8bb0d26e60003,samples/d-1500-1024-4-r0.json,,
dbba2e452cc2ad5cf741fe93,,Qwen2.5-7B-Instruct,1,,decode,1500,4,,1234.25,,unspecified,1,,,,0.023370712717002796,198.55432000000002,,,raw_pruned,False,1210c606499874a286056e7e1b6af84dc9e6d2ffc691d3aeb200596d6365c69c,sha256:0da4d3e4d430f404f59944ee32c33062882bbcbb95d465c522501a3a192994d9,,,/home/pdblend4/results/2026-09-21/pdblend-optimization/profile-v2-parallel/pair-23/raw.json,dafe24d8c855cf3acb6aa855ddb213f6e6f6aaf4da30a7dbedb8bb0d26e60003,samples/d-1500-1024-4-r1.json,,
9684a8d2f273b11642a53092,,Qwen2.5-7B-Instruct,1,,decode,1500,4,,1234.25,,unspecified,2,,,,0.023369815862067392,198.10285,,,raw_pruned,False,1210c606499874a286056e7e1b6af84dc9e6d2ffc691d3aeb200596d6365c69c,sha256:0da4d3e4d430f404f59944ee32c33062882bbcbb95d465c522501a3a192994d9,,,/home/pdblend4/results/2026-09-21/pdblend-optimization/profile-v2-parallel/pair-23/raw.json,dafe24d8c855cf3acb6aa855ddb213f6e6f6aaf4da30a7dbedb8bb0d26e60003,samples/d-1500-1024-4-r2.json,,
378bb4fc2e2fab05240ecdaf,,Qwen2.5-7B-Instruct,1,,decode,1500,8,,1229.125,,unspecified,0,,,,0.02404042505300962,202.00635999999997,,,raw_pruned,False,1210c606499874a286056e7e1b6af84dc9e6d2ffc691d3aeb200596d6365c69c,sha256:0da4d3e4d430f404f59944ee32c33062882bbcbb95d465c522501a3a192994d9,,,/home/pdblend4/results/2026-09-21/pdblend-optimization/profile-v2-parallel/pair-23/raw.json,dafe24d8c855cf3acb6aa855ddb213f6e6f6aaf4da30a7dbedb8bb0d26e60003,samples/d-1500-1024-8-r0.json,,
68d9649c55c32e5f8613b712,,Qwen2.5-7B-Instruct,1,,decode,1500,8,,1229.125,,unspecified,1,,,,0.024039325805810783,201.96567,,,raw_pruned,False,1210c606499874a286056e7e1b6af84dc9e6d2ffc691d3aeb200596d6365c69c,sha256:0da4d3e4d430f404f59944ee32c33062882bbcbb95d465c522501a3a192994d9,,,/home/pdblend4/results/2026-09-21/pdblend-optimization/profile-v2-parallel/pair-23/raw.json,dafe24d8c855cf3acb6aa855ddb213f6e6f6aaf4da30a7dbedb8bb0d26e60003,samples/d-1500-1024-8-r1.json,,
5f63295d29be42d574be8b0e,,Qwen2.5-7B-Instruct,1,,decode,1500,8,,1229.125,,unspecified,2,,,,0.024040225606698256,201.72209999999998,,,raw_pruned,False,1210c606499874a286056e7e1b6af84dc9e6d2ffc691d3aeb200596d6365c69c,sha256:0da4d3e4d430f404f59944ee32c33062882bbcbb95d465c522501a3a192994d9,,,/home/pdblend4/results/2026-09-21/pdblend-optimization/profile-v2-parallel/pair-23/raw.json,dafe24d8c855cf3acb6aa855ddb213f6e6f6aaf4da30a7dbedb8bb0d26e60003,samples/d-1500-1024-8-r2.json,,
da19dbb93a4a256c74f58d90,,Qwen2.5-7B-Instruct,1,,decode,1500,16,,1221.5625,,unspecified,0,,,,0.025001524686813353,209.07963,,,raw_pruned,False,1210c606499874a286056e7e1b6af84dc9e6d2ffc691d3aeb200596d6365c69c,sha256:0da4d3e4d430f404f59944ee32c33062882bbcbb95d465c522501a3a192994d9,,,/home/pdblend4/results/2026-09-21/pdblend-optimization/profile-v2-parallel/pair-23/raw.json,dafe24d8c855cf3acb6aa855ddb213f6e6f6aaf4da30a7dbedb8bb0d26e60003,samples/d-1500-1024-16-r0.json,,
c729aa195a96c6e0aa3cbf4a,,Qwen2.5-7B-Instruct,1,,decode,1500,16,,1221.6875,,unspecified,1,,,,0.025005167722702025,208.11058,,,raw_pruned,False,1210c606499874a286056e7e1b6af84dc9e6d2ffc691d3aeb200596d6365c69c,sha256:0da4d3e4d430f404f59944ee32c33062882bbcbb95d465c522501a3a192994d9,,,/home/pdblend4/results/2026-09-21/pdblend-optimization/profile-v2-parallel/pair-23/raw.json,dafe24d8c855cf3acb6aa855ddb213f6e6f6aaf4da30a7dbedb8bb0d26e60003,samples/d-1500-1024-16-r1.json,,
5ba5c8255409279247482b39,,Qwen2.5-7B-Instruct,1,,decode,1500,16,,1221.5625,,unspecified,2,,,,0.02500662922859192,208.79258000000002,,,raw_pruned,False,1210c606499874a286056e7e1b6af84dc9e6d2ffc691d3aeb200596d6365c69c,sha256:0da4d3e4d430f404f59944ee32c33062882bbcbb95d465c522501a3a192994d9,,,/home/pdblend4/results/2026-09-21/pdblend-optimization/profile-v2-parallel/pair-23/raw.json,dafe24d8c855cf3acb6aa855ddb213f6e6f6aaf4da30a7dbedb8bb0d26e60003,samples/d-1500-1024-16-r2.json,,
5098640ae00c5d53d7637203,,Qwen2.5-7B-Instruct,1,,decode,1500,32,,1194.03125,,unspecified,0,,,,0.02958660012871556,212.80764,,,raw_pruned,False,1210c606499874a286056e7e1b6af84dc9e6d2ffc691d3aeb200596d6365c69c,sha256:0da4d3e4d430f404f59944ee32c33062882bbcbb95d465c522501a3a192994d9,,,/home/pdblend4/results/2026-09-21/pdblend-optimization/profile-v2-parallel/pair-23/raw.json,dafe24d8c855cf3acb6aa855ddb213f6e6f6aaf4da30a7dbedb8bb0d26e60003,samples/d-1500-1024-32-r0.json,,
fed840ccdad4bbae4b0661f1,,Qwen2.5-7B-Instruct,1,,decode,1500,32,,1194.53125,,unspecified,1,,,,0.02976477004232861,213.00101999999998,,,raw_pruned,False,1210c606499874a286056e7e1b6af84dc9e6d2ffc691d3aeb200596d6365c69c,sha256:0da4d3e4d430f404f59944ee32c33062882bbcbb95d465c522501a3a192994d9,,,/home/pdblend4/results/2026-09-21/pdblend-optimization/profile-v2-parallel/pair-23/raw.json,dafe24d8c855cf3acb6aa855ddb213f6e6f6aaf4da30a7dbedb8bb0d26e60003,samples/d-1500-1024-32-r1.json,,
6e4407ce60efd386e02333b8,,Qwen2.5-7B-Instruct,1,,decode,1500,32,,1193.53125,,unspecified,2,,,,0.029767699184871856,212.86649,,,raw_pruned,False,1210c606499874a286056e7e1b6af84dc9e6d2ffc691d3aeb200596d6365c69c,sha256:0da4d3e4d430f404f59944ee32c33062882bbcbb95d465c522501a3a192994d9,,,/home/pdblend4/results/2026-09-21/pdblend-optimization/profile-v2-parallel/pair-23/raw.json,dafe24d8c855cf3acb6aa855ddb213f6e6f6aaf4da30a7dbedb8bb0d26e60003,samples/d-1500-1024-32-r2.json,,
db95de9785be56ba121ef517,,Qwen2.5-7B-Instruct,1,,decode,1500,64,,1179.015625,,unspecified,0,,,,0.033559186346578916,228.56866,,,raw_pruned,False,1210c606499874a286056e7e1b6af84dc9e6d2ffc691d3aeb200596d6365c69c,sha256:0da4d3e4d430f404f59944ee32c33062882bbcbb95d465c522501a3a192994d9,,,/home/pdblend4/results/2026-09-21/pdblend-optimization/profile-v2-parallel/pair-23/raw.json,dafe24d8c855cf3acb6aa855ddb213f6e6f6aaf4da30a7dbedb8bb0d26e60003,samples/d-1500-1024-64-r0.json,,
780d89ca627595abc5f847e3,,Qwen2.5-7B-Instruct,1,,decode,1500,64,,1179.015625,,unspecified,1,,,,0.03356215617800719,223.313,,,raw_pruned,False,1210c606499874a286056e7e1b6af84dc9e6d2ffc691d3aeb200596d6365c69c,sha256:0da4d3e4d430f404f59944ee32c33062882bbcbb95d465c522501a3a192994d9,,,/home/pdblend4/results/2026-09-21/pdblend-optimization/profile-v2-parallel/pair-23/raw.json,dafe24d8c855cf3acb6aa855ddb213f6e6f6aaf4da30a7dbedb8bb0d26e60003,samples/d-1500-1024-64-r1.json,,
a5f31f4d0d8a2ca69ab8e593,,Qwen2.5-7B-Instruct,1,,decode,1500,64,,1179.015625,,unspecified,2,,,,0.03356671813350396,226.53032,,,raw_pruned,False,1210c606499874a286056e7e1b6af84dc9e6d2ffc691d3aeb200596d6365c69c,sha256:0da4d3e4d430f404f59944ee32c33062882bbcbb95d465c522501a3a192994d9,,,/home/pdblend4/results/2026-09-21/pdblend-optimization/profile-v2-parallel/pair-23/raw.json,dafe24d8c855cf3acb6aa855ddb213f6e6f6aaf4da30a7dbedb8bb0d26e60003,samples/d-1500-1024-64-r2.json,,
560669dd6c30ab5e948fedf5,,Qwen2.5-7B-Instruct,1,,decode,1500,128,,1143.0078125,,unspecified,0,,,,0.04762450853983561,247.11181,,,raw_pruned,False,1210c606499874a286056e7e1b6af84dc9e6d2ffc691d3aeb200596d6365c69c,sha256:0da4d3e4d430f404f59944ee32c33062882bbcbb95d465c522501a3a192994d9,,,/home/pdblend4/results/2026-09-21/pdblend-optimization/profile-v2-parallel/pair-23/raw.json,dafe24d8c855cf3acb6aa855ddb213f6e6f6aaf4da30a7dbedb8bb0d26e60003,samples/d-1500-1024-128-r0.json,,
a78fe90d4725a3e944ab0e8d,,Qwen2.5-7B-Instruct,1,,decode,1500,128,,1144.2578125,,unspecified,1,,,,0.04762460163661412,247.77093000000002,,,raw_pruned,False,1210c606499874a286056e7e1b6af84dc9e6d2ffc691d3aeb200596d6365c69c,sha256:0da4d3e4d430f404f59944ee32c33062882bbcbb95d465c522501a3a192994d9,,,/home/pdblend4/results/2026-09-21/pdblend-optimization/profile-v2-parallel/pair-23/raw.json,dafe24d8c855cf3acb6aa855ddb213f6e6f6aaf4da30a7dbedb8bb0d26e60003,samples/d-1500-1024-128-r1.json,,
e656e16e77864739ccd1d8f6,,Qwen2.5-7B-Instruct,1,,decode,1500,128,,1143.0078125,,unspecified,2,,,,0.047621979032244,247.35269,,,raw_pruned,False,1210c606499874a286056e7e1b6af84dc9e6d2ffc691d3aeb200596d6365c69c,sha256:0da4d3e4d430f404f59944ee32c33062882bbcbb95d465c522501a3a192994d9,,,/home/pdblend4/results/2026-09-21/pdblend-optimization/profile-v2-parallel/pair-23/raw.json,dafe24d8c855cf3acb6aa855ddb213f6e6f6aaf4da30a7dbedb8bb0d26e60003,samples/d-1500-1024-128-r2.json,,
a14fb1d6bbdbc5e54d5ebc82,,Qwen2.5-7B-Instruct,1,,decode,1500,256,,1106.390625,,unspecified,0,,,,0.09260830172786007,236.26757,,,raw_pruned,False,1210c606499874a286056e7e1b6af84dc9e6d2ffc691d3aeb200596d6365c69c,sha256:0da4d3e4d430f404f59944ee32c33062882bbcbb95d465c522501a3a192994d9,,,/home/pdblend4/results/2026-09-21/pdblend-optimization/profile-v2-parallel/pair-23/raw.json,dafe24d8c855cf3acb6aa855ddb213f6e6f6aaf4da30a7dbedb8bb0d26e60003,samples/d-1500-1024-256-r0.json,,
c4f31b00e333ac02e2a64590,,Qwen2.5-7B-Instruct,1,,decode,1500,256,,1106.390625,,unspecified,1,,,,0.09259747134314643,236.36297,,,raw_pruned,False,1210c606499874a286056e7e1b6af84dc9e6d2ffc691d3aeb200596d6365c69c,sha256:0da4d3e4d430f404f59944ee32c33062882bbcbb95d465c522501a3a192994d9,,,/home/pdblend4/results/2026-09-21/pdblend-optimization/profile-v2-parallel/pair-23/raw.json,dafe24d8c855cf3acb6aa855ddb213f6e6f6aaf4da30a7dbedb8bb0d26e60003,samples/d-1500-1024-256-r1.json,,
86ebf3b15ea5732094d30ca2,,Qwen2.5-7B-Instruct,1,,decode,1500,256,,1106.390625,,unspecified,2,,,,0.09260265032450359,236.21799,,,raw_pruned,False,1210c606499874a286056e7e1b6af84dc9e6d2ffc691d3aeb200596d6365c69c,sha256:0da4d3e4d430f404f59944ee32c33062882bbcbb95d465c522501a3a192994d9,,,/home/pdblend4/results/2026-09-21/pdblend-optimization/profile-v2-parallel/pair-23/raw.json,dafe24d8c855cf3acb6aa855ddb213f6e6f6aaf4da30a7dbedb8bb0d26e60003,samples/d-1500-1024-256-r2.json,,
70ac5a7ed22f2f458722636e,,Qwen2.5-7B-Instruct,1,,decode,1500,1,,4320.5,,unspecified,0,,,,0.021646649290472914,211.98174,,,raw_pruned,False,1210c606499874a286056e7e1b6af84dc9e6d2ffc691d3aeb200596d6365c69c,sha256:0da4d3e4d430f404f59944ee32c33062882bbcbb95d465c522501a3a192994d9,,,/home/pdblend4/results/2026-09-21/pdblend-optimization/profile-v2-parallel/pair-23/raw.json,dafe24d8c855cf3acb6aa855ddb213f6e6f6aaf4da30a7dbedb8bb0d26e60003,samples/d-1500-4096-1-r0.json,,
66fad2a5a70ecbaad1609c2a,,Qwen2.5-7B-Instruct,1,,decode,1500,1,,4320.5,,unspecified,1,,,,0.021647183926074537,211.60013999999998,,,raw_pruned,False,1210c606499874a286056e7e1b6af84dc9e6d2ffc691d3aeb200596d6365c69c,sha256:0da4d3e4d430f404f59944ee32c33062882bbcbb95d465c522501a3a192994d9,,,/home/pdblend4/results/2026-09-21/pdblend-optimization/profile-v2-parallel/pair-23/raw.json,dafe24d8c855cf3acb6aa855ddb213f6e6f6aaf4da30a7dbedb8bb0d26e60003,samples/d-1500-4096-1-r1.json,,
418611b8e7ec695d29ad3edd,,Qwen2.5-7B-Instruct,1,,decode,1500,1,,4320.5,,unspecified,2,,,,0.02165147236415318,211.19338,,,raw_pruned,False,1210c606499874a286056e7e1b6af84dc9e6d2ffc691d3aeb200596d6365c69c,sha256:0da4d3e4d430f404f59944ee32c33062882bbcbb95d465c522501a3a192994d9,,,/home/pdblend4/results/2026-09-21/pdblend-optimization/profile-v2-parallel/pair-23/raw.json,dafe24d8c855cf3acb6aa855ddb213f6e6f6aaf4da30a7dbedb8bb0d26e60003,samples/d-1500-4096-1-r2.json,,
ff98278ed51d0ffbf51a4eca,,Qwen2.5-7B-Instruct,1,,decode,1500,4,,4297.75,,unspecified,0,,,,0.024514034682629155,197.83604,,,raw_pruned,False,1210c606499874a286056e7e1b6af84dc9e6d2ffc691d3aeb200596d6365c69c,sha256:0da4d3e4d430f404f59944ee32c33062882bbcbb95d465c522501a3a192994d9,,,/home/pdblend4/results/2026-09-21/pdblend-optimization/profile-v2-parallel/pair-23/raw.json,dafe24d8c855cf3acb6aa855ddb213f6e6f6aaf4da30a7dbedb8bb0d26e60003,samples/d-1500-4096-4-r0.json,,
b058ff953ff22165c73ec535,,Qwen2.5-7B-Instruct,1,,decode,1500,4,,4297.75,,unspecified,1,,,,0.0245136677050123,197.92145,,,raw_pruned,False,1210c606499874a286056e7e1b6af84dc9e6d2ffc691d3aeb200596d6365c69c,sha256:0da4d3e4d430f404f59944ee32c33062882bbcbb95d465c522501a3a192994d9,,,/home/pdblend4/results/2026-09-21/pdblend-optimization/profile-v2-parallel/pair-23/raw.json,dafe24d8c855cf3acb6aa855ddb213f6e6f6aaf4da30a7dbedb8bb0d26e60003,samples/d-1500-4096-4-r1.json,,
31dacc5ca45bfff41a4f9ae3,,Qwen2.5-7B-Instruct,1,,decode,1500,4,,4297.75,,unspecified,2,,,,0.02451489018458946,197.65061000000003,,,raw_pruned,False,1210c606499874a286056e7e1b6af84dc9e6d2ffc691d3aeb200596d6365c69c,sha256:0da4d3e4d430f404f59944ee32c33062882bbcbb95d465c522501a3a192994d9,,,/home/pdblend4/results/2026-09-21/pdblend-optimization/profile-v2-parallel/pair-23/raw.json,dafe24d8c855cf3acb6aa855ddb213f6e6f6aaf4da30a7dbedb8bb0d26e60003,samples/d-1500-4096-4-r2.json,,
57676f65993455fc9d27f75f,,Qwen2.5-7B-Instruct,1,,decode,1500,8,,4288.125,,unspecified,0,,,,0.026046584049860638,203.05707999999998,,,raw_pruned,False,1210c606499874a286056e7e1b6af84dc9e6d2ffc691d3aeb200596d6365c69c,sha256:0da4d3e4d430f404f59944ee32c33062882bbcbb95d465c522501a3a192994d9,,,/home/pdblend4/results/2026-09-21/pdblend-optimization/profile-v2-parallel/pair-23/raw.json,dafe24d8c855cf3acb6aa855ddb213f6e6f6aaf4da30a7dbedb8bb0d26e60003,samples/d-1500-4096-8-r0.json,,
91c2915664a28ab91a285922,,Qwen2.5-7B-Instruct,1,,decode,1500,8,,4288.125,,unspecified,1,,,,0.026049626370271046,202.79038,,,raw_pruned,False,1210c606499874a286056e7e1b6af84dc9e6d2ffc691d3aeb200596d6365c69c,sha256:0da4d3e4d430f404f59944ee32c33062882bbcbb95d465c522501a3a192994d9,,,/home/pdblend4/results/2026-09-21/pdblend-optimization/profile-v2-parallel/pair-23/raw.json,dafe24d8c855cf3acb6aa855ddb213f6e6f6aaf4da30a7dbedb8bb0d26e60003,samples/d-1500-4096-8-r1.json,,
9163aa455ced23b6f070fa40,,Qwen2.5-7B-Instruct,1,,decode,1500,8,,4287.625,,unspecified,2,,,,0.0260466771821181,202.52389,,,raw_pruned,False,1210c606499874a286056e7e1b6af84dc9e6d2ffc691d3aeb200596d6365c69c,sha256:0da4d3e4d430f404f59944ee32c33062882bbcbb95d465c522501a3a192994d9,,,/home/pdblend4/results/2026-09-21/pdblend-optimization/profile-v2-parallel/pair-23/raw.json,dafe24d8c855cf3acb6aa855ddb213f6e6f6aaf4da30a7dbedb8bb0d26e60003,samples/d-1500-4096-8-r2.json,,
cd7f3dfe0181d808f37f6f7b,,Qwen2.5-7B-Instruct,1,,decode,1500,16,,4271.0625,,unspecified,0,,,,0.02924343717028523,209.50856,,,raw_pruned,False,1210c606499874a286056e7e1b6af84dc9e6d2ffc691d3aeb200596d6365c69c,sha256:0da4d3e4d430f404f59944ee32c33062882bbcbb95d465c522501a3a192994d9,,,/home/pdblend4/results/2026-09-21/pdblend-optimization/profile-v2-parallel/pair-23/raw.json,dafe24d8c855cf3acb6aa855ddb213f6e6f6aaf4da30a7dbedb8bb0d26e60003,samples/d-1500-4096-16-r0.json,,
a98518a2f3f1980a538ad657,,Qwen2.5-7B-Instruct,1,,decode,1500,16,,4271.0625,,unspecified,1,,,,0.029245263651797648,209.45462,,,raw_pruned,False,1210c606499874a286056e7e1b6af84dc9e6d2ffc691d3aeb200596d6365c69c,sha256:0da4d3e4d430f404f59944ee32c33062882bbcbb95d465c522501a3a192994d9,,,/home/pdblend4/results/2026-09-21/pdblend-optimization/profile-v2-parallel/pair-23/raw.json,dafe24d8c855cf3acb6aa855ddb213f6e6f6aaf4da30a7dbedb8bb0d26e60003,samples/d-1500-4096-16-r1.json,,
08f1f62e8b24ebc1ba14fbdd,,Qwen2.5-7B-Instruct,1,,decode,1500,16,,4271.0625,,unspecified,2,,,,0.02924693537037275,209.68864000000002,,,raw_pruned,False,1210c606499874a286056e7e1b6af84dc9e6d2ffc691d3aeb200596d6365c69c,sha256:0da4d3e4d430f404f59944ee32c33062882bbcbb95d465c522501a3a192994d9,,,/home/pdblend4/results/2026-09-21/pdblend-optimization/profile-v2-parallel/pair-23/raw.json,dafe24d8c855cf3acb6aa855ddb213f6e6f6aaf4da30a7dbedb8bb0d26e60003,samples/d-1500-4096-16-r2.json,,
74df468acb06deb4c2bac0fd,,Qwen2.5-7B-Instruct,1,,decode,1500,32,,4239.53125,,unspecified,0,,,,0.03787997997168339,214.44648,,,raw_pruned,False,1210c606499874a286056e7e1b6af84dc9e6d2ffc691d3aeb200596d6365c69c,sha256:0da4d3e4d430f404f59944ee32c33062882bbcbb95d465c522501a3a192994d9,,,/home/pdblend4/results/2026-09-21/pdblend-optimization/profile-v2-parallel/pair-23/raw.json,dafe24d8c855cf3acb6aa855ddb213f6e6f6aaf4da30a7dbedb8bb0d26e60003,samples/d-1500-4096-32-r0.json,,
951528db53ec7690bd131ba1,,Qwen2.5-7B-Instruct,1,,decode,1500,32,,4239.53125,,unspecified,1,,,,0.03788255200241551,214.82384000000002,,,raw_pruned,False,1210c606499874a286056e7e1b6af84dc9e6d2ffc691d3aeb200596d6365c69c,sha256:0da4d3e4d430f404f59944ee32c33062882bbcbb95d465c522501a3a192994d9,,,/home/pdblend4/results/2026-09-21/pdblend-optimization/profile-v2-parallel/pair-23/raw.json,dafe24d8c855cf3acb6aa855ddb213f6e6f6aaf4da30a7dbedb8bb0d26e60003,samples/d-1500-4096-32-r1.json,,
60c12e3a5a3d488414e972a5,,Qwen2.5-7B-Instruct,1,,decode,1500,32,,4240.03125,,unspecified,2,,,,0.03789018139694676,215.80023,,,raw_pruned,False,1210c606499874a286056e7e1b6af84dc9e6d2ffc691d3aeb200596d6365c69c,sha256:0da4d3e4d430f404f59944ee32c33062882bbcbb95d465c522501a3a192994d9,,,/home/pdblend4/results/2026-09-21/pdblend-optimization/profile-v2-parallel/pair-23/raw.json,dafe24d8c855cf3acb6aa855ddb213f6e6f6aaf4da30a7dbedb8bb0d26e60003,samples/d-1500-4096-32-r2.json,,
ee338e72b7ce0b11ad072540,,Qwen2.5-7B-Instruct,1,,decode,1500,64,,4219.015625,,unspecified,0,,,,0.04951249962986106,230.88157999999999,,,raw_pruned,False,1210c606499874a286056e7e1b6af84dc9e6d2ffc691d3aeb200596d6365c69c,sha256:0da4d3e4d430f404f59944ee32c33062882bbcbb95d465c522501a3a192994d9,,,/home/pdblend4/results/2026-09-21/pdblend-optimization/profile-v2-parallel/pair-23/raw.json,dafe24d8c855cf3acb6aa855ddb213f6e6f6aaf4da30a7dbedb8bb0d26e60003,samples/d-1500-4096-64-r0.json,,
f0ee5f68e2356cb5049e5699,,Qwen2.5-7B-Instruct,1,,decode,1500,64,,4219.515625,,unspecified,1,,,,0.04950796023453816,231.91258000000002,,,raw_pruned,False,1210c606499874a286056e7e1b6af84dc9e6d2ffc691d3aeb200596d6365c69c,sha256:0da4d3e4d430f404f59944ee32c33062882bbcbb95d465c522501a3a192994d9,,,/home/pdblend4/results/2026-09-21/pdblend-optimization/profile-v2-parallel/pair-23/raw.json,dafe24d8c855cf3acb6aa855ddb213f6e6f6aaf4da30a7dbedb8bb0d26e60003,samples/d-1500-4096-64-r1.json,,
58253c8e728ee22dee0c3e25,,Qwen2.5-7B-Instruct,1,,decode,1500,64,,4219.015625,,unspecified,2,,,,0.049512780538879995,233.30047,,,raw_pruned,False,1210c606499874a286056e7e1b6af84dc9e6d2ffc691d3aeb200596d6365c69c,sha256:0da4d3e4d430f404f59944ee32c33062882bbcbb95d465c522501a3a192994d9,,,/home/pdblend4/results/2026-09-21/pdblend-optimization/profile-v2-parallel/pair-23/raw.json,dafe24d8c855cf3acb6aa855ddb213f6e6f6aaf4da30a7dbedb8bb0d26e60003,samples/d-1500-4096-64-r2.json,,
9b4a6bd381f9f632332e0f16,,Qwen2.5-7B-Instruct,1,,decode,1800,1,,489.0,,unspecified,0,,,,0.020834469795227052,221.74836,,,raw_pruned,False,1210c606499874a286056e7e1b6af84dc9e6d2ffc691d3aeb200596d6365c69c,sha256:0da4d3e4d430f404f59944ee32c33062882bbcbb95d465c522501a3a192994d9,,,/home/pdblend4/results/2026-09-21/pdblend-optimization/profile-v2-parallel/pair-23/raw.json,dafe24d8c855cf3acb6aa855ddb213f6e6f6aaf4da30a7dbedb8bb0d26e60003,samples/d-1800-256-1-r0.json,,
a696cb66aac80b2fcc9d50a6,,Qwen2.5-7B-Instruct,1,,decode,1800,1,,489.0,,unspecified,1,,,,0.02083665629227956,222.08472727272726,,,raw_pruned,False,1210c606499874a286056e7e1b6af84dc9e6d2ffc691d3aeb200596d6365c69c,sha256:0da4d3e4d430f404f59944ee32c33062882bbcbb95d465c522501a3a192994d9,,,/home/pdblend4/results/2026-09-21/pdblend-optimization/profile-v2-parallel/pair-23/raw.json,dafe24d8c855cf3acb6aa855ddb213f6e6f6aaf4da30a7dbedb8bb0d26e60003,samples/d-1800-256-1-r1.json,,
3bbf135d71aab1bf9d3f6107,,Qwen2.5-7B-Instruct,1,,decode,1800,1,,489.0,,unspecified,2,,,,0.02083973288536072,221.9471414141414,,,raw_pruned,False,1210c606499874a286056e7e1b6af84dc9e6d2ffc691d3aeb200596d6365c69c,sha256:0da4d3e4d430f404f59944ee32c33062882bbcbb95d465c522501a3a192994d9,,,/home/pdblend4/results/2026-09-21/pdblend-optimization/profile-v2-parallel/pair-23/raw.json,dafe24d8c855cf3acb6aa855ddb213f6e6f6aaf4da30a7dbedb8bb0d26e60003,samples/d-1800-256-1-r2.json,,
d58adfcfd724b40fe33e424e,,Qwen2.5-7B-Instruct,1,,decode,1800,4,,473.25,,unspecified,0,,,,0.022523950886082004,207.6869292929293,,,raw_pruned,False,1210c606499874a286056e7e1b6af84dc9e6d2ffc691d3aeb200596d6365c69c,sha256:0da4d3e4d430f404f59944ee32c33062882bbcbb95d465c522501a3a192994d9,,,/home/pdblend4/results/2026-09-21/pdblend-optimization/profile-v2-parallel/pair-23/raw.json,dafe24d8c855cf3acb6aa855ddb213f6e6f6aaf4da30a7dbedb8bb0d26e60003,samples/d-1800-256-4-r0.json,,
0430cf3a1496740103f8f686,,Qwen2.5-7B-Instruct,1,,decode,1800,4,,473.25,,unspecified,1,,,,0.0225233269167376,207.7408484848485,,,raw_pruned,False,1210c606499874a286056e7e1b6af84dc9e6d2ffc691d3aeb200596d6365c69c,sha256:0da4d3e4d430f404f59944ee32c33062882bbcbb95d465c522501a3a192994d9,,,/home/pdblend4/results/2026-09-21/pdblend-optimization/profile-v2-parallel/pair-23/raw.json,dafe24d8c855cf3acb6aa855ddb213f6e6f6aaf4da30a7dbedb8bb0d26e60003,samples/d-1800-256-4-r1.json,,
845b17cc90fd4144758a8c5d,,Qwen2.5-7B-Instruct,1,,decode,1800,4,,473.25,,unspecified,2,,,,0.022526978372453568,208.10937373737374,,,raw_pruned,False,1210c606499874a286056e7e1b6af84dc9e6d2ffc691d3aeb200596d6365c69c,sha256:0da4d3e4d430f404f59944ee32c33062882bbcbb95d465c522501a3a192994d9,,,/home/pdblend4/results/2026-09-21/pdblend-optimization/profile-v2-parallel/pair-23/raw.json,dafe24d8c855cf3acb6aa855ddb213f6e6f6aaf4da30a7dbedb8bb0d26e60003,samples/d-1800-256-4-r2.json,,
72789f97620b9e376525faf3,,Qwen2.5-7B-Instruct,1,,decode,1800,8,,469.125,,unspecified,0,,,,0.022938541316111154,212.05394,,,raw_pruned,False,1210c606499874a286056e7e1b6af84dc9e6d2ffc691d3aeb200596d6365c69c,sha256:0da4d3e4d430f404f59944ee32c33062882bbcbb95d465c522501a3a192994d9,,,/home/pdblend4/results/2026-09-21/pdblend-optimization/profile-v2-parallel/pair-23/raw.json,dafe24d8c855cf3acb6aa855ddb213f6e6f6aaf4da30a7dbedb8bb0d26e60003,samples/d-1800-256-8-r0.json,,
86e05364a93c860e76ac8ae9,,Qwen2.5-7B-Instruct,1,,decode,1800,8,,469.125,,unspecified,1,,,,0.0229387075529186,212.0560404040404,,,raw_pruned,False,1210c606499874a286056e7e1b6af84dc9e6d2ffc691d3aeb200596d6365c69c,sha256:0da4d3e4d430f404f59944ee32c33062882bbcbb95d465c522501a3a192994d9,,,/home/pdblend4/results/2026-09-21/pdblend-optimization/profile-v2-parallel/pair-23/raw.json,dafe24d8c855cf3acb6aa855ddb213f6e6f6aaf4da30a7dbedb8bb0d26e60003,samples/d-1800-256-8-r1.json,,
a19ceb246d0eaa78c5908e9f,,Qwen2.5-7B-Instruct,1,,decode,1800,8,,469.125,,unspecified,2,,,,0.02293614619368807,211.8870808080808,,,raw_pruned,False,1210c606499874a286056e7e1b6af84dc9e6d2ffc691d3aeb200596d6365c69c,sha256:0da4d3e4d430f404f59944ee32c33062882bbcbb95d465c522501a3a192994d9,,,/home/pdblend4/results/2026-09-21/pdblend-optimization/profile-v2-parallel/pair-23/raw.json,dafe24d8c855cf3acb6aa855ddb213f6e6f6aaf4da30a7dbedb8bb0d26e60003,samples/d-1800-256-8-r2.json,,
9d091c15e4a731093f9f6c96,,Qwen2.5-7B-Instruct,1,,decode,1800,16,,465.5625,,unspecified,0,,,,0.023475796963687234,219.5077,,,raw_pruned,False,1210c606499874a286056e7e1b6af84dc9e6d2ffc691d3aeb200596d6365c69c,sha256:0da4d3e4d430f404f59944ee32c33062882bbcbb95d465c522501a3a192994d9,,,/home/pdblend4/results/2026-09-21/pdblend-optimization/profile-v2-parallel/pair-23/raw.json,dafe24d8c855cf3acb6aa855ddb213f6e6f6aaf4da30a7dbedb8bb0d26e60003,samples/d-1800-256-16-r0.json,,
af8371c9918667a041ea5003,,Qwen2.5-7B-Instruct,1,,decode,1800,16,,465.5625,,unspecified,1,,,,0.023477372988848617,219.90580808080807,,,raw_pruned,False,1210c606499874a286056e7e1b6af84dc9e6d2ffc691d3aeb200596d6365c69c,sha256:0da4d3e4d430f404f59944ee32c33062882bbcbb95d465c522501a3a192994d9,,,/home/pdblend4/results/2026-09-21/pdblend-optimization/profile-v2-parallel/pair-23/raw.json,dafe24d8c855cf3acb6aa855ddb213f6e6f6aaf4da30a7dbedb8bb0d26e60003,samples/d-1800-256-16-r1.json,,
1a422f7e7154e2c91cdd7a31,,Qwen2.5-7B-Instruct,1,,decode,1800,16,,465.5625,,unspecified,2,,,,0.023478305395780035,220.11282828282827,,,raw_pruned,False,1210c606499874a286056e7e1b6af84dc9e6d2ffc691d3aeb200596d6365c69c,sha256:0da4d3e4d430f404f59944ee32c33062882bbcbb95d465c522501a3a192994d9,,,/home/pdblend4/results/2026-09-21/pdblend-optimization/profile-v2-parallel/pair-23/raw.json,dafe24d8c855cf3acb6aa855ddb213f6e6f6aaf4da30a7dbedb8bb0d26e60003,samples/d-1800-256-16-r2.json,,
3169a65837914bdfd2dce982,,Qwen2.5-7B-Instruct,1,,decode,1800,32,,440.03125,,unspecified,0,,,,0.02717868141506029,224.85635353535352,,,raw_pruned,False,1210c606499874a286056e7e1b6af84dc9e6d2ffc691d3aeb200596d6365c69c,sha256:0da4d3e4d430f404f59944ee32c33062882bbcbb95d465c522501a3a192994d9,,,/home/pdblend4/results/2026-09-21/pdblend-optimization/profile-v2-parallel/pair-23/raw.json,dafe24d8c855cf3acb6aa855ddb213f6e6f6aaf4da30a7dbedb8bb0d26e60003,samples/d-1800-256-32-r0.json,,
a7fbed88385efa97bcfd1453,,Qwen2.5-7B-Instruct,1,,decode,1800,32,,440.03125,,unspecified,1,,,,0.02717976207318513,224.22132000000002,,,raw_pruned,False,1210c606499874a286056e7e1b6af84dc9e6d2ffc691d3aeb200596d6365c69c,sha256:0da4d3e4d430f404f59944ee32c33062882bbcbb95d465c522501a3a192994d9,,,/home/pdblend4/results/2026-09-21/pdblend-optimization/profile-v2-parallel/pair-23/raw.json,dafe24d8c855cf3acb6aa855ddb213f6e6f6aaf4da30a7dbedb8bb0d26e60003,samples/d-1800-256-32-r1.json,,
5d1ee5764966386dc6318698,,Qwen2.5-7B-Instruct,1,,decode,1800,32,,440.03125,,unspecified,2,,,,0.027175991431526516,223.78997979797978,,,raw_pruned,False,1210c606499874a286056e7e1b6af84dc9e6d2ffc691d3aeb200596d6365c69c,sha256:0da4d3e4d430f404f59944ee32c33062882bbcbb95d465c522501a3a192994d9,,,/home/pdblend4/results/2026-09-21/pdblend-optimization/profile-v2-parallel/pair-23/raw.json,dafe24d8c855cf3acb6aa855ddb213f6e6f6aaf4da30a7dbedb8bb0d26e60003,samples/d-1800-256-32-r2.json,,
80bd538a8546332fd90da9bf,,Qwen2.5-7B-Instruct,1,,decode,1800,64,,429.015625,,unspecified,0,,,,0.02924437829625537,237.0176,,,raw_pruned,False,1210c606499874a286056e7e1b6af84dc9e6d2ffc691d3aeb200596d6365c69c,sha256:0da4d3e4d430f404f59944ee32c33062882bbcbb95d465c522501a3a192994d9,,,/home/pdblend4/results/2026-09-21/pdblend-optimization/profile-v2-parallel/pair-23/raw.json,dafe24d8c855cf3acb6aa855ddb213f6e6f6aaf4da30a7dbedb8bb0d26e60003,samples/d-1800-256-64-r0.json,,
6cacab5ea3d90c5a962cc2ec,,Qwen2.5-7B-Instruct,1,,decode,1800,64,,429.015625,,unspecified,1,,,,0.029245273411622523,236.25381000000002,,,raw_pruned,False,1210c606499874a286056e7e1b6af84dc9e6d2ffc691d3aeb200596d6365c69c,sha256:0da4d3e4d430f404f59944ee32c33062882bbcbb95d465c522501a3a192994d9,,,/home/pdblend4/results/2026-09-21/pdblend-optimization/profile-v2-parallel/pair-23/raw.json,dafe24d8c855cf3acb6aa855ddb213f6e6f6aaf4da30a7dbedb8bb0d26e60003,samples/d-1800-256-64-r1.json,,
38934c43de38ac2aaec49c73,,Qwen2.5-7B-Instruct,1,,decode,1800,64,,429.015625,,unspecified,2,,,,0.02924070720784148,235.8885,,,raw_pruned,False,1210c606499874a286056e7e1b6af84dc9e6d2ffc691d3aeb200596d6365c69c,sha256:0da4d3e4d430f404f59944ee32c33062882bbcbb95d465c522501a3a192994d9,,,/home/pdblend4/results/2026-09-21/pdblend-optimization/profile-v2-parallel/pair-23/raw.json,dafe24d8c855cf3acb6aa855ddb213f6e6f6aaf4da30a7dbedb8bb0d26e60003,samples/d-1800-256-64-r2.json,,
2e48a4ccae064b9fb669ea9d,,Qwen2.5-7B-Instruct,1,,decode,1800,128,,401.078125,,unspecified,0,,,,0.03597867231574847,275.97345,,,raw_pruned,False,1210c606499874a286056e7e1b6af84dc9e6d2ffc691d3aeb200596d6365c69c,sha256:0da4d3e4d430f404f59944ee32c33062882bbcbb95d465c522501a3a192994d9,,,/home/pdblend4/results/2026-09-21/pdblend-optimization/profile-v2-parallel/pair-23/raw.json,dafe24d8c855cf3acb6aa855ddb213f6e6f6aaf4da30a7dbedb8bb0d26e60003,samples/d-1800-256-128-r0.json,,
9860edf2acd0f814a3bcc689,,Qwen2.5-7B-Instruct,1,,decode,1800,128,,401.0078125,,unspecified,1,,,,0.03597285078583862,276.2745,,,raw_pruned,False,1210c606499874a286056e7e1b6af84dc9e6d2ffc691d3aeb200596d6365c69c,sha256:0da4d3e4d430f404f59944ee32c33062882bbcbb95d465c522501a3a192994d9,,,/home/pdblend4/results/2026-09-21/pdblend-optimization/profile-v2-parallel/pair-23/raw.json,dafe24d8c855cf3acb6aa855ddb213f6e6f6aaf4da30a7dbedb8bb0d26e60003,samples/d-1800-256-128-r1.json,,
7bdd590d36c7de407869b54b,,Qwen2.5-7B-Instruct,1,,decode,1800,128,,401.0078125,,unspecified,2,,,,0.035972849070597036,275.43817,,,raw_pruned,False,1210c606499874a286056e7e1b6af84dc9e6d2ffc691d3aeb200596d6365c69c,sha256:0da4d3e4d430f404f59944ee32c33062882bbcbb95d465c522501a3a192994d9,,,/home/pdblend4/results/2026-09-21/pdblend-optimization/profile-v2-parallel/pair-23/raw.json,dafe24d8c855cf3acb6aa855ddb213f6e6f6aaf4da30a7dbedb8bb0d26e60003,samples/d-1800-256-128-r2.json,,
c9cfd8c03d783355d8b0dba0,,Qwen2.5-7B-Instruct,1,,decode,1800,256,,346.98046875,,unspecified,0,,,,0.06494921213620669,268.28434,,,raw_pruned,False,1210c606499874a286056e7e1b6af84dc9e6d2ffc691d3aeb200596d6365c69c,sha256:0da4d3e4d430f404f59944ee32c33062882bbcbb95d465c522501a3a192994d9,,,/home/pdblend4/results/2026-09-21/pdblend-optimization/profile-v2-parallel/pair-23/raw.json,dafe24d8c855cf3acb6aa855ddb213f6e6f6aaf4da30a7dbedb8bb0d26e60003,samples/d-1800-256-256-r0.json,,
8f0e1ec551ec6fe325886c1f,,Qwen2.5-7B-Instruct,1,,decode,1800,256,,347.2265625,,unspecified,1,,,,0.06453852807321857,268.40596,,,raw_pruned,False,1210c606499874a286056e7e1b6af84dc9e6d2ffc691d3aeb200596d6365c69c,sha256:0da4d3e4d430f404f59944ee32c33062882bbcbb95d465c522501a3a192994d9,,,/home/pdblend4/results/2026-09-21/pdblend-optimization/profile-v2-parallel/pair-23/raw.json,dafe24d8c855cf3acb6aa855ddb213f6e6f6aaf4da30a7dbedb8bb0d26e60003,samples/d-1800-256-256-r1.json,,
33145258880eac4b182c0f5e,,Qwen2.5-7B-Instruct,1,,decode,1800,256,,346.9765625,,unspecified,2,,,,0.06493705278867251,269.3591,,,raw_pruned,False,1210c606499874a286056e7e1b6af84dc9e6d2ffc691d3aeb200596d6365c69c,sha256:0da4d3e4d430f404f59944ee32c33062882bbcbb95d465c522501a3a192994d9,,,/home/pdblend4/results/2026-09-21/pdblend-optimization/profile-v2-parallel/pair-23/raw.json,dafe24d8c855cf3acb6aa855ddb213f6e6f6aaf4da30a7dbedb8bb0d26e60003,samples/d-1800-256-256-r2.json,,
71a1342b00487f7f4724ebf2,,Qwen2.5-7B-Instruct,1,,decode,1800,1,,1256.5,,unspecified,0,,,,0.02092107270053241,222.70436,,,raw_pruned,False,1210c606499874a286056e7e1b6af84dc9e6d2ffc691d3aeb200596d6365c69c,sha256:0da4d3e4d430f404f59944ee32c33062882bbcbb95d465c522501a3a192994d9,,,/home/pdblend4/results/2026-09-21/pdblend-optimization/profile-v2-parallel/pair-23/raw.json,dafe24d8c855cf3acb6aa855ddb213f6e6f6aaf4da30a7dbedb8bb0d26e60003,samples/d-1800-1024-1-r0.json,,
3dacf7b024a676d93d53fb21,,Qwen2.5-7B-Instruct,1,,decode,1800,1,,1256.5,,unspecified,1,,,,0.02092147472014487,222.2839494949495,,,raw_pruned,False,1210c606499874a286056e7e1b6af84dc9e6d2ffc691d3aeb200596d6365c69c,sha256:0da4d3e4d430f404f59944ee32c33062882bbcbb95d465c522501a3a192994d9,,,/home/pdblend4/results/2026-09-21/pdblend-optimization/profile-v2-parallel/pair-23/raw.json,dafe24d8c855cf3acb6aa855ddb213f6e6f6aaf4da30a7dbedb8bb0d26e60003,samples/d-1800-1024-1-r1.json,,
d5a2bee9ff170c072debd6ed,,Qwen2.5-7B-Instruct,1,,decode,1800,1,,1256.5,,unspecified,2,,,,0.020926460561393197,222.09366666666668,,,raw_pruned,False,1210c606499874a286056e7e1b6af84dc9e6d2ffc691d3aeb200596d6365c69c,sha256:0da4d3e4d430f404f59944ee32c33062882bbcbb95d465c522501a3a192994d9,,,/home/pdblend4/results/2026-09-21/pdblend-optimization/profile-v2-parallel/pair-23/raw.json,dafe24d8c855cf3acb6aa855ddb213f6e6f6aaf4da30a7dbedb8bb0d26e60003,samples/d-1800-1024-1-r2.json,,
30d01dfde177fa3cc4776c5e,,Qwen2.5-7B-Instruct,1,,decode,1800,4,,1238.25,,unspecified,0,,,,0.022936294931884205,206.72618,,,raw_pruned,False,1210c606499874a286056e7e1b6af84dc9e6d2ffc691d3aeb200596d6365c69c,sha256:0da4d3e4d430f404f59944ee32c33062882bbcbb95d465c522501a3a192994d9,,,/home/pdblend4/results/2026-09-21/pdblend-optimization/profile-v2-parallel/pair-23/raw.json,dafe24d8c855cf3acb6aa855ddb213f6e6f6aaf4da30a7dbedb8bb0d26e60003,samples/d-1800-1024-4-r0.json,,
9857fd2e6fda53da3bb1ad6d,,Qwen2.5-7B-Instruct,1,,decode,1800,4,,1238.5,,unspecified,1,,,,0.02293884535448267,206.76422222222223,,,raw_pruned,False,1210c606499874a286056e7e1b6af84dc9e6d2ffc691d3aeb200596d6365c69c,sha256:0da4d3e4d430f404f59944ee32c33062882bbcbb95d465c522501a3a192994d9,,,/home/pdblend4/results/2026-09-21/pdblend-optimization/profile-v2-parallel/pair-23/raw.json,dafe24d8c855cf3acb6aa855ddb213f6e6f6aaf4da30a7dbedb8bb0d26e60003,samples/d-1800-1024-4-r1.json,,
57dc61b7881c0a70d1d5d4f7,,Qwen2.5-7B-Instruct,1,,decode,1800,4,,1238.0,,unspecified,2,,,,0.022886065651131986,207.2437676767677,,,raw_pruned,False,1210c606499874a286056e7e1b6af84dc9e6d2ffc691d3aeb200596d6365c69c,sha256:0da4d3e4d430f404f59944ee32c33062882bbcbb95d465c522501a3a192994d9,,,/home/pdblend4/results/2026-09-21/pdblend-optimization/profile-v2-parallel/pair-23/raw.json,dafe24d8c855cf3acb6aa855ddb213f6e6f6aaf4da30a7dbedb8bb0d26e60003,samples/d-1800-1024-4-r2.json,,
5ee98aefe7929850d7de98b3,,Qwen2.5-7B-Instruct,1,,decode,1800,8,,1232.625,,unspecified,0,,,,0.023482090990308305,211.58960606060606,,,raw_pruned,False,1210c606499874a286056e7e1b6af84dc9e6d2ffc691d3aeb200596d6365c69c,sha256:0da4d3e4d430f404f59944ee32c33062882bbcbb95d465c522501a3a192994d9,,,/home/pdblend4/results/2026-09-21/pdblend-optimization/profile-v2-parallel/pair-23/raw.json,dafe24d8c855cf3acb6aa855ddb213f6e6f6aaf4da30a7dbedb8bb0d26e60003,samples/d-1800-1024-8-r0.json,,
a32236c16499ce8df0ea1f53,,Qwen2.5-7B-Instruct,1,,decode,1800,8,,1232.625,,unspecified,1,,,,0.023477676328918742,211.60885,,,raw_pruned,False,1210c606499874a286056e7e1b6af84dc9e6d2ffc691d3aeb200596d6365c69c,sha256:0da4d3e4d430f404f59944ee32c33062882bbcbb95d465c522501a3a192994d9,,,/home/pdblend4/results/2026-09-21/pdblend-optimization/profile-v2-parallel/pair-23/raw.json,dafe24d8c855cf3acb6aa855ddb213f6e6f6aaf4da30a7dbedb8bb0d26e60003,samples/d-1800-1024-8-r1.json,,
f0d8774cdabbab6836b9ba45,,Qwen2.5-7B-Instruct,1,,decode,1800,8,,1232.625,,unspecified,2,,,,0.02347751066718303,211.0109898989899,,,raw_pruned,False,1210c606499874a286056e7e1b6af84dc9e6d2ffc691d3aeb200596d6365c69c,sha256:0da4d3e4d430f404f59944ee32c33062882bbcbb95d465c522501a3a192994d9,,,/home/pdblend4/results/2026-09-21/pdblend-optimization/profile-v2-parallel/pair-23/raw.json,dafe24d8c855cf3acb6aa855ddb213f6e6f6aaf4da30a7dbedb8bb0d26e60003,samples/d-1800-1024-8-r2.json,,
3ee6b8bb8c16c8b3ee6bdace,,Qwen2.5-7B-Instruct,1,,decode,1800,16,,1225.5625,,unspecified,0,,,,0.02451903446047914,218.69627272727274,,,raw_pruned,False,1210c606499874a286056e7e1b6af84dc9e6d2ffc691d3aeb200596d6365c69c,sha256:0da4d3e4d430f404f59944ee32c33062882bbcbb95d465c522501a3a192994d9,,,/home/pdblend4/results/2026-09-21/pdblend-optimization/profile-v2-parallel/pair-23/raw.json,dafe24d8c855cf3acb6aa855ddb213f6e6f6aaf4da30a7dbedb8bb0d26e60003,samples/d-1800-1024-16-r0.json,,
a68797cbcddfcb4bcd01a31b,,Qwen2.5-7B-Instruct,1,,decode,1800,16,,1225.5625,,unspecified,1,,,,0.024513091526779475,218.81557,,,raw_pruned,False,1210c606499874a286056e7e1b6af84dc9e6d2ffc691d3aeb200596d6365c69c,sha256:0da4d3e4d430f404f59944ee32c33062882bbcbb95d465c522501a3a192994d9,,,/home/pdblend4/results/2026-09-21/pdblend-optimization/profile-v2-parallel/pair-23/raw.json,dafe24d8c855cf3acb6aa855ddb213f6e6f6aaf4da30a7dbedb8bb0d26e60003,samples/d-1800-1024-16-r1.json,,
2b6d7f53be435b543d1c20d3,,Qwen2.5-7B-Instruct,1,,decode,1800,16,,1225.5625,,unspecified,2,,,,0.024513453829522226,218.85167,,,raw_pruned,False,1210c606499874a286056e7e1b6af84dc9e6d2ffc691d3aeb200596d6365c69c,sha256:0da4d3e4d430f404f59944ee32c33062882bbcbb95d465c522501a3a192994d9,,,/home/pdblend4/results/2026-09-21/pdblend-optimization/profile-v2-parallel/pair-23/raw.json,dafe24d8c855cf3acb6aa855ddb213f6e6f6aaf4da30a7dbedb8bb0d26e60003,samples/d-1800-1024-16-r2.json,,
1ebca8f53c1403d6f7678362,,Qwen2.5-7B-Instruct,1,,decode,1800,32,,1197.53125,,unspecified,0,,,,0.029081237870593402,222.97584999999998,,,raw_pruned,False,1210c606499874a286056e7e1b6af84dc9e6d2ffc691d3aeb200596d6365c69c,sha256:0da4d3e4d430f404f59944ee32c33062882bbcbb95d465c522501a3a192994d9,,,/home/pdblend4/results/2026-09-21/pdblend-optimization/profile-v2-parallel/pair-23/raw.json,dafe24d8c855cf3acb6aa855ddb213f6e6f6aaf4da30a7dbedb8bb0d26e60003,samples/d-1800-1024-32-r0.json,,
fb12f400100fa7b363d666ae,,Qwen2.5-7B-Instruct,1,,decode,1800,32,,1197.65625,,unspecified,1,,,,0.029076165931169375,223.1026,,,raw_pruned,False,1210c606499874a286056e7e1b6af84dc9e6d2ffc691d3aeb200596d6365c69c,sha256:0da4d3e4d430f404f59944ee32c33062882bbcbb95d465c522501a3a192994d9,,,/home/pdblend4/results/2026-09-21/pdblend-optimization/profile-v2-parallel/pair-23/raw.json,dafe24d8c855cf3acb6aa855ddb213f6e6f6aaf4da30a7dbedb8bb0d26e60003,samples/d-1800-1024-32-r1.json,,
809b20570f88d6124526878e,,Qwen2.5-7B-Instruct,1,,decode,1800,32,,1197.65625,,unspecified,2,,,,0.029072902923406557,223.18744999999998,,,raw_pruned,False,1210c606499874a286056e7e1b6af84dc9e6d2ffc691d3aeb200596d6365c69c,sha256:0da4d3e4d430f404f59944ee32c33062882bbcbb95d465c522501a3a192994d9,,,/home/pdblend4/results/2026-09-21/pdblend-optimization/profile-v2-parallel/pair-23/raw.json,dafe24d8c855cf3acb6aa855ddb213f6e6f6aaf4da30a7dbedb8bb0d26e60003,samples/d-1800-1024-32-r2.json,,
e2bbcff7278ad63e942592ef,,Qwen2.5-7B-Instruct,1,,decode,1800,64,,1181.015625,,unspecified,0,,,,0.03311941955263251,234.09248,,,raw_pruned,False,1210c606499874a286056e7e1b6af84dc9e6d2ffc691d3aeb200596d6365c69c,sha256:0da4d3e4d430f404f59944ee32c33062882bbcbb95d465c522501a3a192994d9,,,/home/pdblend4/results/2026-09-21/pdblend-optimization/profile-v2-parallel/pair-23/raw.json,dafe24d8c855cf3acb6aa855ddb213f6e6f6aaf4da30a7dbedb8bb0d26e60003,samples/d-1800-1024-64-r0.json,,
70a0934b93474c6266a57045,,Qwen2.5-7B-Instruct,1,,decode,1800,64,,1181.015625,,unspecified,1,,,,0.033114411183540395,233.2952,,,raw_pruned,False,1210c606499874a286056e7e1b6af84dc9e6d2ffc691d3aeb200596d6365c69c,sha256:0da4d3e4d430f404f59944ee32c33062882bbcbb95d465c522501a3a192994d9,,,/home/pdblend4/results/2026-09-21/pdblend-optimization/profile-v2-parallel/pair-23/raw.json,dafe24d8c855cf3acb6aa855ddb213f6e6f6aaf4da30a7dbedb8bb0d26e60003,samples/d-1800-1024-64-r1.json,,
759cf5be95ce9be3ef8a5050,,Qwen2.5-7B-Instruct,1,,decode,1800,64,,1181.015625,,unspecified,2,,,,0.03311907060888429,233.65837,,,raw_pruned,False,1210c606499874a286056e7e1b6af84dc9e6d2ffc691d3aeb200596d6365c69c,sha256:0da4d3e4d430f404f59944ee32c33062882bbcbb95d465c522501a3a192994d9,,,/home/pdblend4/results/2026-09-21/pdblend-optimization/profile-v2-parallel/pair-23/raw.json,dafe24d8c855cf3acb6aa855ddb213f6e6f6aaf4da30a7dbedb8bb0d26e60003,samples/d-1800-1024-64-r2.json,,
5b0fc2118986d3747c2d00c7,,Qwen2.5-7B-Instruct,1,,decode,1800,128,,1151.5078125,,unspecified,0,,,,0.0438632233101025,267.84291,,,raw_pruned,False,1210c606499874a286056e7e1b6af84dc9e6d2ffc691d3aeb200596d6365c69c,sha256:0da4d3e4d430f404f59944ee32c33062882bbcbb95d465c522501a3a192994d9,,,/home/pdblend4/results/2026-09-21/pdblend-optimization/profile-v2-parallel/pair-23/raw.json,dafe24d8c855cf3acb6aa855ddb213f6e6f6aaf4da30a7dbedb8bb0d26e60003,samples/d-1800-1024-128-r0.json,,
028538ba0636ac2434f1bc15,,Qwen2.5-7B-Instruct,1,,decode,1800,128,,1151.5078125,,unspecified,1,,,,0.04386257916166071,268.79798999999997,,,raw_pruned,False,1210c606499874a286056e7e1b6af84dc9e6d2ffc691d3aeb200596d6365c69c,sha256:0da4d3e4d430f404f59944ee32c33062882bbcbb95d465c522501a3a192994d9,,,/home/pdblend4/results/2026-09-21/pdblend-optimization/profile-v2-parallel/pair-23/raw.json,dafe24d8c855cf3acb6aa855ddb213f6e6f6aaf4da30a7dbedb8bb0d26e60003,samples/d-1800-1024-128-r1.json,,
87b974d8cc70f431899dde02,,Qwen2.5-7B-Instruct,1,,decode,1800,128,,1151.6328125,,unspecified,2,,,,0.043862936789529364,267.30402,,,raw_pruned,False,1210c606499874a286056e7e1b6af84dc9e6d2ffc691d3aeb200596d6365c69c,sha256:0da4d3e4d430f404f59944ee32c33062882bbcbb95d465c522501a3a192994d9,,,/home/pdblend4/results/2026-09-21/pdblend-optimization/profile-v2-parallel/pair-23/raw.json,dafe24d8c855cf3acb6aa855ddb213f6e6f6aaf4da30a7dbedb8bb0d26e60003,samples/d-1800-1024-128-r2.json,,
9c4449db5d2d67e6c3ea37bd,,Qwen2.5-7B-Instruct,1,,decode,1800,256,,1112.390625,,unspecified,0,,,,0.08066193903646161,261.71056,,,raw_pruned,False,1210c606499874a286056e7e1b6af84dc9e6d2ffc691d3aeb200596d6365c69c,sha256:0da4d3e4d430f404f59944ee32c33062882bbcbb95d465c522501a3a192994d9,,,/home/pdblend4/results/2026-09-21/pdblend-optimization/profile-v2-parallel/pair-23/raw.json,dafe24d8c855cf3acb6aa855ddb213f6e6f6aaf4da30a7dbedb8bb0d26e60003,samples/d-1800-1024-256-r0.json,,
f3df3637b314e64b49afea74,,Qwen2.5-7B-Instruct,1,,decode,1800,256,,1112.390625,,unspecified,1,,,,0.08066237741901029,259.193,,,raw_pruned,False,1210c606499874a286056e7e1b6af84dc9e6d2ffc691d3aeb200596d6365c69c,sha256:0da4d3e4d430f404f59944ee32c33062882bbcbb95d465c522501a3a192994d9,,,/home/pdblend4/results/2026-09-21/pdblend-optimization/profile-v2-parallel/pair-23/raw.json,dafe24d8c855cf3acb6aa855ddb213f6e6f6aaf4da30a7dbedb8bb0d26e60003,samples/d-1800-1024-256-r1.json,,
d78b897972d29b5ee79a5c8b,,Qwen2.5-7B-Instruct,1,,decode,1800,256,,1112.390625,,unspecified,2,,,,0.0806551710251839,259.47772000000003,,,raw_pruned,False,1210c606499874a286056e7e1b6af84dc9e6d2ffc691d3aeb200596d6365c69c,sha256:0da4d3e4d430f404f59944ee32c33062882bbcbb95d465c522501a3a192994d9,,,/home/pdblend4/results/2026-09-21/pdblend-optimization/profile-v2-parallel/pair-23/raw.json,dafe24d8c855cf3acb6aa855ddb213f6e6f6aaf4da30a7dbedb8bb0d26e60003,samples/d-1800-1024-256-r2.json,,
fcaa78b1a8cdb16672b49853,,Qwen2.5-7B-Instruct,1,,decode,1800,1,,4323.5,,unspecified,0,,,,0.02146199435123558,220.84760999999997,,,raw_pruned,False,1210c606499874a286056e7e1b6af84dc9e6d2ffc691d3aeb200596d6365c69c,sha256:0da4d3e4d430f404f59944ee32c33062882bbcbb95d465c522501a3a192994d9,,,/home/pdblend4/results/2026-09-21/pdblend-optimization/profile-v2-parallel/pair-23/raw.json,dafe24d8c855cf3acb6aa855ddb213f6e6f6aaf4da30a7dbedb8bb0d26e60003,samples/d-1800-4096-1-r0.json,,
f71727741d96ddbdd0826bd7,,Qwen2.5-7B-Instruct,1,,decode,1800,1,,4323.5,,unspecified,1,,,,0.02146327649063307,220.71483838383838,,,raw_pruned,False,1210c606499874a286056e7e1b6af84dc9e6d2ffc691d3aeb200596d6365c69c,sha256:0da4d3e4d430f404f59944ee32c33062882bbcbb95d465c522501a3a192994d9,,,/home/pdblend4/results/2026-09-21/pdblend-optimization/profile-v2-parallel/pair-23/raw.json,dafe24d8c855cf3acb6aa855ddb213f6e6f6aaf4da30a7dbedb8bb0d26e60003,samples/d-1800-4096-1-r1.json,,
d3a5af00c7498286ccb87acc,,Qwen2.5-7B-Instruct,1,,decode,1800,1,,4323.5,,unspecified,2,,,,0.021460168863059112,220.49009090909092,,,raw_pruned,False,1210c606499874a286056e7e1b6af84dc9e6d2ffc691d3aeb200596d6365c69c,sha256:0da4d3e4d430f404f59944ee32c33062882bbcbb95d465c522501a3a192994d9,,,/home/pdblend4/results/2026-09-21/pdblend-optimization/profile-v2-parallel/pair-23/raw.json,dafe24d8c855cf3acb6aa855ddb213f6e6f6aaf4da30a7dbedb8bb0d26e60003,samples/d-1800-4096-1-r2.json,,
5e6df20355eeaecf62eefe76,,Qwen2.5-7B-Instruct,1,,decode,1800,4,,4301.75,,unspecified,0,,,,0.024040643985454854,207.67233,,,raw_pruned,False,1210c606499874a286056e7e1b6af84dc9e6d2ffc691d3aeb200596d6365c69c,sha256:0da4d3e4d430f404f59944ee32c33062882bbcbb95d465c522501a3a192994d9,,,/home/pdblend4/results/2026-09-21/pdblend-optimization/profile-v2-parallel/pair-23/raw.json,dafe24d8c855cf3acb6aa855ddb213f6e6f6aaf4da30a7dbedb8bb0d26e60003,samples/d-1800-4096-4-r0.json,,
319d3d496d9fa1fa948faf8c,,Qwen2.5-7B-Instruct,1,,decode,1800,4,,4301.75,,unspecified,1,,,,0.024043595561614402,207.49079,,,raw_pruned,False,1210c606499874a286056e7e1b6af84dc9e6d2ffc691d3aeb200596d6365c69c,sha256:0da4d3e4d430f404f59944ee32c33062882bbcbb95d465c522501a3a192994d9,,,/home/pdblend4/results/2026-09-21/pdblend-optimization/profile-v2-parallel/pair-23/raw.json,dafe24d8c855cf3acb6aa855ddb213f6e6f6aaf4da30a7dbedb8bb0d26e60003,samples/d-1800-4096-4-r1.json,,
06bc36b615d73cfbd05cc416,,Qwen2.5-7B-Instruct,1,,decode,1800,4,,4302.25,,unspecified,2,,,,0.0240393361219993,207.30072,,,raw_pruned,False,1210c606499874a286056e7e1b6af84dc9e6d2ffc691d3aeb200596d6365c69c,sha256:0da4d3e4d430f404f59944ee32c33062882bbcbb95d465c522501a3a192994d9,,,/home/pdblend4/results/2026-09-21/pdblend-optimization/profile-v2-parallel/pair-23/raw.json,dafe24d8c855cf3acb6aa855ddb213f6e6f6aaf4da30a7dbedb8bb0d26e60003,samples/d-1800-4096-4-r2.json,,
ae1ab6982b6ede12b9215818,,Qwen2.5-7B-Instruct,1,,decode,1800,8,,4292.125,,unspecified,0,,,,0.025514652534407014,212.76062,,,raw_pruned,False,1210c606499874a286056e7e1b6af84dc9e6d2ffc691d3aeb200596d6365c69c,sha256:0da4d3e4d430f404f59944ee32c33062882bbcbb95d465c522501a3a192994d9,,,/home/pdblend4/results/2026-09-21/pdblend-optimization/profile-v2-parallel/pair-23/raw.json,dafe24d8c855cf3acb6aa855ddb213f6e6f6aaf4da30a7dbedb8bb0d26e60003,samples/d-1800-4096-8-r0.json,,
b1983001516539506b022ab3,,Qwen2.5-7B-Instruct,1,,decode,1800,8,,4292.125,,unspecified,1,,,,0.025382490932638876,211.95316,,,raw_pruned,False,1210c606499874a286056e7e1b6af84dc9e6d2ffc691d3aeb200596d6365c69c,sha256:0da4d3e4d430f404f59944ee32c33062882bbcbb95d465c522501a3a192994d9,,,/home/pdblend4/results/2026-09-21/pdblend-optimization/profile-v2-parallel/pair-23/raw.json,dafe24d8c855cf3acb6aa855ddb213f6e6f6aaf4da30a7dbedb8bb0d26e60003,samples/d-1800-4096-8-r1.json,,
ece8a32c23700a955b0c7ca6,,Qwen2.5-7B-Instruct,1,,decode,1800,8,,4292.125,,unspecified,2,,,,0.025385775541896142,212.37676,,,raw_pruned,False,1210c606499874a286056e7e1b6af84dc9e6d2ffc691d3aeb200596d6365c69c,sha256:0da4d3e4d430f404f59944ee32c33062882bbcbb95d465c522501a3a192994d9,,,/home/pdblend4/results/2026-09-21/pdblend-optimization/profile-v2-parallel/pair-23/raw.json,dafe24d8c855cf3acb6aa855ddb213f6e6f6aaf4da30a7dbedb8bb0d26e60003,samples/d-1800-4096-8-r2.json,,
55a78605c0b9f09945705663,,Qwen2.5-7B-Instruct,1,,decode,1800,16,,4274.0625,,unspecified,0,,,,0.02858172961643764,220.04778,,,raw_pruned,False,1210c606499874a286056e7e1b6af84dc9e6d2ffc691d3aeb200596d6365c69c,sha256:0da4d3e4d430f404f59944ee32c33062882bbcbb95d465c522501a3a192994d9,,,/home/pdblend4/results/2026-09-21/pdblend-optimization/profile-v2-parallel/pair-23/raw.json,dafe24d8c855cf3acb6aa855ddb213f6e6f6aaf4da30a7dbedb8bb0d26e60003,samples/d-1800-4096-16-r0.json,,
1c18883e6b460cc3e2f2613d,,Qwen2.5-7B-Instruct,1,,decode,1800,16,,4274.5625,,unspecified,1,,,,0.028576384953090124,219.00176,,,raw_pruned,False,1210c606499874a286056e7e1b6af84dc9e6d2ffc691d3aeb200596d6365c69c,sha256:0da4d3e4d430f404f59944ee32c33062882bbcbb95d465c522501a3a192994d9,,,/home/pdblend4/results/2026-09-21/pdblend-optimization/profile-v2-parallel/pair-23/raw.json,dafe24d8c855cf3acb6aa855ddb213f6e6f6aaf4da30a7dbedb8bb0d26e60003,samples/d-1800-4096-16-r1.json,,
4f66767b1389abeac08d206d,,Qwen2.5-7B-Instruct,1,,decode,1800,16,,4274.0625,,unspecified,2,,,,0.028572543007986888,220.17336,,,raw_pruned,False,1210c606499874a286056e7e1b6af84dc9e6d2ffc691d3aeb200596d6365c69c,sha256:0da4d3e4d430f404f59944ee32c33062882bbcbb95d465c522501a3a192994d9,,,/home/pdblend4/results/2026-09-21/pdblend-optimization/profile-v2-parallel/pair-23/raw.json,dafe24d8c855cf3acb6aa855ddb213f6e6f6aaf4da30a7dbedb8bb0d26e60003,samples/d-1800-4096-16-r2.json,,
d308dc9130a6b6eea1c24d69,,Qwen2.5-7B-Instruct,1,,decode,1800,32,,4242.03125,,unspecified,0,,,,0.037044913680465134,224.71222,,,raw_pruned,False,1210c606499874a286056e7e1b6af84dc9e6d2ffc691d3aeb200596d6365c69c,sha256:0da4d3e4d430f404f59944ee32c33062882bbcbb95d465c522501a3a192994d9,,,/home/pdblend4/results/2026-09-21/pdblend-optimization/profile-v2-parallel/pair-23/raw.json,dafe24d8c855cf3acb6aa855ddb213f6e6f6aaf4da30a7dbedb8bb0d26e60003,samples/d-1800-4096-32-r0.json,,
320308cb60cc596d8038e9eb,,Qwen2.5-7B-Instruct,1,,decode,1800,32,,4242.03125,,unspecified,1,,,,0.03703978149979203,224.70406,,,raw_pruned,False,1210c606499874a286056e7e1b6af84dc9e6d2ffc691d3aeb200596d6365c69c,sha256:0da4d3e4d430f404f59944ee32c33062882bbcbb95d465c522501a3a192994d9,,,/home/pdblend4/results/2026-09-21/pdblend-optimization/profile-v2-parallel/pair-23/raw.json,dafe24d8c855cf3acb6aa855ddb213f6e6f6aaf4da30a7dbedb8bb0d26e60003,samples/d-1800-4096-32-r1.json,,
6da54491c31958ade080e3f3,,Qwen2.5-7B-Instruct,1,,decode,1800,32,,4242.03125,,unspecified,2,,,,0.037041773619475186,224.62806,,,raw_pruned,False,1210c606499874a286056e7e1b6af84dc9e6d2ffc691d3aeb200596d6365c69c,sha256:0da4d3e4d430f404f59944ee32c33062882bbcbb95d465c522501a3a192994d9,,,/home/pdblend4/results/2026-09-21/pdblend-optimization/profile-v2-parallel/pair-23/raw.json,dafe24d8c855cf3acb6aa855ddb213f6e6f6aaf4da30a7dbedb8bb0d26e60003,samples/d-1800-4096-32-r2.json,,
f850ca5fcd84bb4d231d00b3,,Qwen2.5-7B-Instruct,1,,decode,1800,64,,4220.53125,,unspecified,0,,,,0.04902181438371247,237.54084,,,raw_pruned,False,1210c606499874a286056e7e1b6af84dc9e6d2ffc691d3aeb200596d6365c69c,sha256:0da4d3e4d430f404f59944ee32c33062882bbcbb95d465c522501a3a192994d9,,,/home/pdblend4/results/2026-09-21/pdblend-optimization/profile-v2-parallel/pair-23/raw.json,dafe24d8c855cf3acb6aa855ddb213f6e6f6aaf4da30a7dbedb8bb0d26e60003,samples/d-1800-4096-64-r0.json,,
7944cf53cf7ac175d64005ad,,Qwen2.5-7B-Instruct,1,,decode,1800,64,,4220.515625,,unspecified,1,,,,0.04902705725501565,237.92952000000002,,,raw_pruned,False,1210c606499874a286056e7e1b6af84dc9e6d2ffc691d3aeb200596d6365c69c,sha256:0da4d3e4d430f404f59944ee32c33062882bbcbb95d465c522501a3a192994d9,,,/home/pdblend4/results/2026-09-21/pdblend-optimization/profile-v2-parallel/pair-23/raw.json,dafe24d8c855cf3acb6aa855ddb213f6e6f6aaf4da30a7dbedb8bb0d26e60003,samples/d-1800-4096-64-r1.json,,
431560e803a922d6b459725a,,Qwen2.5-7B-Instruct,1,,decode,1800,64,,4220.515625,,unspecified,2,,,,0.049022761045717726,237.61507,,,raw_pruned,False,1210c606499874a286056e7e1b6af84dc9e6d2ffc691d3aeb200596d6365c69c,sha256:0da4d3e4d430f404f59944ee32c33062882bbcbb95d465c522501a3a192994d9,,,/home/pdblend4/results/2026-09-21/pdblend-optimization/profile-v2-parallel/pair-23/raw.json,dafe24d8c855cf3acb6aa855ddb213f6e6f6aaf4da30a7dbedb8bb0d26e60003,samples/d-1800-4096-64-r2.json,,
a7b0cbb354ddeac1102f86e0,,Qwen2.5-7B-Instruct,1,,mixed,1500,8,,1024,,unspecified,,,,,,,,,raw_pruned,False,1210c606499874a286056e7e1b6af84dc9e6d2ffc691d3aeb200596d6365c69c,sha256:0da4d3e4d430f404f59944ee32c33062882bbcbb95d465c522501a3a192994d9,,,/home/pdblend4/results/2026-09-21/pdblend-optimization/profile-v2-parallel/pair-23/raw.json,dafe24d8c855cf3acb6aa855ddb213f6e6f6aaf4da30a7dbedb8bb0d26e60003,samples/mixed-1500-8-512.json,,
52aaf70822cec144a3fe6e2f,,Qwen2.5-7B-Instruct,1,,mixed,1500,8,,1024,,unspecified,,,,,,,,,raw_pruned,False,1210c606499874a286056e7e1b6af84dc9e6d2ffc691d3aeb200596d6365c69c,sha256:0da4d3e4d430f404f59944ee32c33062882bbcbb95d465c522501a3a192994d9,,,/home/pdblend4/results/2026-09-21/pdblend-optimization/profile-v2-parallel/pair-23/raw.json,dafe24d8c855cf3acb6aa855ddb213f6e6f6aaf4da30a7dbedb8bb0d26e60003,samples/mixed-1500-8-2048.json,,
c16573468cd2516384a5b011,,Qwen2.5-7B-Instruct,1,,mixed,1500,32,,1024,,unspecified,,,,,,,,,raw_pruned,False,1210c606499874a286056e7e1b6af84dc9e6d2ffc691d3aeb200596d6365c69c,sha256:0da4d3e4d430f404f59944ee32c33062882bbcbb95d465c522501a3a192994d9,,,/home/pdblend4/results/2026-09-21/pdblend-optimization/profile-v2-parallel/pair-23/raw.json,dafe24d8c855cf3acb6aa855ddb213f6e6f6aaf4da30a7dbedb8bb0d26e60003,samples/mixed-1500-32-512.json,,
254a5a5107ef2fde3d5cfddf,,Qwen2.5-7B-Instruct,1,,mixed,1500,32,,1024,,unspecified,,,,,,,,,raw_pruned,False,1210c606499874a286056e7e1b6af84dc9e6d2ffc691d3aeb200596d6365c69c,sha256:0da4d3e4d430f404f59944ee32c33062882bbcbb95d465c522501a3a192994d9,,,/home/pdblend4/results/2026-09-21/pdblend-optimization/profile-v2-parallel/pair-23/raw.json,dafe24d8c855cf3acb6aa855ddb213f6e6f6aaf4da30a7dbedb8bb0d26e60003,samples/mixed-1500-32-2048.json,,
9f19c68908f23867828ad05e,,Qwen2.5-7B-Instruct,1,,prefill,900,,128,,,unspecified,,40,0.0510636568069458,,,172.79223726073582,,,raw_pruned,False,1210c606499874a286056e7e1b6af84dc9e6d2ffc691d3aeb200596d6365c69c,sha256:0da4d3e4d430f404f59944ee32c33062882bbcbb95d465c522501a3a192994d9,,,/home/pdblend4/results/2026-09-21/pdblend-optimization/profile-v2-parallel/pair-01/raw.json,d93b31022573e2052f7260c66b4fa8f44f40f69d43a05b9f7db3d679c146ccbd,,,
e8205d0bd720d637307ee2bd,,Qwen2.5-7B-Instruct,1,,prefill,900,,512,,,unspecified,,12,0.17875587940216064,,,178.7394397168959,,,raw_pruned,False,1210c606499874a286056e7e1b6af84dc9e6d2ffc691d3aeb200596d6365c69c,sha256:0da4d3e4d430f404f59944ee32c33062882bbcbb95d465c522501a3a192994d9,,,/home/pdblend4/results/2026-09-21/pdblend-optimization/profile-v2-parallel/pair-01/raw.json,d93b31022573e2052f7260c66b4fa8f44f40f69d43a05b9f7db3d679c146ccbd,,,
e49497d2818dfbe34e0cd940,,Qwen2.5-7B-Instruct,1,,prefill,900,,1024,,,unspecified,,6,0.3510955572128296,,,166.0065192386062,,,raw_pruned,False,1210c606499874a286056e7e1b6af84dc9e6d2ffc691d3aeb200596d6365c69c,sha256:0da4d3e4d430f404f59944ee32c33062882bbcbb95d465c522501a3a192994d9,,,/home/pdblend4/results/2026-09-21/pdblend-optimization/profile-v2-parallel/pair-01/raw.json,d93b31022573e2052f7260c66b4fa8f44f40f69d43a05b9f7db3d679c146ccbd,,,
0226fb5ab43aa724fc9c32d0,,Qwen2.5-7B-Instruct,1,,prefill,900,,2048,,,unspecified,,3,0.6973752975463867,,,152.8708402493411,,,raw_pruned,False,1210c606499874a286056e7e1b6af84dc9e6d2ffc691d3aeb200596d6365c69c,sha256:0da4d3e4d430f404f59944ee32c33062882bbcbb95d465c522501a3a192994d9,,,/home/pdblend4/results/2026-09-21/pdblend-optimization/profile-v2-parallel/pair-01/raw.json,d93b31022573e2052f7260c66b4fa8f44f40f69d43a05b9f7db3d679c146ccbd,,,
d1752d2c9eda168108846135,,Qwen2.5-7B-Instruct,1,,prefill,900,,4096,,,unspecified,,3,1.430708408355713,,,153.58690114064024,,,raw_pruned,False,1210c606499874a286056e7e1b6af84dc9e6d2ffc691d3aeb200596d6365c69c,sha256:0da4d3e4d430f404f59944ee32c33062882bbcbb95d465c522501a3a192994d9,,,/home/pdblend4/results/2026-09-21/pdblend-optimization/profile-v2-parallel/pair-01/raw.json,d93b31022573e2052f7260c66b4fa8f44f40f69d43a05b9f7db3d679c146ccbd,,,
287289d977ffeac125918737,,Qwen2.5-7B-Instruct,1,,prefill,900,,7168,,,unspecified,,3,2.6257612705230713,,,154.4816826862629,,,raw_pruned,False,1210c606499874a286056e7e1b6af84dc9e6d2ffc691d3aeb200596d6365c69c,sha256:0da4d3e4d430f404f59944ee32c33062882bbcbb95d465c522501a3a192994d9,,,/home/pdblend4/results/2026-09-21/pdblend-optimization/profile-v2-parallel/pair-01/raw.json,d93b31022573e2052f7260c66b4fa8f44f40f69d43a05b9f7db3d679c146ccbd,,,
50708cabda22df807c7d564b,,Qwen2.5-7B-Instruct,1,,prefill,1200,,128,,,unspecified,,50,0.04009890556335449,,,198.92448770442542,,,raw_pruned,False,1210c606499874a286056e7e1b6af84dc9e6d2ffc691d3aeb200596d6365c69c,sha256:0da4d3e4d430f404f59944ee32c33062882bbcbb95d465c522501a3a192994d9,,,/home/pdblend4/results/2026-09-21/pdblend-optimization/profile-v2-parallel/pair-01/raw.json,d93b31022573e2052f7260c66b4fa8f44f40f69d43a05b9f7db3d679c146ccbd,,,
1a680f0e0f5d47a1f8b46b36,,Qwen2.5-7B-Instruct,1,,prefill,1200,,512,,,unspecified,,15,0.1358203887939453,,,205.2726320933812,,,raw_pruned,False,1210c606499874a286056e7e1b6af84dc9e6d2ffc691d3aeb200596d6365c69c,sha256:0da4d3e4d430f404f59944ee32c33062882bbcbb95d465c522501a3a192994d9,,,/home/pdblend4/results/2026-09-21/pdblend-optimization/profile-v2-parallel/pair-01/raw.json,d93b31022573e2052f7260c66b4fa8f44f40f69d43a05b9f7db3d679c146ccbd,,,
076038c2498e690b2a75b4e9,,Qwen2.5-7B-Instruct,1,,prefill,1200,,1024,,,unspecified,,8,0.2662712335586548,,,198.26916859587823,,,raw_pruned,False,1210c606499874a286056e7e1b6af84dc9e6d2ffc691d3aeb200596d6365c69c,sha256:0da4d3e4d430f404f59944ee32c33062882bbcbb95d465c522501a3a192994d9,,,/home/pdblend4/results/2026-09-21/pdblend-optimization/profile-v2-parallel/pair-01/raw.json,d93b31022573e2052f7260c66b4fa8f44f40f69d43a05b9f7db3d679c146ccbd,,,
f70fc2b8922f5f274d9eba3c,,Qwen2.5-7B-Instruct,1,,prefill,1200,,2048,,,unspecified,,4,0.5279810428619385,,,187.6873939840352,,,raw_pruned,False,1210c606499874a286056e7e1b6af84dc9e6d2ffc691d3aeb200596d6365c69c,sha256:0da4d3e4d430f404f59944ee32c33062882bbcbb95d465c522501a3a192994d9,,,/home/pdblend4/results/2026-09-21/pdblend-optimization/profile-v2-parallel/pair-01/raw.json,d93b31022573e2052f7260c66b4fa8f44f40f69d43a05b9f7db3d679c146ccbd,,,
71822f67d55d4ebaf3100f75,,Qwen2.5-7B-Instruct,1,,prefill,1200,,4096,,,unspecified,,3,1.0831704139709473,,,180.0612014015323,,,raw_pruned,False,1210c606499874a286056e7e1b6af84dc9e6d2ffc691d3aeb200596d6365c69c,sha256:0da4d3e4d430f404f59944ee32c33062882bbcbb95d465c522501a3a192994d9,,,/home/pdblend4/results/2026-09-21/pdblend-optimization/profile-v2-parallel/pair-01/raw.json,d93b31022573e2052f7260c66b4fa8f44f40f69d43a05b9f7db3d679c146ccbd,,,
fad318073d6fb2d78e5eb3bd,,Qwen2.5-7B-Instruct,1,,prefill,1200,,7168,,,unspecified,,3,1.9863665103912354,,,184.3182944464057,,,raw_pruned,False,1210c606499874a286056e7e1b6af84dc9e6d2ffc691d3aeb200596d6365c69c,sha256:0da4d3e4d430f404f59944ee32c33062882bbcbb95d465c522501a3a192994d9,,,/home/pdblend4/results/2026-09-21/pdblend-optimization/profile-v2-parallel/pair-01/raw.json,d93b31022573e2052f7260c66b4fa8f44f40f69d43a05b9f7db3d679c146ccbd,,,
e18215087292b24e5dd95fe9,,Qwen2.5-7B-Instruct,1,,decode,900,1,,477.0,,unspecified,0,,,,0.022124565808118973,201.44974,,,raw_pruned,False,1210c606499874a286056e7e1b6af84dc9e6d2ffc691d3aeb200596d6365c69c,sha256:0da4d3e4d430f404f59944ee32c33062882bbcbb95d465c522501a3a192994d9,,,/home/pdblend4/results/2026-09-21/pdblend-optimization/profile-v2-parallel/pair-01/raw.json,d93b31022573e2052f7260c66b4fa8f44f40f69d43a05b9f7db3d679c146ccbd,samples/d-900-256-1-r0.json,,
b6ae2331086a02528003cd48,,Qwen2.5-7B-Instruct,1,,decode,900,1,,477.0,,unspecified,1,,,,0.02212559543879686,202.32254,,,raw_pruned,False,1210c606499874a286056e7e1b6af84dc9e6d2ffc691d3aeb200596d6365c69c,sha256:0da4d3e4d430f404f59944ee32c33062882bbcbb95d465c522501a3a192994d9,,,/home/pdblend4/results/2026-09-21/pdblend-optimization/profile-v2-parallel/pair-01/raw.json,d93b31022573e2052f7260c66b4fa8f44f40f69d43a05b9f7db3d679c146ccbd,samples/d-900-256-1-r1.json,,
7e071039278af72679378192,,Qwen2.5-7B-Instruct,1,,decode,900,1,,477.0,,unspecified,2,,,,0.02213100838450204,202.34833999999998,,,raw_pruned,False,1210c606499874a286056e7e1b6af84dc9e6d2ffc691d3aeb200596d6365c69c,sha256:0da4d3e4d430f404f59944ee32c33062882bbcbb95d465c522501a3a192994d9,,,/home/pdblend4/results/2026-09-21/pdblend-optimization/profile-v2-parallel/pair-01/raw.json,d93b31022573e2052f7260c66b4fa8f44f40f69d43a05b9f7db3d679c146ccbd,samples/d-900-256-1-r2.json,,
50552cf0a2713aff3aa35b32,,Qwen2.5-7B-Instruct,1,,decode,900,4,,447.25,,unspecified,0,,,,0.02577686432710628,182.0744,,,raw_pruned,False,1210c606499874a286056e7e1b6af84dc9e6d2ffc691d3aeb200596d6365c69c,sha256:0da4d3e4d430f404f59944ee32c33062882bbcbb95d465c522501a3a192994d9,,,/home/pdblend4/results/2026-09-21/pdblend-optimization/profile-v2-parallel/pair-01/raw.json,d93b31022573e2052f7260c66b4fa8f44f40f69d43a05b9f7db3d679c146ccbd,samples/d-900-256-4-r0.json,,
abcb81e737ee371b3441137b,,Qwen2.5-7B-Instruct,1,,decode,900,4,,446.75,,unspecified,1,,,,0.025907481890268275,181.12143,,,raw_pruned,False,1210c606499874a286056e7e1b6af84dc9e6d2ffc691d3aeb200596d6365c69c,sha256:0da4d3e4d430f404f59944ee32c33062882bbcbb95d465c522501a3a192994d9,,,/home/pdblend4/results/2026-09-21/pdblend-optimization/profile-v2-parallel/pair-01/raw.json,d93b31022573e2052f7260c66b4fa8f44f40f69d43a05b9f7db3d679c146ccbd,samples/d-900-256-4-r1.json,,
d441ee17993c010e87714a91,,Qwen2.5-7B-Instruct,1,,decode,900,4,,447.25,,unspecified,2,,,,0.025778329249509832,182.05737373737375,,,raw_pruned,False,1210c606499874a286056e7e1b6af84dc9e6d2ffc691d3aeb200596d6365c69c,sha256:0da4d3e4d430f404f59944ee32c33062882bbcbb95d465c522501a3a192994d9,,,/home/pdblend4/results/2026-09-21/pdblend-optimization/profile-v2-parallel/pair-01/raw.json,d93b31022573e2052f7260c66b4fa8f44f40f69d43a05b9f7db3d679c146ccbd,samples/d-900-256-4-r2.json,,
2daa45d7173d07d4e4575b63,,Qwen2.5-7B-Instruct,1,,decode,900,8,,442.125,,unspecified,0,,,,0.02659857653556986,183.52008,,,raw_pruned,False,1210c606499874a286056e7e1b6af84dc9e6d2ffc691d3aeb200596d6365c69c,sha256:0da4d3e4d430f404f59944ee32c33062882bbcbb95d465c522501a3a192994d9,,,/home/pdblend4/results/2026-09-21/pdblend-optimization/profile-v2-parallel/pair-01/raw.json,d93b31022573e2052f7260c66b4fa8f44f40f69d43a05b9f7db3d679c146ccbd,samples/d-900-256-8-r0.json,,
9e7b525e33d12992ebf297d9,,Qwen2.5-7B-Instruct,1,,decode,900,8,,442.125,,unspecified,1,,,,0.02659787269348794,183.96808000000001,,,raw_pruned,False,1210c606499874a286056e7e1b6af84dc9e6d2ffc691d3aeb200596d6365c69c,sha256:0da4d3e4d430f404f59944ee32c33062882bbcbb95d465c522501a3a192994d9,,,/home/pdblend4/results/2026-09-21/pdblend-optimization/profile-v2-parallel/pair-01/raw.json,d93b31022573e2052f7260c66b4fa8f44f40f69d43a05b9f7db3d679c146ccbd,samples/d-900-256-8-r1.json,,
9179f769263275a5772fed5e,,Qwen2.5-7B-Instruct,1,,decode,900,8,,442.125,,unspecified,2,,,,0.026598272171426327,183.77858,,,raw_pruned,False,1210c606499874a286056e7e1b6af84dc9e6d2ffc691d3aeb200596d6365c69c,sha256:0da4d3e4d430f404f59944ee32c33062882bbcbb95d465c522501a3a192994d9,,,/home/pdblend4/results/2026-09-21/pdblend-optimization/profile-v2-parallel/pair-01/raw.json,d93b31022573e2052f7260c66b4fa8f44f40f69d43a05b9f7db3d679c146ccbd,samples/d-900-256-8-r2.json,,
8ea8c0fa4d756b7bd97955fd,,Qwen2.5-7B-Instruct,1,,decode,900,16,,439.0625,,unspecified,0,,,,0.027184486389160156,189.39976,,,raw_pruned,False,1210c606499874a286056e7e1b6af84dc9e6d2ffc691d3aeb200596d6365c69c,sha256:0da4d3e4d430f404f59944ee32c33062882bbcbb95d465c522501a3a192994d9,,,/home/pdblend4/results/2026-09-21/pdblend-optimization/profile-v2-parallel/pair-01/raw.json,d93b31022573e2052f7260c66b4fa8f44f40f69d43a05b9f7db3d679c146ccbd,samples/d-900-256-16-r0.json,,
12be2dd7af0d692f61f57d94,,Qwen2.5-7B-Instruct,1,,decode,900,16,,439.0625,,unspecified,1,,,,0.027175239894701088,188.87771,,,raw_pruned,False,1210c606499874a286056e7e1b6af84dc9e6d2ffc691d3aeb200596d6365c69c,sha256:0da4d3e4d430f404f59944ee32c33062882bbcbb95d465c522501a3a192994d9,,,/home/pdblend4/results/2026-09-21/pdblend-optimization/profile-v2-parallel/pair-01/raw.json,d93b31022573e2052f7260c66b4fa8f44f40f69d43a05b9f7db3d679c146ccbd,samples/d-900-256-16-r1.json,,
9d9e4f5ca64698715ef62b30,,Qwen2.5-7B-Instruct,1,,decode,900,16,,439.0625,,unspecified,2,,,,0.02717778734538866,189.14804,,,raw_pruned,False,1210c606499874a286056e7e1b6af84dc9e6d2ffc691d3aeb200596d6365c69c,sha256:0da4d3e4d430f404f59944ee32c33062882bbcbb95d465c522501a3a192994d9,,,/home/pdblend4/results/2026-09-21/pdblend-optimization/profile-v2-parallel/pair-01/raw.json,d93b31022573e2052f7260c66b4fa8f44f40f69d43a05b9f7db3d679c146ccbd,samples/d-900-256-16-r2.json,,
1611849e8b751f22ace02d29,,Qwen2.5-7B-Instruct,1,,decode,900,32,,421.53125,,unspecified,0,,,,0.030681133270263672,195.60583,,,raw_pruned,False,1210c606499874a286056e7e1b6af84dc9e6d2ffc691d3aeb200596d6365c69c,sha256:0da4d3e4d430f404f59944ee32c33062882bbcbb95d465c522501a3a192994d9,,,/home/pdblend4/results/2026-09-21/pdblend-optimization/profile-v2-parallel/pair-01/raw.json,d93b31022573e2052f7260c66b4fa8f44f40f69d43a05b9f7db3d679c146ccbd,samples/d-900-256-32-r0.json,,
6baca93ae7d7f4b64f914409,,Qwen2.5-7B-Instruct,1,,decode,900,32,,421.53125,,unspecified,1,,,,0.030677504334713054,196.16706,,,raw_pruned,False,1210c606499874a286056e7e1b6af84dc9e6d2ffc691d3aeb200596d6365c69c,sha256:0da4d3e4d430f404f59944ee32c33062882bbcbb95d465c522501a3a192994d9,,,/home/pdblend4/results/2026-09-21/pdblend-optimization/profile-v2-parallel/pair-01/raw.json,d93b31022573e2052f7260c66b4fa8f44f40f69d43a05b9f7db3d679c146ccbd,samples/d-900-256-32-r1.json,,
e325df3345d5df25fd5df9e6,,Qwen2.5-7B-Instruct,1,,decode,900,32,,421.53125,,unspecified,2,,,,0.03067605334556907,195.72312999999997,,,raw_pruned,False,1210c606499874a286056e7e1b6af84dc9e6d2ffc691d3aeb200596d6365c69c,sha256:0da4d3e4d430f404f59944ee32c33062882bbcbb95d465c522501a3a192994d9,,,/home/pdblend4/results/2026-09-21/pdblend-optimization/profile-v2-parallel/pair-01/raw.json,d93b31022573e2052f7260c66b4fa8f44f40f69d43a05b9f7db3d679c146ccbd,samples/d-900-256-32-r2.json,,
ca02dd9ab7719cb26357df31,,Qwen2.5-7B-Instruct,1,,decode,900,64,,409.515625,,unspecified,0,,,,0.03333574295043945,205.69432,,,raw_pruned,False,1210c606499874a286056e7e1b6af84dc9e6d2ffc691d3aeb200596d6365c69c,sha256:0da4d3e4d430f404f59944ee32c33062882bbcbb95d465c522501a3a192994d9,,,/home/pdblend4/results/2026-09-21/pdblend-optimization/profile-v2-parallel/pair-01/raw.json,d93b31022573e2052f7260c66b4fa8f44f40f69d43a05b9f7db3d679c146ccbd,samples/d-900-256-64-r0.json,,
f03955f69537c89bedfa63c7,,Qwen2.5-7B-Instruct,1,,decode,900,64,,409.515625,,unspecified,1,,,,0.033338130315144855,204.74831999999998,,,raw_pruned,False,1210c606499874a286056e7e1b6af84dc9e6d2ffc691d3aeb200596d6365c69c,sha256:0da4d3e4d430f404f59944ee32c33062882bbcbb95d465c522501a3a192994d9,,,/home/pdblend4/results/2026-09-21/pdblend-optimization/profile-v2-parallel/pair-01/raw.json,d93b31022573e2052f7260c66b4fa8f44f40f69d43a05b9f7db3d679c146ccbd,samples/d-900-256-64-r1.json,,
a8907264e2500642cc08a1dd,,Qwen2.5-7B-Instruct,1,,decode,900,64,,409.515625,,unspecified,2,,,,0.03333670616149902,205.04367,,,raw_pruned,False,1210c606499874a286056e7e1b6af84dc9e6d2ffc691d3aeb200596d6365c69c,sha256:0da4d3e4d430f404f59944ee32c33062882bbcbb95d465c522501a3a192994d9,,,/home/pdblend4/results/2026-09-21/pdblend-optimization/profile-v2-parallel/pair-01/raw.json,d93b31022573e2052f7260c66b4fa8f44f40f69d43a05b9f7db3d679c146ccbd,samples/d-900-256-64-r2.json,,
1777c8c77fd01ca32b2059bf,,Qwen2.5-7B-Instruct,1,,decode,900,128,,350.5078125,,unspecified,0,,,,0.059532057671319874,197.25376,,,raw_pruned,False,1210c606499874a286056e7e1b6af84dc9e6d2ffc691d3aeb200596d6365c69c,sha256:0da4d3e4d430f404f59944ee32c33062882bbcbb95d465c522501a3a192994d9,,,/home/pdblend4/results/2026-09-21/pdblend-optimization/profile-v2-parallel/pair-01/raw.json,d93b31022573e2052f7260c66b4fa8f44f40f69d43a05b9f7db3d679c146ccbd,samples/d-900-256-128-r0.json,,
87b139582562f25c758f46b1,,Qwen2.5-7B-Instruct,1,,decode,900,128,,349.5078125,,unspecified,1,,,,0.059534575257982524,196.16137999999998,,,raw_pruned,False,1210c606499874a286056e7e1b6af84dc9e6d2ffc691d3aeb200596d6365c69c,sha256:0da4d3e4d430f404f59944ee32c33062882bbcbb95d465c522501a3a192994d9,,,/home/pdblend4/results/2026-09-21/pdblend-optimization/profile-v2-parallel/pair-01/raw.json,d93b31022573e2052f7260c66b4fa8f44f40f69d43a05b9f7db3d679c146ccbd,samples/d-900-256-128-r1.json,,
01aa0e4ccb44f6302f65ea00,,Qwen2.5-7B-Instruct,1,,decode,900,128,,350.0078125,,unspecified,2,,,,0.05883095685173483,197.05810000000002,,,raw_pruned,False,1210c606499874a286056e7e1b6af84dc9e6d2ffc691d3aeb200596d6365c69c,sha256:0da4d3e4d430f404f59944ee32c33062882bbcbb95d465c522501a3a192994d9,,,/home/pdblend4/results/2026-09-21/pdblend-optimization/profile-v2-parallel/pair-01/raw.json,d93b31022573e2052f7260c66b4fa8f44f40f69d43a05b9f7db3d679c146ccbd,samples/d-900-256-128-r2.json,,
a295d7f0b3f4901a0c0a0d67,,Qwen2.5-7B-Instruct,1,,decode,900,256,,315.98046875,,unspecified,0,,,,0.1163046027338782,183.94471000000001,,,raw_pruned,False,1210c606499874a286056e7e1b6af84dc9e6d2ffc691d3aeb200596d6365c69c,sha256:0da4d3e4d430f404f59944ee32c33062882bbcbb95d465c522501a3a192994d9,,,/home/pdblend4/results/2026-09-21/pdblend-optimization/profile-v2-parallel/pair-01/raw.json,d93b31022573e2052f7260c66b4fa8f44f40f69d43a05b9f7db3d679c146ccbd,samples/d-900-256-256-r0.json,,
608305397b8a2ee40c4cee82,,Qwen2.5-7B-Instruct,1,,decode,900,256,,315.9765625,,unspecified,1,,,,0.11632178550542788,184.31254,,,raw_pruned,False,1210c606499874a286056e7e1b6af84dc9e6d2ffc691d3aeb200596d6365c69c,sha256:0da4d3e4d430f404f59944ee32c33062882bbcbb95d465c522501a3a192994d9,,,/home/pdblend4/results/2026-09-21/pdblend-optimization/profile-v2-parallel/pair-01/raw.json,d93b31022573e2052f7260c66b4fa8f44f40f69d43a05b9f7db3d679c146ccbd,samples/d-900-256-256-r1.json,,
95992ebb4206a2e9c149b82c,,Qwen2.5-7B-Instruct,1,,decode,900,256,,315.9765625,,unspecified,2,,,,0.11628531855206158,183.80384999999998,,,raw_pruned,False,1210c606499874a286056e7e1b6af84dc9e6d2ffc691d3aeb200596d6365c69c,sha256:0da4d3e4d430f404f59944ee32c33062882bbcbb95d465c522501a3a192994d9,,,/home/pdblend4/results/2026-09-21/pdblend-optimization/profile-v2-parallel/pair-01/raw.json,d93b31022573e2052f7260c66b4fa8f44f40f69d43a05b9f7db3d679c146ccbd,samples/d-900-256-256-r2.json,,
b598cab116b32c2bc38c6d1f,,Qwen2.5-7B-Instruct,1,,decode,900,1,,1243.5,,unspecified,0,,,,0.022226187388102215,200.49169999999998,,,raw_pruned,False,1210c606499874a286056e7e1b6af84dc9e6d2ffc691d3aeb200596d6365c69c,sha256:0da4d3e4d430f404f59944ee32c33062882bbcbb95d465c522501a3a192994d9,,,/home/pdblend4/results/2026-09-21/pdblend-optimization/profile-v2-parallel/pair-01/raw.json,d93b31022573e2052f7260c66b4fa8f44f40f69d43a05b9f7db3d679c146ccbd,samples/d-900-1024-1-r0.json,,
24843dd08ba6025a148aa261,,Qwen2.5-7B-Instruct,1,,decode,900,1,,1244.0,,unspecified,1,,,,0.02212539183355011,200.67854,,,raw_pruned,False,1210c606499874a286056e7e1b6af84dc9e6d2ffc691d3aeb200596d6365c69c,sha256:0da4d3e4d430f404f59944ee32c33062882bbcbb95d465c522501a3a192994d9,,,/home/pdblend4/results/2026-09-21/pdblend-optimization/profile-v2-parallel/pair-01/raw.json,d93b31022573e2052f7260c66b4fa8f44f40f69d43a05b9f7db3d679c146ccbd,samples/d-900-1024-1-r1.json,,
64a62f0c8d0d605affb4c83e,,Qwen2.5-7B-Instruct,1,,decode,900,1,,1244.0,,unspecified,2,,,,0.022127401512281028,200.86279,,,raw_pruned,False,1210c606499874a286056e7e1b6af84dc9e6d2ffc691d3aeb200596d6365c69c,sha256:0da4d3e4d430f404f59944ee32c33062882bbcbb95d465c522501a3a192994d9,,,/home/pdblend4/results/2026-09-21/pdblend-optimization/profile-v2-parallel/pair-01/raw.json,d93b31022573e2052f7260c66b4fa8f44f40f69d43a05b9f7db3d679c146ccbd,samples/d-900-1024-1-r2.json,,
f75e0c3dfb95ff1dcb171418,,Qwen2.5-7B-Instruct,1,,decode,900,4,,1211.5,,unspecified,0,,,,0.026387057392452513,179.79546,,,raw_pruned,False,1210c606499874a286056e7e1b6af84dc9e6d2ffc691d3aeb200596d6365c69c,sha256:0da4d3e4d430f404f59944ee32c33062882bbcbb95d465c522501a3a192994d9,,,/home/pdblend4/results/2026-09-21/pdblend-optimization/profile-v2-parallel/pair-01/raw.json,d93b31022573e2052f7260c66b4fa8f44f40f69d43a05b9f7db3d679c146ccbd,samples/d-900-1024-4-r0.json,,
6a684526b67f32801ce0167e,,Qwen2.5-7B-Instruct,1,,decode,900,4,,1211.75,,unspecified,1,,,,0.02645867842215079,179.8311212121212,,,raw_pruned,False,1210c606499874a286056e7e1b6af84dc9e6d2ffc691d3aeb200596d6365c69c,sha256:0da4d3e4d430f404f59944ee32c33062882bbcbb95d465c522501a3a192994d9,,,/home/pdblend4/results/2026-09-21/pdblend-optimization/profile-v2-parallel/pair-01/raw.json,d93b31022573e2052f7260c66b4fa8f44f40f69d43a05b9f7db3d679c146ccbd,samples/d-900-1024-4-r1.json,,
be07bb9a6ae640b4bdc07a8f,,Qwen2.5-7B-Instruct,1,,decode,900,4,,1211.625,,unspecified,2,,,,0.02645711545591001,179.5886,,,raw_pruned,False,1210c606499874a286056e7e1b6af84dc9e6d2ffc691d3aeb200596d6365c69c,sha256:0da4d3e4d430f404f59944ee32c33062882bbcbb95d465c522501a3a192994d9,,,/home/pdblend4/results/2026-09-21/pdblend-optimization/profile-v2-parallel/pair-01/raw.json,d93b31022573e2052f7260c66b4fa8f44f40f69d43a05b9f7db3d679c146ccbd,samples/d-900-1024-4-r2.json,,
37d154a6c6d33f6d678c9fe7,,Qwen2.5-7B-Instruct,1,,decode,900,8,,1205.625,,unspecified,0,,,,0.027323266847537515,182.89376000000001,,,raw_pruned,False,1210c606499874a286056e7e1b6af84dc9e6d2ffc691d3aeb200596d6365c69c,sha256:0da4d3e4d430f404f59944ee32c33062882bbcbb95d465c522501a3a192994d9,,,/home/pdblend4/results/2026-09-21/pdblend-optimization/profile-v2-parallel/pair-01/raw.json,d93b31022573e2052f7260c66b4fa8f44f40f69d43a05b9f7db3d679c146ccbd,samples/d-900-1024-8-r0.json,,
73eec895ec238f6594b9d535,,Qwen2.5-7B-Instruct,1,,decode,900,8,,1205.75,,unspecified,1,,,,0.027327289998205634,181.9955,,,raw_pruned,False,1210c606499874a286056e7e1b6af84dc9e6d2ffc691d3aeb200596d6365c69c,sha256:0da4d3e4d430f404f59944ee32c33062882bbcbb95d465c522501a3a192994d9,,,/home/pdblend4/results/2026-09-21/pdblend-optimization/profile-v2-parallel/pair-01/raw.json,d93b31022573e2052f7260c66b4fa8f44f40f69d43a05b9f7db3d679c146ccbd,samples/d-900-1024-8-r1.json,,
677af993c573eff6ddb320ea,,Qwen2.5-7B-Instruct,1,,decode,900,8,,1205.625,,unspecified,2,,,,0.027324379467573323,181.93851999999998,,,raw_pruned,False,1210c606499874a286056e7e1b6af84dc9e6d2ffc691d3aeb200596d6365c69c,sha256:0da4d3e4d430f404f59944ee32c33062882bbcbb95d465c522501a3a192994d9,,,/home/pdblend4/results/2026-09-21/pdblend-optimization/profile-v2-parallel/pair-01/raw.json,d93b31022573e2052f7260c66b4fa8f44f40f69d43a05b9f7db3d679c146ccbd,samples/d-900-1024-8-r2.json,,
d1668d29e0b9204f28f3878b,,Qwen2.5-7B-Instruct,1,,decode,900,16,,1198.0625,,unspecified,0,,,,0.028904581345574703,187.39736000000002,,,raw_pruned,False,1210c606499874a286056e7e1b6af84dc9e6d2ffc691d3aeb200596d6365c69c,sha256:0da4d3e4d430f404f59944ee32c33062882bbcbb95d465c522501a3a192994d9,,,/home/pdblend4/results/2026-09-21/pdblend-optimization/profile-v2-parallel/pair-01/raw.json,d93b31022573e2052f7260c66b4fa8f44f40f69d43a05b9f7db3d679c146ccbd,samples/d-900-1024-16-r0.json,,
a9a3fa7b0e092f841c8f355f,,Qwen2.5-7B-Instruct,1,,decode,900,16,,1198.6875,,unspecified,1,,,,0.028737099691369068,187.68587,,,raw_pruned,False,1210c606499874a286056e7e1b6af84dc9e6d2ffc691d3aeb200596d6365c69c,sha256:0da4d3e4d430f404f59944ee32c33062882bbcbb95d465c522501a3a192994d9,,,/home/pdblend4/results/2026-09-21/pdblend-optimization/profile-v2-parallel/pair-01/raw.json,d93b31022573e2052f7260c66b4fa8f44f40f69d43a05b9f7db3d679c146ccbd,samples/d-900-1024-16-r1.json,,
aa7a76e0a428bc33084a34e4,,Qwen2.5-7B-Instruct,1,,decode,900,16,,1198.5625,,unspecified,2,,,,0.028738826170734977,187.45547,,,raw_pruned,False,1210c606499874a286056e7e1b6af84dc9e6d2ffc691d3aeb200596d6365c69c,sha256:0da4d3e4d430f404f59944ee32c33062882bbcbb95d465c522501a3a192994d9,,,/home/pdblend4/results/2026-09-21/pdblend-optimization/profile-v2-parallel/pair-01/raw.json,d93b31022573e2052f7260c66b4fa8f44f40f69d43a05b9f7db3d679c146ccbd,samples/d-900-1024-16-r2.json,,
c692320c5c25675f1fde7b4f,,Qwen2.5-7B-Instruct,1,,decode,900,32,,1176.53125,,unspecified,0,,,,0.03379411471856607,193.85318999999998,,,raw_pruned,False,1210c606499874a286056e7e1b6af84dc9e6d2ffc691d3aeb200596d6365c69c,sha256:0da4d3e4d430f404f59944ee32c33062882bbcbb95d465c522501a3a192994d9,,,/home/pdblend4/results/2026-09-21/pdblend-optimization/profile-v2-parallel/pair-01/raw.json,d93b31022573e2052f7260c66b4fa8f44f40f69d43a05b9f7db3d679c146ccbd,samples/d-900-1024-32-r0.json,,
e63c5e6447d2470212274275,,Qwen2.5-7B-Instruct,1,,decode,900,32,,1176.65625,,unspecified,1,,,,0.0337850580344329,193.30625,,,raw_pruned,False,1210c606499874a286056e7e1b6af84dc9e6d2ffc691d3aeb200596d6365c69c,sha256:0da4d3e4d430f404f59944ee32c33062882bbcbb95d465c522501a3a192994d9,,,/home/pdblend4/results/2026-09-21/pdblend-optimization/profile-v2-parallel/pair-01/raw.json,d93b31022573e2052f7260c66b4fa8f44f40f69d43a05b9f7db3d679c146ccbd,samples/d-900-1024-32-r1.json,,
8850e860d25453c2423d8ca7,,Qwen2.5-7B-Instruct,1,,decode,900,32,,1176.53125,,unspecified,2,,,,0.03378768063880302,193.54008000000002,,,raw_pruned,False,1210c606499874a286056e7e1b6af84dc9e6d2ffc691d3aeb200596d6365c69c,sha256:0da4d3e4d430f404f59944ee32c33062882bbcbb95d465c522501a3a192994d9,,,/home/pdblend4/results/2026-09-21/pdblend-optimization/profile-v2-parallel/pair-01/raw.json,d93b31022573e2052f7260c66b4fa8f44f40f69d43a05b9f7db3d679c146ccbd,samples/d-900-1024-32-r2.json,,
3ea7f1e664f330cefc3638e7,,Qwen2.5-7B-Instruct,1,,decode,900,64,,1161.015625,,unspecified,0,,,,0.03876319227292556,203.08728,,,raw_pruned,False,1210c606499874a286056e7e1b6af84dc9e6d2ffc691d3aeb200596d6365c69c,sha256:0da4d3e4d430f404f59944ee32c33062882bbcbb95d465c522501a3a192994d9,,,/home/pdblend4/results/2026-09-21/pdblend-optimization/profile-v2-parallel/pair-01/raw.json,d93b31022573e2052f7260c66b4fa8f44f40f69d43a05b9f7db3d679c146ccbd,samples/d-900-1024-64-r0.json,,
abc1a035ef73d0fb5427c8f5,,Qwen2.5-7B-Instruct,1,,decode,900,64,,1160.5234375,,unspecified,1,,,,0.039063723757863045,201.95418,,,raw_pruned,False,1210c606499874a286056e7e1b6af84dc9e6d2ffc691d3aeb200596d6365c69c,sha256:0da4d3e4d430f404f59944ee32c33062882bbcbb95d465c522501a3a192994d9,,,/home/pdblend4/results/2026-09-21/pdblend-optimization/profile-v2-parallel/pair-01/raw.json,d93b31022573e2052f7260c66b4fa8f44f40f69d43a05b9f7db3d679c146ccbd,samples/d-900-1024-64-r1.json,,
c8f68b708ab0b95118002515,,Qwen2.5-7B-Instruct,1,,decode,900,64,,1160.515625,,unspecified,2,,,,0.039070745930075645,201.77725999999998,,,raw_pruned,False,1210c606499874a286056e7e1b6af84dc9e6d2ffc691d3aeb200596d6365c69c,sha256:0da4d3e4d430f404f59944ee32c33062882bbcbb95d465c522501a3a192994d9,,,/home/pdblend4/results/2026-09-21/pdblend-optimization/profile-v2-parallel/pair-01/raw.json,d93b31022573e2052f7260c66b4fa8f44f40f69d43a05b9f7db3d679c146ccbd,samples/d-900-1024-64-r2.json,,
1ed5368d201143f3dd725d99,,Qwen2.5-7B-Instruct,1,,decode,900,128,,1112.0078125,,unspecified,0,,,,0.07045906698200065,194.93946,,,raw_pruned,False,1210c606499874a286056e7e1b6af84dc9e6d2ffc691d3aeb200596d6365c69c,sha256:0da4d3e4d430f404f59944ee32c33062882bbcbb95d465c522501a3a192994d9,,,/home/pdblend4/results/2026-09-21/pdblend-optimization/profile-v2-parallel/pair-01/raw.json,d93b31022573e2052f7260c66b4fa8f44f40f69d43a05b9f7db3d679c146ccbd,samples/d-900-1024-128-r0.json,,
d3304b433f39b591880efca3,,Qwen2.5-7B-Instruct,1,,decode,900,128,,1112.0078125,,unspecified,1,,,,0.07043364350224884,195.38825,,,raw_pruned,False,1210c606499874a286056e7e1b6af84dc9e6d2ffc691d3aeb200596d6365c69c,sha256:0da4d3e4d430f404f59944ee32c33062882bbcbb95d465c522501a3a192994d9,,,/home/pdblend4/results/2026-09-21/pdblend-optimization/profile-v2-parallel/pair-01/raw.json,d93b31022573e2052f7260c66b4fa8f44f40f69d43a05b9f7db3d679c146ccbd,samples/d-900-1024-128-r1.json,,
bd68c8e94167e3324d2237e7,,Qwen2.5-7B-Instruct,1,,decode,900,128,,1112.0078125,,unspecified,2,,,,0.07043989611343598,195.75992,,,raw_pruned,False,1210c606499874a286056e7e1b6af84dc9e6d2ffc691d3aeb200596d6365c69c,sha256:0da4d3e4d430f404f59944ee32c33062882bbcbb95d465c522501a3a192994d9,,,/home/pdblend4/results/2026-09-21/pdblend-optimization/profile-v2-parallel/pair-01/raw.json,d93b31022573e2052f7260c66b4fa8f44f40f69d43a05b9f7db3d679c146ccbd,samples/d-900-1024-128-r2.json,,
e08455a2f9aebeff4e5e262d,,Qwen2.5-7B-Instruct,1,,decode,900,256,,1089.390625,,unspecified,0,,,,0.13890286948945788,184.33164,,,raw_pruned,False,1210c606499874a286056e7e1b6af84dc9e6d2ffc691d3aeb200596d6365c69c,sha256:0da4d3e4d430f404f59944ee32c33062882bbcbb95d465c522501a3a192994d9,,,/home/pdblend4/results/2026-09-21/pdblend-optimization/profile-v2-parallel/pair-01/raw.json,d93b31022573e2052f7260c66b4fa8f44f40f69d43a05b9f7db3d679c146ccbd,samples/d-900-1024-256-r0.json,,
6f13b46cda4b22cf36b15ccc,,Qwen2.5-7B-Instruct,1,,decode,900,256,,1089.390625,,unspecified,1,,,,0.13890212774276733,184.70686,,,raw_pruned,False,1210c606499874a286056e7e1b6af84dc9e6d2ffc691d3aeb200596d6365c69c,sha256:0da4d3e4d430f404f59944ee32c33062882bbcbb95d465c522501a3a192994d9,,,/home/pdblend4/results/2026-09-21/pdblend-optimization/profile-v2-parallel/pair-01/raw.json,d93b31022573e2052f7260c66b4fa8f44f40f69d43a05b9f7db3d679c146ccbd,samples/d-900-1024-256-r1.json,,
739200dad284891f7a1d2776,,Qwen2.5-7B-Instruct,1,,decode,900,256,,1089.390625,,unspecified,2,,,,0.1389059689309862,185.01608,,,raw_pruned,False,1210c606499874a286056e7e1b6af84dc9e6d2ffc691d3aeb200596d6365c69c,sha256:0da4d3e4d430f404f59944ee32c33062882bbcbb95d465c522501a3a192994d9,,,/home/pdblend4/results/2026-09-21/pdblend-optimization/profile-v2-parallel/pair-01/raw.json,d93b31022573e2052f7260c66b4fa8f44f40f69d43a05b9f7db3d679c146ccbd,samples/d-900-1024-256-r2.json,,
4e3e821256c5ba740cab4614,,Qwen2.5-7B-Instruct,1,,decode,900,1,,4309.5,,unspecified,0,,,,0.022831551016193545,198.43498,,,raw_pruned,False,1210c606499874a286056e7e1b6af84dc9e6d2ffc691d3aeb200596d6365c69c,sha256:0da4d3e4d430f404f59944ee32c33062882bbcbb95d465c522501a3a192994d9,,,/home/pdblend4/results/2026-09-21/pdblend-optimization/profile-v2-parallel/pair-01/raw.json,d93b31022573e2052f7260c66b4fa8f44f40f69d43a05b9f7db3d679c146ccbd,samples/d-900-4096-1-r0.json,,
e6bc3413166735411fe88ca5,,Qwen2.5-7B-Instruct,1,,decode,900,1,,4309.5,,unspecified,1,,,,0.02283480069408678,198.62349999999998,,,raw_pruned,False,1210c606499874a286056e7e1b6af84dc9e6d2ffc691d3aeb200596d6365c69c,sha256:0da4d3e4d430f404f59944ee32c33062882bbcbb95d465c522501a3a192994d9,,,/home/pdblend4/results/2026-09-21/pdblend-optimization/profile-v2-parallel/pair-01/raw.json,d93b31022573e2052f7260c66b4fa8f44f40f69d43a05b9f7db3d679c146ccbd,samples/d-900-4096-1-r1.json,,
b0a2af6ea9dc53a75b5aaf7e,,Qwen2.5-7B-Instruct,1,,decode,900,1,,4309.5,,unspecified,2,,,,0.022835609575384826,199.08282,,,raw_pruned,False,1210c606499874a286056e7e1b6af84dc9e6d2ffc691d3aeb200596d6365c69c,sha256:0da4d3e4d430f404f59944ee32c33062882bbcbb95d465c522501a3a192994d9,,,/home/pdblend4/results/2026-09-21/pdblend-optimization/profile-v2-parallel/pair-01/raw.json,d93b31022573e2052f7260c66b4fa8f44f40f69d43a05b9f7db3d679c146ccbd,samples/d-900-4096-1-r2.json,,
8948fb66c9c21bb18a048b09,,Qwen2.5-7B-Instruct,1,,decode,900,4,,4274.25,,unspecified,0,,,,0.028409746560183437,179.75874,,,raw_pruned,False,1210c606499874a286056e7e1b6af84dc9e6d2ffc691d3aeb200596d6365c69c,sha256:0da4d3e4d430f404f59944ee32c33062882bbcbb95d465c522501a3a192994d9,,,/home/pdblend4/results/2026-09-21/pdblend-optimization/profile-v2-parallel/pair-01/raw.json,d93b31022573e2052f7260c66b4fa8f44f40f69d43a05b9f7db3d679c146ccbd,samples/d-900-4096-4-r0.json,,
c80151b4edfde06e3092066d,,Qwen2.5-7B-Instruct,1,,decode,900,4,,4273.25,,unspecified,1,,,,0.028252174625288968,179.90436000000003,,,raw_pruned,False,1210c606499874a286056e7e1b6af84dc9e6d2ffc691d3aeb200596d6365c69c,sha256:0da4d3e4d430f404f59944ee32c33062882bbcbb95d465c522501a3a192994d9,,,/home/pdblend4/results/2026-09-21/pdblend-optimization/profile-v2-parallel/pair-01/raw.json,d93b31022573e2052f7260c66b4fa8f44f40f69d43a05b9f7db3d679c146ccbd,samples/d-900-4096-4-r1.json,,
a1afa1ab8a758c70c399395b,,Qwen2.5-7B-Instruct,1,,decode,900,4,,4274.25,,unspecified,2,,,,0.02840965444391424,179.63214,,,raw_pruned,False,1210c606499874a286056e7e1b6af84dc9e6d2ffc691d3aeb200596d6365c69c,sha256:0da4d3e4d430f404f59944ee32c33062882bbcbb95d465c522501a3a192994d9,,,/home/pdblend4/results/2026-09-21/pdblend-optimization/profile-v2-parallel/pair-01/raw.json,d93b31022573e2052f7260c66b4fa8f44f40f69d43a05b9f7db3d679c146ccbd,samples/d-900-4096-4-r2.json,,
1868e91695f3f8fc39cf46cc,,Qwen2.5-7B-Instruct,1,,decode,900,8,,4262.625,,unspecified,0,,,,0.030494085172327552,183.68829000000002,,,raw_pruned,False,1210c606499874a286056e7e1b6af84dc9e6d2ffc691d3aeb200596d6365c69c,sha256:0da4d3e4d430f404f59944ee32c33062882bbcbb95d465c522501a3a192994d9,,,/home/pdblend4/results/2026-09-21/pdblend-optimization/profile-v2-parallel/pair-01/raw.json,d93b31022573e2052f7260c66b4fa8f44f40f69d43a05b9f7db3d679c146ccbd,samples/d-900-4096-8-r0.json,,
4966c1b478a90d45832f2a93,,Qwen2.5-7B-Instruct,1,,decode,900,8,,4262.625,,unspecified,1,,,,0.030493268152562585,183.4147,,,raw_pruned,False,1210c606499874a286056e7e1b6af84dc9e6d2ffc691d3aeb200596d6365c69c,sha256:0da4d3e4d430f404f59944ee32c33062882bbcbb95d465c522501a3a192994d9,,,/home/pdblend4/results/2026-09-21/pdblend-optimization/profile-v2-parallel/pair-01/raw.json,d93b31022573e2052f7260c66b4fa8f44f40f69d43a05b9f7db3d679c146ccbd,samples/d-900-4096-8-r1.json,,
19751e8edcfcbe5f5841d306,,Qwen2.5-7B-Instruct,1,,decode,900,8,,4262.125,,unspecified,2,,,,0.030304928981896604,183.41209999999998,,,raw_pruned,False,1210c606499874a286056e7e1b6af84dc9e6d2ffc691d3aeb200596d6365c69c,sha256:0da4d3e4d430f404f59944ee32c33062882bbcbb95d465c522501a3a192994d9,,,/home/pdblend4/results/2026-09-21/pdblend-optimization/profile-v2-parallel/pair-01/raw.json,d93b31022573e2052f7260c66b4fa8f44f40f69d43a05b9f7db3d679c146ccbd,samples/d-900-4096-8-r2.json,,
d8b90294f4aeb5c48efef1dc,,Qwen2.5-7B-Instruct,1,,decode,900,16,,4246.5625,,unspecified,0,,,,0.034724808401531644,188.90462,,,raw_pruned,False,1210c606499874a286056e7e1b6af84dc9e6d2ffc691d3aeb200596d6365c69c,sha256:0da4d3e4d430f404f59944ee32c33062882bbcbb95d465c522501a3a192994d9,,,/home/pdblend4/results/2026-09-21/pdblend-optimization/profile-v2-parallel/pair-01/raw.json,d93b31022573e2052f7260c66b4fa8f44f40f69d43a05b9f7db3d679c146ccbd,samples/d-900-4096-16-r0.json,,
8a2813ea1f2c867225fdca76,,Qwen2.5-7B-Instruct,1,,decode,900,16,,4239.5625,,unspecified,1,,,,0.038465039546673116,176.55398000000002,,,raw_pruned,False,1210c606499874a286056e7e1b6af84dc9e6d2ffc691d3aeb200596d6365c69c,sha256:0da4d3e4d430f404f59944ee32c33062882bbcbb95d465c522501a3a192994d9,,,/home/pdblend4/results/2026-09-21/pdblend-optimization/profile-v2-parallel/pair-01/raw.json,d93b31022573e2052f7260c66b4fa8f44f40f69d43a05b9f7db3d679c146ccbd,samples/d-900-4096-16-r1.json,,
3588c1e48e0b5f4f771bd415,,Qwen2.5-7B-Instruct,1,,decode,900,16,,4246.5625,,unspecified,2,,,,0.03472610976960924,188.96687999999997,,,raw_pruned,False,1210c606499874a286056e7e1b6af84dc9e6d2ffc691d3aeb200596d6365c69c,sha256:0da4d3e4d430f404f59944ee32c33062882bbcbb95d465c522501a3a192994d9,,,/home/pdblend4/results/2026-09-21/pdblend-optimization/profile-v2-parallel/pair-01/raw.json,d93b31022573e2052f7260c66b4fa8f44f40f69d43a05b9f7db3d679c146ccbd,samples/d-900-4096-16-r2.json,,
e32005899defa2813a70cb02,,Qwen2.5-7B-Instruct,1,,decode,900,32,,4220.03125,,unspecified,0,,,,0.045050567334836665,195.01694,,,raw_pruned,False,1210c606499874a286056e7e1b6af84dc9e6d2ffc691d3aeb200596d6365c69c,sha256:0da4d3e4d430f404f59944ee32c33062882bbcbb95d465c522501a3a192994d9,,,/home/pdblend4/results/2026-09-21/pdblend-optimization/profile-v2-parallel/pair-01/raw.json,d93b31022573e2052f7260c66b4fa8f44f40f69d43a05b9f7db3d679c146ccbd,samples/d-900-4096-32-r0.json,,
27d3a0b8b29ff21ebfa9f13a,,Qwen2.5-7B-Instruct,1,,decode,900,32,,4220.03125,,unspecified,1,,,,0.04506298228427096,194.43241,,,raw_pruned,False,1210c606499874a286056e7e1b6af84dc9e6d2ffc691d3aeb200596d6365c69c,sha256:0da4d3e4d430f404f59944ee32c33062882bbcbb95d465c522501a3a192994d9,,,/home/pdblend4/results/2026-09-21/pdblend-optimization/profile-v2-parallel/pair-01/raw.json,d93b31022573e2052f7260c66b4fa8f44f40f69d43a05b9f7db3d679c146ccbd,samples/d-900-4096-32-r1.json,,
9631ced69e0b344f57e08ffa,,Qwen2.5-7B-Instruct,1,,decode,900,32,,4220.03125,,unspecified,2,,,,0.045046015902682465,193.46595000000002,,,raw_pruned,False,1210c606499874a286056e7e1b6af84dc9e6d2ffc691d3aeb200596d6365c69c,sha256:0da4d3e4d430f404f59944ee32c33062882bbcbb95d465c522501a3a192994d9,,,/home/pdblend4/results/2026-09-21/pdblend-optimization/profile-v2-parallel/pair-01/raw.json,d93b31022573e2052f7260c66b4fa8f44f40f69d43a05b9f7db3d679c146ccbd,samples/d-900-4096-32-r2.json,,
66d93bd7e24510e9c4563ad1,,Qwen2.5-7B-Instruct,1,,decode,900,64,,4201.015625,,unspecified,0,,,,0.06174740084895381,199.29391999999999,,,raw_pruned,False,1210c606499874a286056e7e1b6af84dc9e6d2ffc691d3aeb200596d6365c69c,sha256:0da4d3e4d430f404f59944ee32c33062882bbcbb95d465c522501a3a192994d9,,,/home/pdblend4/results/2026-09-21/pdblend-optimization/profile-v2-parallel/pair-01/raw.json,d93b31022573e2052f7260c66b4fa8f44f40f69d43a05b9f7db3d679c146ccbd,samples/d-900-4096-64-r0.json,,
7042ce61b2d110d577bc334e,,Qwen2.5-7B-Instruct,1,,decode,900,64,,4201.515625,,unspecified,1,,,,0.06174919634689519,199.66305,,,raw_pruned,False,1210c606499874a286056e7e1b6af84dc9e6d2ffc691d3aeb200596d6365c69c,sha256:0da4d3e4d430f404f59944ee32c33062882bbcbb95d465c522501a3a192994d9,,,/home/pdblend4/results/2026-09-21/pdblend-optimization/profile-v2-parallel/pair-01/raw.json,d93b31022573e2052f7260c66b4fa8f44f40f69d43a05b9f7db3d679c146ccbd,samples/d-900-4096-64-r1.json,,
80aba182308ef37dd8844d3e,,Qwen2.5-7B-Instruct,1,,decode,900,64,,4201.515625,,unspecified,2,,,,0.06173445560314037,198.68738000000002,,,raw_pruned,False,1210c606499874a286056e7e1b6af84dc9e6d2ffc691d3aeb200596d6365c69c,sha256:0da4d3e4d430f404f59944ee32c33062882bbcbb95d465c522501a3a192994d9,,,/home/pdblend4/results/2026-09-21/pdblend-optimization/profile-v2-parallel/pair-01/raw.json,d93b31022573e2052f7260c66b4fa8f44f40f69d43a05b9f7db3d679c146ccbd,samples/d-900-4096-64-r2.json,,
a2d84bad3e99bcf4de210d5f,,Qwen2.5-7B-Instruct,1,,decode,1200,1,,484.0,,unspecified,0,,,,0.021369868873530984,207.63904,,,raw_pruned,False,1210c606499874a286056e7e1b6af84dc9e6d2ffc691d3aeb200596d6365c69c,sha256:0da4d3e4d430f404f59944ee32c33062882bbcbb95d465c522501a3a192994d9,,,/home/pdblend4/results/2026-09-21/pdblend-optimization/profile-v2-parallel/pair-01/raw.json,d93b31022573e2052f7260c66b4fa8f44f40f69d43a05b9f7db3d679c146ccbd,samples/d-1200-256-1-r0.json,,
f5572530aca37490bed30abc,,Qwen2.5-7B-Instruct,1,,decode,1200,1,,484.0,,unspecified,1,,,,0.02137015823625092,207.9349898989899,,,raw_pruned,False,1210c606499874a286056e7e1b6af84dc9e6d2ffc691d3aeb200596d6365c69c,sha256:0da4d3e4d430f404f59944ee32c33062882bbcbb95d465c522501a3a192994d9,,,/home/pdblend4/results/2026-09-21/pdblend-optimization/profile-v2-parallel/pair-01/raw.json,d93b31022573e2052f7260c66b4fa8f44f40f69d43a05b9f7db3d679c146ccbd,samples/d-1200-256-1-r1.json,,
8e8088d2c94492037c28d666,,Qwen2.5-7B-Instruct,1,,decode,1200,1,,484.0,,unspecified,2,,,,0.02137155104906131,208.25065999999998,,,raw_pruned,False,1210c606499874a286056e7e1b6af84dc9e6d2ffc691d3aeb200596d6365c69c,sha256:0da4d3e4d430f404f59944ee32c33062882bbcbb95d465c522501a3a192994d9,,,/home/pdblend4/results/2026-09-21/pdblend-optimization/profile-v2-parallel/pair-01/raw.json,d93b31022573e2052f7260c66b4fa8f44f40f69d43a05b9f7db3d679c146ccbd,samples/d-1200-256-1-r2.json,,
227127ca006d7c44c13bacb1,,Qwen2.5-7B-Instruct,1,,decode,1200,4,,463.25,,unspecified,0,,,,0.02358792637878994,191.83204,,,raw_pruned,False,1210c606499874a286056e7e1b6af84dc9e6d2ffc691d3aeb200596d6365c69c,sha256:0da4d3e4d430f404f59944ee32c33062882bbcbb95d465c522501a3a192994d9,,,/home/pdblend4/results/2026-09-21/pdblend-optimization/profile-v2-parallel/pair-01/raw.json,d93b31022573e2052f7260c66b4fa8f44f40f69d43a05b9f7db3d679c146ccbd,samples/d-1200-256-4-r0.json,,
4cfbf22966fc0b4a51926a4b,,Qwen2.5-7B-Instruct,1,,decode,1200,4,,463.25,,unspecified,1,,,,0.023589629047321824,191.80371,,,raw_pruned,False,1210c606499874a286056e7e1b6af84dc9e6d2ffc691d3aeb200596d6365c69c,sha256:0da4d3e4d430f404f59944ee32c33062882bbcbb95d465c522501a3a192994d9,,,/home/pdblend4/results/2026-09-21/pdblend-optimization/profile-v2-parallel/pair-01/raw.json,d93b31022573e2052f7260c66b4fa8f44f40f69d43a05b9f7db3d679c146ccbd,samples/d-1200-256-4-r1.json,,
f3b57e93944e8f8ae69ec745,,Qwen2.5-7B-Instruct,1,,decode,1200,4,,463.25,,unspecified,2,,,,0.023586378907257656,192.03310101010098,,,raw_pruned,False,1210c606499874a286056e7e1b6af84dc9e6d2ffc691d3aeb200596d6365c69c,sha256:0da4d3e4d430f404f59944ee32c33062882bbcbb95d465c522501a3a192994d9,,,/home/pdblend4/results/2026-09-21/pdblend-optimization/profile-v2-parallel/pair-01/raw.json,d93b31022573e2052f7260c66b4fa8f44f40f69d43a05b9f7db3d679c146ccbd,samples/d-1200-256-4-r2.json,,
41b5de816115dd706d1dbd3f,,Qwen2.5-7B-Instruct,1,,decode,1200,8,,458.125,,unspecified,0,,,,0.02427529478536069,194.55566,,,raw_pruned,False,1210c606499874a286056e7e1b6af84dc9e6d2ffc691d3aeb200596d6365c69c,sha256:0da4d3e4d430f404f59944ee32c33062882bbcbb95d465c522501a3a192994d9,,,/home/pdblend4/results/2026-09-21/pdblend-optimization/profile-v2-parallel/pair-01/raw.json,d93b31022573e2052f7260c66b4fa8f44f40f69d43a05b9f7db3d679c146ccbd,samples/d-1200-256-8-r0.json,,
0596be3604e46306cb39d0e2,,Qwen2.5-7B-Instruct,1,,decode,1200,8,,458.75,,unspecified,1,,,,0.024159201101404456,194.92404,,,raw_pruned,False,1210c606499874a286056e7e1b6af84dc9e6d2ffc691d3aeb200596d6365c69c,sha256:0da4d3e4d430f404f59944ee32c33062882bbcbb95d465c522501a3a192994d9,,,/home/pdblend4/results/2026-09-21/pdblend-optimization/profile-v2-parallel/pair-01/raw.json,d93b31022573e2052f7260c66b4fa8f44f40f69d43a05b9f7db3d679c146ccbd,samples/d-1200-256-8-r1.json,,
9bcfe9569d6db09e7ee7e675,,Qwen2.5-7B-Instruct,1,,decode,1200,8,,458.8125,,unspecified,2,,,,0.024157923776746373,194.78677,,,raw_pruned,False,1210c606499874a286056e7e1b6af84dc9e6d2ffc691d3aeb200596d6365c69c,sha256:0da4d3e4d430f404f59944ee32c33062882bbcbb95d465c522501a3a192994d9,,,/home/pdblend4/results/2026-09-21/pdblend-optimization/profile-v2-parallel/pair-01/raw.json,d93b31022573e2052f7260c66b4fa8f44f40f69d43a05b9f7db3d679c146ccbd,samples/d-1200-256-8-r2.json,,
1e3511254a65bdc2d53ff9ec,,Qwen2.5-7B-Instruct,1,,decode,1200,16,,455.5625,,unspecified,0,,,,0.024633394673540088,201.55808000000002,,,raw_pruned,False,1210c606499874a286056e7e1b6af84dc9e6d2ffc691d3aeb200596d6365c69c,sha256:0da4d3e4d430f404f59944ee32c33062882bbcbb95d465c522501a3a192994d9,,,/home/pdblend4/results/2026-09-21/pdblend-optimization/profile-v2-parallel/pair-01/raw.json,d93b31022573e2052f7260c66b4fa8f44f40f69d43a05b9f7db3d679c146ccbd,samples/d-1200-256-16-r0.json,,
fe1b56de974c6373bc8c4efe,,Qwen2.5-7B-Instruct,1,,decode,1200,16,,455.0625,,unspecified,1,,,,0.024756333615520213,201.84377,,,raw_pruned,False,1210c606499874a286056e7e1b6af84dc9e6d2ffc691d3aeb200596d6365c69c,sha256:0da4d3e4d430f404f59944ee32c33062882bbcbb95d465c522501a3a192994d9,,,/home/pdblend4/results/2026-09-21/pdblend-optimization/profile-v2-parallel/pair-01/raw.json,d93b31022573e2052f7260c66b4fa8f44f40f69d43a05b9f7db3d679c146ccbd,samples/d-1200-256-16-r1.json,,
512a95ef7d55a2c34b627263,,Qwen2.5-7B-Instruct,1,,decode,1200,16,,455.0625,,unspecified,2,,,,0.02475606096853124,202.09261999999998,,,raw_pruned,False,1210c606499874a286056e7e1b6af84dc9e6d2ffc691d3aeb200596d6365c69c,sha256:0da4d3e4d430f404f59944ee32c33062882bbcbb95d465c522501a3a192994d9,,,/home/pdblend4/results/2026-09-21/pdblend-optimization/profile-v2-parallel/pair-01/raw.json,d93b31022573e2052f7260c66b4fa8f44f40f69d43a05b9f7db3d679c146ccbd,samples/d-1200-256-16-r2.json,,
e2738a36e767c809ed789820,,Qwen2.5-7B-Instruct,1,,decode,1200,32,,431.53125,,unspecified,0,,,,0.028577086584908623,206.61333,,,raw_pruned,False,1210c606499874a286056e7e1b6af84dc9e6d2ffc691d3aeb200596d6365c69c,sha256:0da4d3e4d430f404f59944ee32c33062882bbcbb95d465c522501a3a192994d9,,,/home/pdblend4/results/2026-09-21/pdblend-optimization/profile-v2-parallel/pair-01/raw.json,d93b31022573e2052f7260c66b4fa8f44f40f69d43a05b9f7db3d679c146ccbd,samples/d-1200-256-32-r0.json,,
f14945a39996b7cc40a02062,,Qwen2.5-7B-Instruct,1,,decode,1200,32,,431.53125,,unspecified,1,,,,0.028572796412876675,206.47486,,,raw_pruned,False,1210c606499874a286056e7e1b6af84dc9e6d2ffc691d3aeb200596d6365c69c,sha256:0da4d3e4d430f404f59944ee32c33062882bbcbb95d465c522501a3a192994d9,,,/home/pdblend4/results/2026-09-21/pdblend-optimization/profile-v2-parallel/pair-01/raw.json,d93b31022573e2052f7260c66b4fa8f44f40f69d43a05b9f7db3d679c146ccbd,samples/d-1200-256-32-r1.json,,
69692d2af15cdd8bbdcade95,,Qwen2.5-7B-Instruct,1,,decode,1200,32,,431.53125,,unspecified,2,,,,0.028574770518711635,206.41927272727276,,,raw_pruned,False,1210c606499874a286056e7e1b6af84dc9e6d2ffc691d3aeb200596d6365c69c,sha256:0da4d3e4d430f404f59944ee32c33062882bbcbb95d465c522501a3a192994d9,,,/home/pdblend4/results/2026-09-21/pdblend-optimization/profile-v2-parallel/pair-01/raw.json,d93b31022573e2052f7260c66b4fa8f44f40f69d43a05b9f7db3d679c146ccbd,samples/d-1200-256-32-r2.json,,
b389d7f7f5dc72c4a2390486,,Qwen2.5-7B-Instruct,1,,decode,1200,64,,421.015625,,unspecified,0,,,,0.030677324423760723,218.88120999999998,,,raw_pruned,False,1210c606499874a286056e7e1b6af84dc9e6d2ffc691d3aeb200596d6365c69c,sha256:0da4d3e4d430f404f59944ee32c33062882bbcbb95d465c522501a3a192994d9,,,/home/pdblend4/results/2026-09-21/pdblend-optimization/profile-v2-parallel/pair-01/raw.json,d93b31022573e2052f7260c66b4fa8f44f40f69d43a05b9f7db3d679c146ccbd,samples/d-1200-256-64-r0.json,,
a36e4c5a2a4734e90a0ed701,,Qwen2.5-7B-Instruct,1,,decode,1200,64,,421.015625,,unspecified,1,,,,0.030676869526962563,219.01798,,,raw_pruned,False,1210c606499874a286056e7e1b6af84dc9e6d2ffc691d3aeb200596d6365c69c,sha256:0da4d3e4d430f404f59944ee32c33062882bbcbb95d465c522501a3a192994d9,,,/home/pdblend4/results/2026-09-21/pdblend-optimization/profile-v2-parallel/pair-01/raw.json,d93b31022573e2052f7260c66b4fa8f44f40f69d43a05b9f7db3d679c146ccbd,samples/d-1200-256-64-r1.json,,
86f04104f9bc52ad04397efa,,Qwen2.5-7B-Instruct,1,,decode,1200,64,,421.015625,,unspecified,2,,,,0.030681681779264672,219.23671717171717,,,raw_pruned,False,1210c606499874a286056e7e1b6af84dc9e6d2ffc691d3aeb200596d6365c69c,sha256:0da4d3e4d430f404f59944ee32c33062882bbcbb95d465c522501a3a192994d9,,,/home/pdblend4/results/2026-09-21/pdblend-optimization/profile-v2-parallel/pair-01/raw.json,d93b31022573e2052f7260c66b4fa8f44f40f69d43a05b9f7db3d679c146ccbd,samples/d-1200-256-64-r2.json,,
462e8930f85797fb8874e82c,,Qwen2.5-7B-Instruct,1,,decode,1200,128,,371.5078125,,unspecified,0,,,,0.046304693928471315,228.30042,,,raw_pruned,False,1210c606499874a286056e7e1b6af84dc9e6d2ffc691d3aeb200596d6365c69c,sha256:0da4d3e4d430f404f59944ee32c33062882bbcbb95d465c522501a3a192994d9,,,/home/pdblend4/results/2026-09-21/pdblend-optimization/profile-v2-parallel/pair-01/raw.json,d93b31022573e2052f7260c66b4fa8f44f40f69d43a05b9f7db3d679c146ccbd,samples/d-1200-256-128-r0.json,,
51bcd323eda15d74b994da83,,Qwen2.5-7B-Instruct,1,,decode,1200,128,,371.5078125,,unspecified,1,,,,0.046297545786257145,228.50112000000001,,,raw_pruned,False,1210c606499874a286056e7e1b6af84dc9e6d2ffc691d3aeb200596d6365c69c,sha256:0da4d3e4d430f404f59944ee32c33062882bbcbb95d465c522501a3a192994d9,,,/home/pdblend4/results/2026-09-21/pdblend-optimization/profile-v2-parallel/pair-01/raw.json,d93b31022573e2052f7260c66b4fa8f44f40f69d43a05b9f7db3d679c146ccbd,samples/d-1200-256-128-r1.json,,
6d343e5e78fc80aba0071ec9,,Qwen2.5-7B-Instruct,1,,decode,1200,128,,371.5078125,,unspecified,2,,,,0.046304656399620905,229.0360404040404,,,raw_pruned,False,1210c606499874a286056e7e1b6af84dc9e6d2ffc691d3aeb200596d6365c69c,sha256:0da4d3e4d430f404f59944ee32c33062882bbcbb95d465c522501a3a192994d9,,,/home/pdblend4/results/2026-09-21/pdblend-optimization/profile-v2-parallel/pair-01/raw.json,d93b31022573e2052f7260c66b4fa8f44f40f69d43a05b9f7db3d679c146ccbd,samples/d-1200-256-128-r2.json,,
e58759a8748ec5831977c9a7,,Qwen2.5-7B-Instruct,1,,decode,1200,256,,327.484375,,unspecified,0,,,,0.0892915768282754,215.47774,,,raw_pruned,False,1210c606499874a286056e7e1b6af84dc9e6d2ffc691d3aeb200596d6365c69c,sha256:0da4d3e4d430f404f59944ee32c33062882bbcbb95d465c522501a3a192994d9,,,/home/pdblend4/results/2026-09-21/pdblend-optimization/profile-v2-parallel/pair-01/raw.json,d93b31022573e2052f7260c66b4fa8f44f40f69d43a05b9f7db3d679c146ccbd,samples/d-1200-256-256-r0.json,,
3086302f98a36955db6dcdbc,,Qwen2.5-7B-Instruct,1,,decode,1200,256,,327.4765625,,unspecified,1,,,,0.08929938077926636,216.32525,,,raw_pruned,False,1210c606499874a286056e7e1b6af84dc9e6d2ffc691d3aeb200596d6365c69c,sha256:0da4d3e4d430f404f59944ee32c33062882bbcbb95d465c522501a3a192994d9,,,/home/pdblend4/results/2026-09-21/pdblend-optimization/profile-v2-parallel/pair-01/raw.json,d93b31022573e2052f7260c66b4fa8f44f40f69d43a05b9f7db3d679c146ccbd,samples/d-1200-256-256-r1.json,,
27a037f901bc1f70c27f8e05,,Qwen2.5-7B-Instruct,1,,decode,1200,256,,327.4765625,,unspecified,2,,,,0.08929462092263359,216.0907,,,raw_pruned,False,1210c606499874a286056e7e1b6af84dc9e6d2ffc691d3aeb200596d6365c69c,sha256:0da4d3e4d430f404f59944ee32c33062882bbcbb95d465c522501a3a192994d9,,,/home/pdblend4/results/2026-09-21/pdblend-optimization/profile-v2-parallel/pair-01/raw.json,d93b31022573e2052f7260c66b4fa8f44f40f69d43a05b9f7db3d679c146ccbd,samples/d-1200-256-256-r2.json,,
31168af086ff221bd3c886a1,,Qwen2.5-7B-Instruct,1,,decode,1200,1,,1250.5,,unspecified,0,,,,0.02146263183953936,209.76849494949494,,,raw_pruned,False,1210c606499874a286056e7e1b6af84dc9e6d2ffc691d3aeb200596d6365c69c,sha256:0da4d3e4d430f404f59944ee32c33062882bbcbb95d465c522501a3a192994d9,,,/home/pdblend4/results/2026-09-21/pdblend-optimization/profile-v2-parallel/pair-01/raw.json,d93b31022573e2052f7260c66b4fa8f44f40f69d43a05b9f7db3d679c146ccbd,samples/d-1200-1024-1-r0.json,,
2f9fde2e4ecaa1efd7d452e8,,Qwen2.5-7B-Instruct,1,,decode,1200,1,,1250.5,,unspecified,1,,,,0.021462390351193145,210.45644000000001,,,raw_pruned,False,1210c606499874a286056e7e1b6af84dc9e6d2ffc691d3aeb200596d6365c69c,sha256:0da4d3e4d430f404f59944ee32c33062882bbcbb95d465c522501a3a192994d9,,,/home/pdblend4/results/2026-09-21/pdblend-optimization/profile-v2-parallel/pair-01/raw.json,d93b31022573e2052f7260c66b4fa8f44f40f69d43a05b9f7db3d679c146ccbd,samples/d-1200-1024-1-r1.json,,
0d85431af39a09e0493686ba,,Qwen2.5-7B-Instruct,1,,decode,1200,1,,1250.5,,unspecified,2,,,,0.021463537420837665,210.29267,,,raw_pruned,False,1210c606499874a286056e7e1b6af84dc9e6d2ffc691d3aeb200596d6365c69c,sha256:0da4d3e4d430f404f59944ee32c33062882bbcbb95d465c522501a3a192994d9,,,/home/pdblend4/results/2026-09-21/pdblend-optimization/profile-v2-parallel/pair-01/raw.json,d93b31022573e2052f7260c66b4fa8f44f40f69d43a05b9f7db3d679c146ccbd,samples/d-1200-1024-1-r2.json,,
1e395d4c4c3c738a8f25ff71,,Qwen2.5-7B-Instruct,1,,decode,1200,4,,1227.75,,unspecified,0,,,,0.024156850317250126,193.27382,,,raw_pruned,False,1210c606499874a286056e7e1b6af84dc9e6d2ffc691d3aeb200596d6365c69c,sha256:0da4d3e4d430f404f59944ee32c33062882bbcbb95d465c522501a3a192994d9,,,/home/pdblend4/results/2026-09-21/pdblend-optimization/profile-v2-parallel/pair-01/raw.json,d93b31022573e2052f7260c66b4fa8f44f40f69d43a05b9f7db3d679c146ccbd,samples/d-1200-1024-4-r0.json,,
77e2d8cd1f456cce72d32e1b,,Qwen2.5-7B-Instruct,1,,decode,1200,4,,1227.75,,unspecified,1,,,,0.024159151574839718,192.96761999999998,,,raw_pruned,False,1210c606499874a286056e7e1b6af84dc9e6d2ffc691d3aeb200596d6365c69c,sha256:0da4d3e4d430f404f59944ee32c33062882bbcbb95d465c522501a3a192994d9,,,/home/pdblend4/results/2026-09-21/pdblend-optimization/profile-v2-parallel/pair-01/raw.json,d93b31022573e2052f7260c66b4fa8f44f40f69d43a05b9f7db3d679c146ccbd,samples/d-1200-1024-4-r1.json,,
f28d26f9c292ca5c68d049a4,,Qwen2.5-7B-Instruct,1,,decode,1200,4,,1227.75,,unspecified,2,,,,0.024161671670738627,193.01096,,,raw_pruned,False,1210c606499874a286056e7e1b6af84dc9e6d2ffc691d3aeb200596d6365c69c,sha256:0da4d3e4d430f404f59944ee32c33062882bbcbb95d465c522501a3a192994d9,,,/home/pdblend4/results/2026-09-21/pdblend-optimization/profile-v2-parallel/pair-01/raw.json,d93b31022573e2052f7260c66b4fa8f44f40f69d43a05b9f7db3d679c146ccbd,samples/d-1200-1024-4-r2.json,,
e635fb46c5f4334561b16678,,Qwen2.5-7B-Instruct,1,,decode,1200,8,,1222.25,,unspecified,0,,,,0.025001003742218017,196.91764,,,raw_pruned,False,1210c606499874a286056e7e1b6af84dc9e6d2ffc691d3aeb200596d6365c69c,sha256:0da4d3e4d430f404f59944ee32c33062882bbcbb95d465c522501a3a192994d9,,,/home/pdblend4/results/2026-09-21/pdblend-optimization/profile-v2-parallel/pair-01/raw.json,d93b31022573e2052f7260c66b4fa8f44f40f69d43a05b9f7db3d679c146ccbd,samples/d-1200-1024-8-r0.json,,
035b34c280e8f0c2d451709b,,Qwen2.5-7B-Instruct,1,,decode,1200,8,,1221.625,,unspecified,1,,,,0.02487873437985852,196.24968,,,raw_pruned,False,1210c606499874a286056e7e1b6af84dc9e6d2ffc691d3aeb200596d6365c69c,sha256:0da4d3e4d430f404f59944ee32c33062882bbcbb95d465c522501a3a192994d9,,,/home/pdblend4/results/2026-09-21/pdblend-optimization/profile-v2-parallel/pair-01/raw.json,d93b31022573e2052f7260c66b4fa8f44f40f69d43a05b9f7db3d679c146ccbd,samples/d-1200-1024-8-r1.json,,
291c5371c1e69395fb99e240,,Qwen2.5-7B-Instruct,1,,decode,1200,8,,1221.625,,unspecified,2,,,,0.024876180572889338,195.86731,,,raw_pruned,False,1210c606499874a286056e7e1b6af84dc9e6d2ffc691d3aeb200596d6365c69c,sha256:0da4d3e4d430f404f59944ee32c33062882bbcbb95d465c522501a3a192994d9,,,/home/pdblend4/results/2026-09-21/pdblend-optimization/profile-v2-parallel/pair-01/raw.json,d93b31022573e2052f7260c66b4fa8f44f40f69d43a05b9f7db3d679c146ccbd,samples/d-1200-1024-8-r2.json,,
5f843351e0b8ef5a4a19876e,,Qwen2.5-7B-Instruct,1,,decode,1200,16,,1214.5625,,unspecified,0,,,,0.026045087724924088,201.98266999999998,,,raw_pruned,False,1210c606499874a286056e7e1b6af84dc9e6d2ffc691d3aeb200596d6365c69c,sha256:0da4d3e4d430f404f59944ee32c33062882bbcbb95d465c522501a3a192994d9,,,/home/pdblend4/results/2026-09-21/pdblend-optimization/profile-v2-parallel/pair-01/raw.json,d93b31022573e2052f7260c66b4fa8f44f40f69d43a05b9f7db3d679c146ccbd,samples/d-1200-1024-16-r0.json,,
1a8a2eb6a0a00410f9d53510,,Qwen2.5-7B-Instruct,1,,decode,1200,16,,1214.5625,,unspecified,1,,,,0.026044510304927826,204.15330999999998,,,raw_pruned,False,1210c606499874a286056e7e1b6af84dc9e6d2ffc691d3aeb200596d6365c69c,sha256:0da4d3e4d430f404f59944ee32c33062882bbcbb95d465c522501a3a192994d9,,,/home/pdblend4/results/2026-09-21/pdblend-optimization/profile-v2-parallel/pair-01/raw.json,d93b31022573e2052f7260c66b4fa8f44f40f69d43a05b9f7db3d679c146ccbd,samples/d-1200-1024-16-r1.json,,
39fb273ab16b292bfc471db8,,Qwen2.5-7B-Instruct,1,,decode,1200,16,,1215.6875,,unspecified,2,,,,0.026045286407073338,204.4646,,,raw_pruned,False,1210c606499874a286056e7e1b6af84dc9e6d2ffc691d3aeb200596d6365c69c,sha256:0da4d3e4d430f404f59944ee32c33062882bbcbb95d465c522501a3a192994d9,,,/home/pdblend4/results/2026-09-21/pdblend-optimization/profile-v2-parallel/pair-01/raw.json,d93b31022573e2052f7260c66b4fa8f44f40f69d43a05b9f7db3d679c146ccbd,samples/d-1200-1024-16-r2.json,,
db23874ccf908a203108b559,,Qwen2.5-7B-Instruct,1,,decode,1200,32,,1188.03125,,unspecified,0,,,,0.031056623281159015,207.18967,,,raw_pruned,False,1210c606499874a286056e7e1b6af84dc9e6d2ffc691d3aeb200596d6365c69c,sha256:0da4d3e4d430f404f59944ee32c33062882bbcbb95d465c522501a3a192994d9,,,/home/pdblend4/results/2026-09-21/pdblend-optimization/profile-v2-parallel/pair-01/raw.json,d93b31022573e2052f7260c66b4fa8f44f40f69d43a05b9f7db3d679c146ccbd,samples/d-1200-1024-32-r0.json,,
664408cbb55756f0fce6ae45,,Qwen2.5-7B-Instruct,1,,decode,1200,32,,1188.03125,,unspecified,1,,,,0.03106353297737074,207.13512,,,raw_pruned,False,1210c606499874a286056e7e1b6af84dc9e6d2ffc691d3aeb200596d6365c69c,sha256:0da4d3e4d430f404f59944ee32c33062882bbcbb95d465c522501a3a192994d9,,,/home/pdblend4/results/2026-09-21/pdblend-optimization/profile-v2-parallel/pair-01/raw.json,d93b31022573e2052f7260c66b4fa8f44f40f69d43a05b9f7db3d679c146ccbd,samples/d-1200-1024-32-r1.json,,
ebede10a6d9f6a9cb82d1689,,Qwen2.5-7B-Instruct,1,,decode,1200,32,,1188.03125,,unspecified,2,,,,0.03105677580981521,207.09315999999998,,,raw_pruned,False,1210c606499874a286056e7e1b6af84dc9e6d2ffc691d3aeb200596d6365c69c,sha256:0da4d3e4d430f404f59944ee32c33062882bbcbb95d465c522501a3a192994d9,,,/home/pdblend4/results/2026-09-21/pdblend-optimization/profile-v2-parallel/pair-01/raw.json,d93b31022573e2052f7260c66b4fa8f44f40f69d43a05b9f7db3d679c146ccbd,samples/d-1200-1024-32-r2.json,,
f26e8788fe5dcbdb250ae190,,Qwen2.5-7B-Instruct,1,,decode,1200,64,,1173.015625,,unspecified,0,,,,0.034972179186094056,220.16742,,,raw_pruned,False,1210c606499874a286056e7e1b6af84dc9e6d2ffc691d3aeb200596d6365c69c,sha256:0da4d3e4d430f404f59944ee32c33062882bbcbb95d465c522501a3a192994d9,,,/home/pdblend4/results/2026-09-21/pdblend-optimization/profile-v2-parallel/pair-01/raw.json,d93b31022573e2052f7260c66b4fa8f44f40f69d43a05b9f7db3d679c146ccbd,samples/d-1200-1024-64-r0.json,,
2bc0024d8c599959a5df8f65,,Qwen2.5-7B-Instruct,1,,decode,1200,64,,1173.515625,,unspecified,1,,,,0.03521208024360764,219.93427,,,raw_pruned,False,1210c606499874a286056e7e1b6af84dc9e6d2ffc691d3aeb200596d6365c69c,sha256:0da4d3e4d430f404f59944ee32c33062882bbcbb95d465c522501a3a192994d9,,,/home/pdblend4/results/2026-09-21/pdblend-optimization/profile-v2-parallel/pair-01/raw.json,d93b31022573e2052f7260c66b4fa8f44f40f69d43a05b9f7db3d679c146ccbd,samples/d-1200-1024-64-r1.json,,
76da44af14d4f1f493a530bc,,Qwen2.5-7B-Instruct,1,,decode,1200,64,,1173.515625,,unspecified,2,,,,0.0352167545909613,219.50078000000002,,,raw_pruned,False,1210c606499874a286056e7e1b6af84dc9e6d2ffc691d3aeb200596d6365c69c,sha256:0da4d3e4d430f404f59944ee32c33062882bbcbb95d465c522501a3a192994d9,,,/home/pdblend4/results/2026-09-21/pdblend-optimization/profile-v2-parallel/pair-01/raw.json,d93b31022573e2052f7260c66b4fa8f44f40f69d43a05b9f7db3d679c146ccbd,samples/d-1200-1024-64-r2.json,,
1293cecfdc9da6c932c221bd,,Qwen2.5-7B-Instruct,1,,decode,1200,128,,1130.0078125,,unspecified,0,,,,0.05495221536238115,228.18534,,,raw_pruned,False,1210c606499874a286056e7e1b6af84dc9e6d2ffc691d3aeb200596d6365c69c,sha256:0da4d3e4d430f404f59944ee32c33062882bbcbb95d465c522501a3a192994d9,,,/home/pdblend4/results/2026-09-21/pdblend-optimization/profile-v2-parallel/pair-01/raw.json,d93b31022573e2052f7260c66b4fa8f44f40f69d43a05b9f7db3d679c146ccbd,samples/d-1200-1024-128-r0.json,,
89b5bff015dbb1f49beb3834,,Qwen2.5-7B-Instruct,1,,decode,1200,128,,1130.1328125,,unspecified,1,,,,0.05494683653443724,227.40573,,,raw_pruned,False,1210c606499874a286056e7e1b6af84dc9e6d2ffc691d3aeb200596d6365c69c,sha256:0da4d3e4d430f404f59944ee32c33062882bbcbb95d465c522501a3a192994d9,,,/home/pdblend4/results/2026-09-21/pdblend-optimization/profile-v2-parallel/pair-01/raw.json,d93b31022573e2052f7260c66b4fa8f44f40f69d43a05b9f7db3d679c146ccbd,samples/d-1200-1024-128-r1.json,,
74ada9479d3c18ec833f55cf,,Qwen2.5-7B-Instruct,1,,decode,1200,128,,1130.0078125,,unspecified,2,,,,0.05495261883997655,227.56378,,,raw_pruned,False,1210c606499874a286056e7e1b6af84dc9e6d2ffc691d3aeb200596d6365c69c,sha256:0da4d3e4d430f404f59944ee32c33062882bbcbb95d465c522501a3a192994d9,,,/home/pdblend4/results/2026-09-21/pdblend-optimization/profile-v2-parallel/pair-01/raw.json,d93b31022573e2052f7260c66b4fa8f44f40f69d43a05b9f7db3d679c146ccbd,samples/d-1200-1024-128-r2.json,,
5e133d9bde263fcc47e905a0,,Qwen2.5-7B-Instruct,1,,decode,1200,256,,1098.890625,,unspecified,0,,,,0.10638968995276918,216.71736,,,raw_pruned,False,1210c606499874a286056e7e1b6af84dc9e6d2ffc691d3aeb200596d6365c69c,sha256:0da4d3e4d430f404f59944ee32c33062882bbcbb95d465c522501a3a192994d9,,,/home/pdblend4/results/2026-09-21/pdblend-optimization/profile-v2-parallel/pair-01/raw.json,d93b31022573e2052f7260c66b4fa8f44f40f69d43a05b9f7db3d679c146ccbd,samples/d-1200-1024-256-r0.json,,
a078df5ed714afddba24aa4a,,Qwen2.5-7B-Instruct,1,,decode,1200,256,,1098.890625,,unspecified,1,,,,0.10639850129472449,217.93957999999998,,,raw_pruned,False,1210c606499874a286056e7e1b6af84dc9e6d2ffc691d3aeb200596d6365c69c,sha256:0da4d3e4d430f404f59944ee32c33062882bbcbb95d465c522501a3a192994d9,,,/home/pdblend4/results/2026-09-21/pdblend-optimization/profile-v2-parallel/pair-01/raw.json,d93b31022573e2052f7260c66b4fa8f44f40f69d43a05b9f7db3d679c146ccbd,samples/d-1200-1024-256-r1.json,,
7163524536e0628929dd603c,,Qwen2.5-7B-Instruct,1,,decode,1200,256,,1098.890625,,unspecified,2,,,,0.10640404579487253,217.90218000000002,,,raw_pruned,False,1210c606499874a286056e7e1b6af84dc9e6d2ffc691d3aeb200596d6365c69c,sha256:0da4d3e4d430f404f59944ee32c33062882bbcbb95d465c522501a3a192994d9,,,/home/pdblend4/results/2026-09-21/pdblend-optimization/profile-v2-parallel/pair-01/raw.json,d93b31022573e2052f7260c66b4fa8f44f40f69d43a05b9f7db3d679c146ccbd,samples/d-1200-1024-256-r2.json,,
38bb34546d4bf2eb0c984742,,Qwen2.5-7B-Instruct,1,,decode,1200,1,,4317.0,,unspecified,0,,,,0.022124472972566048,210.26839393939395,,,raw_pruned,False,1210c606499874a286056e7e1b6af84dc9e6d2ffc691d3aeb200596d6365c69c,sha256:0da4d3e4d430f404f59944ee32c33062882bbcbb95d465c522501a3a192994d9,,,/home/pdblend4/results/2026-09-21/pdblend-optimization/profile-v2-parallel/pair-01/raw.json,d93b31022573e2052f7260c66b4fa8f44f40f69d43a05b9f7db3d679c146ccbd,samples/d-1200-4096-1-r0.json,,
c29185cb0abb7fc5968a72d5,,Qwen2.5-7B-Instruct,1,,decode,1200,1,,4316.5,,unspecified,1,,,,0.022029208716842046,210.2780404040404,,,raw_pruned,False,1210c606499874a286056e7e1b6af84dc9e6d2ffc691d3aeb200596d6365c69c,sha256:0da4d3e4d430f404f59944ee32c33062882bbcbb95d465c522501a3a192994d9,,,/home/pdblend4/results/2026-09-21/pdblend-optimization/profile-v2-parallel/pair-01/raw.json,d93b31022573e2052f7260c66b4fa8f44f40f69d43a05b9f7db3d679c146ccbd,samples/d-1200-4096-1-r1.json,,
bdb77f49d799b037e0df7804,,Qwen2.5-7B-Instruct,1,,decode,1200,1,,4317.0,,unspecified,2,,,,0.02212472827033659,210.8770808080808,,,raw_pruned,False,1210c606499874a286056e7e1b6af84dc9e6d2ffc691d3aeb200596d6365c69c,sha256:0da4d3e4d430f404f59944ee32c33062882bbcbb95d465c522501a3a192994d9,,,/home/pdblend4/results/2026-09-21/pdblend-optimization/profile-v2-parallel/pair-01/raw.json,d93b31022573e2052f7260c66b4fa8f44f40f69d43a05b9f7db3d679c146ccbd,samples/d-1200-4096-1-r2.json,,
ddb291832291396dfa51d1d4,,Qwen2.5-7B-Instruct,1,,decode,1200,4,,4291.25,,unspecified,0,,,,0.025512847365165243,195.51375,,,raw_pruned,False,1210c606499874a286056e7e1b6af84dc9e6d2ffc691d3aeb200596d6365c69c,sha256:0da4d3e4d430f404f59944ee32c33062882bbcbb95d465c522501a3a192994d9,,,/home/pdblend4/results/2026-09-21/pdblend-optimization/profile-v2-parallel/pair-01/raw.json,d93b31022573e2052f7260c66b4fa8f44f40f69d43a05b9f7db3d679c146ccbd,samples/d-1200-4096-4-r0.json,,
aa0400b74d65882e9b70887b,,Qwen2.5-7B-Instruct,1,,decode,1200,4,,4290.25,,unspecified,1,,,,0.025643088267399715,193.55217171717172,,,raw_pruned,False,1210c606499874a286056e7e1b6af84dc9e6d2ffc691d3aeb200596d6365c69c,sha256:0da4d3e4d430f404f59944ee32c33062882bbcbb95d465c522501a3a192994d9,,,/home/pdblend4/results/2026-09-21/pdblend-optimization/profile-v2-parallel/pair-01/raw.json,d93b31022573e2052f7260c66b4fa8f44f40f69d43a05b9f7db3d679c146ccbd,samples/d-1200-4096-4-r1.json,,
af1ff3608019d6f7937bab2a,,Qwen2.5-7B-Instruct,1,,decode,1200,4,,4290.25,,unspecified,2,,,,0.02565030195774176,195.830101010101,,,raw_pruned,False,1210c606499874a286056e7e1b6af84dc9e6d2ffc691d3aeb200596d6365c69c,sha256:0da4d3e4d430f404f59944ee32c33062882bbcbb95d465c522501a3a192994d9,,,/home/pdblend4/results/2026-09-21/pdblend-optimization/profile-v2-parallel/pair-01/raw.json,d93b31022573e2052f7260c66b4fa8f44f40f69d43a05b9f7db3d679c146ccbd,samples/d-1200-4096-4-r2.json,,
967c4940328a2424b75e21be,,Qwen2.5-7B-Instruct,1,,decode,1200,8,,4279.625,,unspecified,0,,,,0.02718285762745401,199.46495959595958,,,raw_pruned,False,1210c606499874a286056e7e1b6af84dc9e6d2ffc691d3aeb200596d6365c69c,sha256:0da4d3e4d430f404f59944ee32c33062882bbcbb95d465c522501a3a192994d9,,,/home/pdblend4/results/2026-09-21/pdblend-optimization/profile-v2-parallel/pair-01/raw.json,d93b31022573e2052f7260c66b4fa8f44f40f69d43a05b9f7db3d679c146ccbd,samples/d-1200-4096-8-r0.json,,
44415926743bdd8b1d0ff547,,Qwen2.5-7B-Instruct,1,,decode,1200,8,,4279.625,,unspecified,1,,,,0.027175019616666046,199.2787,,,raw_pruned,False,1210c606499874a286056e7e1b6af84dc9e6d2ffc691d3aeb200596d6365c69c,sha256:0da4d3e4d430f404f59944ee32c33062882bbcbb95d465c522501a3a192994d9,,,/home/pdblend4/results/2026-09-21/pdblend-optimization/profile-v2-parallel/pair-01/raw.json,d93b31022573e2052f7260c66b4fa8f44f40f69d43a05b9f7db3d679c146ccbd,samples/d-1200-4096-8-r1.json,,
ad9f58cb20376bb689616dc2,,Qwen2.5-7B-Instruct,1,,decode,1200,8,,4280.125,,unspecified,2,,,,0.027174734550973644,199.14754000000002,,,raw_pruned,False,1210c606499874a286056e7e1b6af84dc9e6d2ffc691d3aeb200596d6365c69c,sha256:0da4d3e4d430f404f59944ee32c33062882bbcbb95d465c522501a3a192994d9,,,/home/pdblend4/results/2026-09-21/pdblend-optimization/profile-v2-parallel/pair-01/raw.json,d93b31022573e2052f7260c66b4fa8f44f40f69d43a05b9f7db3d679c146ccbd,samples/d-1200-4096-8-r2.json,,
bd7ac65ae69dea45ce056d30,,Qwen2.5-7B-Instruct,1,,decode,1200,16,,4263.5625,,unspecified,0,,,,0.030491517811286742,205.77218000000002,,,raw_pruned,False,1210c606499874a286056e7e1b6af84dc9e6d2ffc691d3aeb200596d6365c69c,sha256:0da4d3e4d430f404f59944ee32c33062882bbcbb95d465c522501a3a192994d9,,,/home/pdblend4/results/2026-09-21/pdblend-optimization/profile-v2-parallel/pair-01/raw.json,d93b31022573e2052f7260c66b4fa8f44f40f69d43a05b9f7db3d679c146ccbd,samples/d-1200-4096-16-r0.json,,
1f6a122727db04bff05846a7,,Qwen2.5-7B-Instruct,1,,decode,1200,16,,4263.625,,unspecified,1,,,,0.03048961046265393,206.33872,,,raw_pruned,False,1210c606499874a286056e7e1b6af84dc9e6d2ffc691d3aeb200596d6365c69c,sha256:0da4d3e4d430f404f59944ee32c33062882bbcbb95d465c522501a3a192994d9,,,/home/pdblend4/results/2026-09-21/pdblend-optimization/profile-v2-parallel/pair-01/raw.json,d93b31022573e2052f7260c66b4fa8f44f40f69d43a05b9f7db3d679c146ccbd,samples/d-1200-4096-16-r1.json,,
9ca74b5f3395285e845d9747,,Qwen2.5-7B-Instruct,1,,decode,1200,16,,4263.5625,,unspecified,2,,,,0.030492193815184802,205.7366,,,raw_pruned,False,1210c606499874a286056e7e1b6af84dc9e6d2ffc691d3aeb200596d6365c69c,sha256:0da4d3e4d430f404f59944ee32c33062882bbcbb95d465c522501a3a192994d9,,,/home/pdblend4/results/2026-09-21/pdblend-optimization/profile-v2-parallel/pair-01/raw.json,d93b31022573e2052f7260c66b4fa8f44f40f69d43a05b9f7db3d679c146ccbd,samples/d-1200-4096-16-r2.json,,
5d92449e7faf2cb7305352be,,Qwen2.5-7B-Instruct,1,,decode,1200,32,,4233.53125,,unspecified,0,,,,0.039684923868330696,210.91114000000002,,,raw_pruned,False,1210c606499874a286056e7e1b6af84dc9e6d2ffc691d3aeb200596d6365c69c,sha256:0da4d3e4d430f404f59944ee32c33062882bbcbb95d465c522501a3a192994d9,,,/home/pdblend4/results/2026-09-21/pdblend-optimization/profile-v2-parallel/pair-01/raw.json,d93b31022573e2052f7260c66b4fa8f44f40f69d43a05b9f7db3d679c146ccbd,samples/d-1200-4096-32-r0.json,,
ca35cf232149fb538b512382,,Qwen2.5-7B-Instruct,1,,decode,1200,32,,4234.03125,,unspecified,1,,,,0.03968584726727198,210.8589595959596,,,raw_pruned,False,1210c606499874a286056e7e1b6af84dc9e6d2ffc691d3aeb200596d6365c69c,sha256:0da4d3e4d430f404f59944ee32c33062882bbcbb95d465c522501a3a192994d9,,,/home/pdblend4/results/2026-09-21/pdblend-optimization/profile-v2-parallel/pair-01/raw.json,d93b31022573e2052f7260c66b4fa8f44f40f69d43a05b9f7db3d679c146ccbd,samples/d-1200-4096-32-r1.json,,
d57006440452e029910b2367,,Qwen2.5-7B-Instruct,1,,decode,1200,32,,4234.03125,,unspecified,2,,,,0.03937856982073446,210.71957999999998,,,raw_pruned,False,1210c606499874a286056e7e1b6af84dc9e6d2ffc691d3aeb200596d6365c69c,sha256:0da4d3e4d430f404f59944ee32c33062882bbcbb95d465c522501a3a192994d9,,,/home/pdblend4/results/2026-09-21/pdblend-optimization/profile-v2-parallel/pair-01/raw.json,d93b31022573e2052f7260c66b4fa8f44f40f69d43a05b9f7db3d679c146ccbd,samples/d-1200-4096-32-r2.json,,
02b9cce710c84ac12211464f,,Qwen2.5-7B-Instruct,1,,decode,1200,64,,4213.515625,,unspecified,0,,,,0.053206007531348694,220.25628,,,raw_pruned,False,1210c606499874a286056e7e1b6af84dc9e6d2ffc691d3aeb200596d6365c69c,sha256:0da4d3e4d430f404f59944ee32c33062882bbcbb95d465c522501a3a192994d9,,,/home/pdblend4/results/2026-09-21/pdblend-optimization/profile-v2-parallel/pair-01/raw.json,d93b31022573e2052f7260c66b4fa8f44f40f69d43a05b9f7db3d679c146ccbd,samples/d-1200-4096-64-r0.json,,
86be1d0361c30359a1c00b39,,Qwen2.5-7B-Instruct,1,,decode,1200,64,,4213.515625,,unspecified,1,,,,0.05320983998318936,220.22992,,,raw_pruned,False,1210c606499874a286056e7e1b6af84dc9e6d2ffc691d3aeb200596d6365c69c,sha256:0da4d3e4d430f404f59944ee32c33062882bbcbb95d465c522501a3a192994d9,,,/home/pdblend4/results/2026-09-21/pdblend-optimization/profile-v2-parallel/pair-01/raw.json,d93b31022573e2052f7260c66b4fa8f44f40f69d43a05b9f7db3d679c146ccbd,samples/d-1200-4096-64-r1.json,,
011fcb5f59d5c370721a85ea,,Qwen2.5-7B-Instruct,1,,decode,1200,64,,4213.515625,,unspecified,2,,,,0.05320051883129363,220.38413,,,raw_pruned,False,1210c606499874a286056e7e1b6af84dc9e6d2ffc691d3aeb200596d6365c69c,sha256:0da4d3e4d430f404f59944ee32c33062882bbcbb95d465c522501a3a192994d9,,,/home/pdblend4/results/2026-09-21/pdblend-optimization/profile-v2-parallel/pair-01/raw.json,d93b31022573e2052f7260c66b4fa8f44f40f69d43a05b9f7db3d679c146ccbd,samples/d-1200-4096-64-r2.json,,
23cf4b1539936d3310664d19,,Qwen2.5-7B-Instruct,1,,transfer,,,512,,,unspecified,,3,,,,,,,raw_pruned,False,1210c606499874a286056e7e1b6af84dc9e6d2ffc691d3aeb200596d6365c69c,sha256:0da4d3e4d430f404f59944ee32c33062882bbcbb95d465c522501a3a192994d9,,,/home/pdblend4/results/2026-09-21/pdblend-optimization/profile-v2-parallel/pair-01/raw.json,d93b31022573e2052f7260c66b4fa8f44f40f69d43a05b9f7db3d679c146ccbd,,,
d378037f0b55b1b3bfaec14d,,Qwen2.5-7B-Instruct,1,,transfer,,,2048,,,unspecified,,3,,,,,,,raw_pruned,False,1210c606499874a286056e7e1b6af84dc9e6d2ffc691d3aeb200596d6365c69c,sha256:0da4d3e4d430f404f59944ee32c33062882bbcbb95d465c522501a3a192994d9,,,/home/pdblend4/results/2026-09-21/pdblend-optimization/profile-v2-parallel/pair-01/raw.json,d93b31022573e2052f7260c66b4fa8f44f40f69d43a05b9f7db3d679c146ccbd,,,
6a9e635cf7d11b42c0731980,,Qwen2.5-7B-Instruct,1,,transfer,,,7168,,,unspecified,,3,,,,,,,raw_pruned,False,1210c606499874a286056e7e1b6af84dc9e6d2ffc691d3aeb200596d6365c69c,sha256:0da4d3e4d430f404f59944ee32c33062882bbcbb95d465c522501a3a192994d9,,,/home/pdblend4/results/2026-09-21/pdblend-optimization/profile-v2-parallel/pair-01/raw.json,d93b31022573e2052f7260c66b4fa8f44f40f69d43a05b9f7db3d679c146ccbd,,,
61411c82a32e02ff8cbd4dbd,,Qwen2.5-7B-Instruct,1,,prefill,900,,128,,,unspecified,,40,0.051035523414611816,,,169.63182431113285,,,raw_pruned,False,40632fa00c094559040e6d505317fb58881db8f3c0c6426798e887fed6608b80,sha256:0da4d3e4d430f404f59944ee32c33062882bbcbb95d465c522501a3a192994d9,,,/home/pdblend4/results/2026-09-21/pdblend-optimization/profile-v2b/raw.json,ebce83eb9244c71e2eba2d972a1753d07e35eda0ca90432884c8f42bd5b1c7b9,,,
36a4b725bbdaedcc094cb35b,,Qwen2.5-7B-Instruct,1,,prefill,900,,512,,,unspecified,,12,0.17842328548431396,,,182.21252856680562,,,raw_pruned,False,40632fa00c094559040e6d505317fb58881db8f3c0c6426798e887fed6608b80,sha256:0da4d3e4d430f404f59944ee32c33062882bbcbb95d465c522501a3a192994d9,,,/home/pdblend4/results/2026-09-21/pdblend-optimization/profile-v2b/raw.json,ebce83eb9244c71e2eba2d972a1753d07e35eda0ca90432884c8f42bd5b1c7b9,,,
e850e1bdd20749383e877c16,,Qwen2.5-7B-Instruct,1,,prefill,900,,1024,,,unspecified,,6,0.3515056371688843,,,166.27537643801847,,,raw_pruned,False,40632fa00c094559040e6d505317fb58881db8f3c0c6426798e887fed6608b80,sha256:0da4d3e4d430f404f59944ee32c33062882bbcbb95d465c522501a3a192994d9,,,/home/pdblend4/results/2026-09-21/pdblend-optimization/profile-v2b/raw.json,ebce83eb9244c71e2eba2d972a1753d07e35eda0ca90432884c8f42bd5b1c7b9,,,
73b18587d81555c7d2fb45e8,,Qwen2.5-7B-Instruct,1,,prefill,900,,2048,,,unspecified,,3,0.6973752975463867,,,160.70698794427724,,,raw_pruned,False,40632fa00c094559040e6d505317fb58881db8f3c0c6426798e887fed6608b80,sha256:0da4d3e4d430f404f59944ee32c33062882bbcbb95d465c522501a3a192994d9,,,/home/pdblend4/results/2026-09-21/pdblend-optimization/profile-v2b/raw.json,ebce83eb9244c71e2eba2d972a1753d07e35eda0ca90432884c8f42bd5b1c7b9,,,
1f00a3126eaeed9d6005e24a,,Qwen2.5-7B-Instruct,1,,prefill,900,,4096,,,unspecified,,3,1.430840015411377,,,154.7607208933033,,,raw_pruned,False,40632fa00c094559040e6d505317fb58881db8f3c0c6426798e887fed6608b80,sha256:0da4d3e4d430f404f59944ee32c33062882bbcbb95d465c522501a3a192994d9,,,/home/pdblend4/results/2026-09-21/pdblend-optimization/profile-v2b/raw.json,ebce83eb9244c71e2eba2d972a1753d07e35eda0ca90432884c8f42bd5b1c7b9,,,
e88f5e8e25751c45fcac18d5,,Qwen2.5-7B-Instruct,1,,prefill,900,,7168,,,unspecified,,3,2.6262147426605225,,,157.18933110660447,,,raw_pruned,False,40632fa00c094559040e6d505317fb58881db8f3c0c6426798e887fed6608b80,sha256:0da4d3e4d430f404f59944ee32c33062882bbcbb95d465c522501a3a192994d9,,,/home/pdblend4/results/2026-09-21/pdblend-optimization/profile-v2b/raw.json,ebce83eb9244c71e2eba2d972a1753d07e35eda0ca90432884c8f42bd5b1c7b9,,,
060a5971a0d5a9990dd54832,,Qwen2.5-7B-Instruct,1,,prefill,1200,,128,,,unspecified,,50,0.04027724266052246,,,200.93739075046403,,,raw_pruned,False,40632fa00c094559040e6d505317fb58881db8f3c0c6426798e887fed6608b80,sha256:0da4d3e4d430f404f59944ee32c33062882bbcbb95d465c522501a3a192994d9,,,/home/pdblend4/results/2026-09-21/pdblend-optimization/profile-v2b/raw.json,ebce83eb9244c71e2eba2d972a1753d07e35eda0ca90432884c8f42bd5b1c7b9,,,
586f8b03c08c54525830d758,,Qwen2.5-7B-Instruct,1,,prefill,1200,,512,,,unspecified,,15,0.13604354858398438,,,210.42466887742563,,,raw_pruned,False,40632fa00c094559040e6d505317fb58881db8f3c0c6426798e887fed6608b80,sha256:0da4d3e4d430f404f59944ee32c33062882bbcbb95d465c522501a3a192994d9,,,/home/pdblend4/results/2026-09-21/pdblend-optimization/profile-v2b/raw.json,ebce83eb9244c71e2eba2d972a1753d07e35eda0ca90432884c8f42bd5b1c7b9,,,
875f2d4705bfed239de15e9b,,Qwen2.5-7B-Instruct,1,,prefill,1200,,1024,,,unspecified,,8,0.2665046453475952,,,199.29164779158822,,,raw_pruned,False,40632fa00c094559040e6d505317fb58881db8f3c0c6426798e887fed6608b80,sha256:0da4d3e4d430f404f59944ee32c33062882bbcbb95d465c522501a3a192994d9,,,/home/pdblend4/results/2026-09-21/pdblend-optimization/profile-v2b/raw.json,ebce83eb9244c71e2eba2d972a1753d07e35eda0ca90432884c8f42bd5b1c7b9,,,
ab49782aeb23ffe95e042585,,Qwen2.5-7B-Instruct,1,,prefill,1200,,2048,,,unspecified,,4,0.5289008617401123,,,189.99386504658005,,,raw_pruned,False,40632fa00c094559040e6d505317fb58881db8f3c0c6426798e887fed6608b80,sha256:0da4d3e4d430f404f59944ee32c33062882bbcbb95d465c522501a3a192994d9,,,/home/pdblend4/results/2026-09-21/pdblend-optimization/profile-v2b/raw.json,ebce83eb9244c71e2eba2d972a1753d07e35eda0ca90432884c8f42bd5b1c7b9,,,
d0cdee42023435e82ba42812,,Qwen2.5-7B-Instruct,1,,prefill,1200,,4096,,,unspecified,,3,1.0826666355133057,,,184.1039717137959,,,raw_pruned,False,40632fa00c094559040e6d505317fb58881db8f3c0c6426798e887fed6608b80,sha256:0da4d3e4d430f404f59944ee32c33062882bbcbb95d465c522501a3a192994d9,,,/home/pdblend4/results/2026-09-21/pdblend-optimization/profile-v2b/raw.json,ebce83eb9244c71e2eba2d972a1753d07e35eda0ca90432884c8f42bd5b1c7b9,,,
53c202baf413e1bb412e5523,,Qwen2.5-7B-Instruct,1,,prefill,1200,,7168,,,unspecified,,3,1.9871776103973389,,,187.10500090213858,,,raw_pruned,False,40632fa00c094559040e6d505317fb58881db8f3c0c6426798e887fed6608b80,sha256:0da4d3e4d430f404f59944ee32c33062882bbcbb95d465c522501a3a192994d9,,,/home/pdblend4/results/2026-09-21/pdblend-optimization/profile-v2b/raw.json,ebce83eb9244c71e2eba2d972a1753d07e35eda0ca90432884c8f42bd5b1c7b9,,,
